user_id,payment_reuse_count,ip_reuse_count,ip_subnet_reuse_count,device_reuse_count,device_signups_last_hour,payment_signups_last_24h,device_signups_last_24h,subnet_signups_last_24h,name_similarity_score,is_disposable_email_domain,is_free_email_domain,email_local_has_digits,email_local_has_plus_tag,payment_ip_country_mismatch,payment_ip_country_mismatch.1,graph_component_size,attrs_reused_count,signup_hour,signup_hour.1,is_odd_hour,area_freq,device_os_freq,is_repeat_user
u_1656,0,0,0,0,0,0,0,0,0.889,0,1,0,0,0,0,1,1,13,13,0,0.0755776290218095,0.1993090045346577,0
u_1553,0,0,0,0,0,0,0,0,0.952,0,1,0,0,1,1,1,1,10,10,0,0.0736342042755344,0.1994169725761174,0
u_8793,0,0,0,0,0,0,0,0,0.778,0,1,0,0,0,0,1,0,12,12,0,0.0712589073634204,0.1994169725761174,1
u_2470,0,0,0,0,0,0,0,0,0.8,0,0,0,0,0,0,1,0,2,2,1,0.0709350032390412,0.2020082055711509,0
u_7032,0,1,2,0,0,0,0,2,0.857,0,1,0,0,0,0,4,2,6,6,0,0.0739581083999136,0.2020082055711509,1
u_1453,0,0,0,0,0,0,0,0,0.714,0,1,0,0,0,0,1,0,2,2,1,0.0736342042755344,0.1976894839127618,0
u_6563,1,0,1,1,0,1,1,1,0.625,1,0,1,0,0,0,3,3,20,20,0,0.071798747570719,0.1976894839127618,1
u_4457,0,0,0,0,0,0,0,0,0.667,0,1,1,0,1,1,1,0,9,9,0,0.0739581083999136,0.1993090045346577,0
u_4689,0,0,0,0,0,0,0,0,0.769,0,0,0,0,0,0,1,0,7,7,0,0.0643489527099978,0.1976894839127618,0
u_2716,0,0,0,0,0,0,0,0,0.909,0,1,0,0,0,0,1,1,7,7,0,0.0684517382854675,0.201576333405312,0
u_3033,0,0,0,0,0,0,0,0,1.0,0,1,0,0,0,0,1,1,6,6,0,0.0712589073634204,0.1993090045346577,0
u_3399,0,0,0,0,0,0,0,0,0.857,0,0,0,0,0,0,1,1,22,22,0,0.0739581083999136,0.1976894839127618,0
u_7175,0,0,0,0,0,0,0,0,0.7,1,0,1,1,0,0,1,0,0,0,1,0.0674800259123299,0.2020082055711509,1
u_7001,1,0,2,1,0,1,1,2,0.947,0,1,1,0,0,0,5,4,19,19,0,0.0739581083999136,0.1994169725761174,1
u_5712,0,0,0,0,0,0,0,0,1.0,0,0,0,0,0,0,1,1,14,14,0,0.0712589073634204,0.1994169725761174,0
u_2737,0,0,0,0,0,0,0,0,0.824,0,1,0,0,0,0,1,0,14,14,0,0.0712589073634204,0.1994169725761174,0
u_309,0,0,0,0,0,0,0,0,0.7,0,1,1,0,0,0,1,0,13,13,0,0.0730943640682358,0.1976894839127618,0
u_269,0,0,0,0,0,0,0,0,0.762,0,1,1,0,0,0,1,0,19,19,0,0.0681278341610883,0.201576333405312,0
u_1983,0,0,0,0,0,0,0,0,0.7,0,1,1,0,0,0,1,0,3,3,1,0.0755776290218095,0.2020082055711509,0
u_2727,0,0,0,0,0,0,0,0,0.762,0,1,0,0,0,0,1,0,19,19,0,0.0750377888145109,0.201576333405312,0
u_9014,3,1,3,2,0,3,2,3,1.0,0,0,1,1,0,0,4,4,19,19,0,0.0723385877780177,0.1993090045346577,1
u_7560,0,0,0,0,0,0,0,0,0.727,0,0,0,0,0,0,1,0,20,20,0,0.0723385877780177,0.201576333405312,1
u_1533,0,0,0,0,0,0,0,0,0.75,0,1,0,0,0,0,1,0,13,13,0,0.0681278341610883,0.1993090045346577,0
u_7325,3,0,3,0,0,3,0,3,0.857,0,1,0,0,0,0,4,3,6,6,0,0.0709350032390412,0.1976894839127618,1
u_2982,0,0,0,0,0,0,0,0,0.7,0,1,1,0,0,0,1,0,19,19,0,0.0750377888145109,0.2020082055711509,0
u_6131,0,0,0,0,0,0,0,0,0.706,0,1,0,0,0,0,1,0,17,17,0,0.0643489527099978,0.201576333405312,0
u_7226,1,1,2,1,0,1,1,2,0.947,0,1,1,0,0,0,5,4,18,18,0,0.0712589073634204,0.201576333405312,1
u_6241,0,0,0,0,0,0,0,0,0.75,0,1,0,0,0,0,1,0,16,16,0,0.071798747570719,0.201576333405312,0
u_782,0,0,0,0,0,0,0,0,0.7,0,0,0,0,0,0,1,0,11,11,0,0.0684517382854675,0.1993090045346577,0
u_2678,0,0,0,0,0,0,0,0,0.759,0,1,1,0,1,1,1,0,7,7,0,0.0709350032390412,0.1994169725761174,0
u_5998,0,0,0,0,0,0,0,0,1.0,0,1,0,0,0,0,1,1,22,22,0,0.0730943640682358,0.201576333405312,0
u_8384,1,0,3,2,0,1,2,3,1.0,0,0,1,1,0,0,6,4,23,23,0,0.0739581083999136,0.201576333405312,1
u_4901,0,0,0,0,0,0,0,0,0.75,0,1,0,0,0,0,1,0,13,13,0,0.0681278341610883,0.2020082055711509,0
u_3765,0,0,0,0,0,0,0,0,0.75,0,1,0,0,0,0,1,0,5,5,1,0.0723385877780177,0.2020082055711509,0
u_7186,0,0,1,0,0,0,0,1,0.625,0,0,1,1,0,0,3,1,12,12,0,0.0736342042755344,0.1976894839127618,1
u_17,0,0,0,0,0,0,0,0,0.762,0,0,0,0,0,0,1,0,10,10,0,0.0739581083999136,0.1994169725761174,0
u_3231,0,0,0,0,0,0,0,0,0.75,0,0,0,0,0,0,1,0,20,20,0,0.0674800259123299,0.1976894839127618,0
u_1321,0,0,0,0,0,0,0,0,0.762,0,1,0,0,0,0,1,0,17,17,0,0.0739581083999136,0.1994169725761174,0
u_7048,0,0,0,0,0,0,0,0,0.737,0,1,1,1,0,0,1,0,4,4,1,0.0712589073634204,0.1994169725761174,1
u_6849,0,1,2,1,1,0,1,2,1.0,1,0,0,0,0,0,4,3,2,2,1,0.0681278341610883,0.1993090045346577,1
u_4857,0,0,0,0,0,0,0,0,0.87,0,1,1,0,0,0,1,1,18,18,0,0.0643489527099978,0.1976894839127618,0
u_8422,0,0,0,0,0,0,0,0,0.8,0,0,0,0,0,0,1,0,2,2,1,0.0739581083999136,0.1994169725761174,1
u_5575,0,0,0,0,0,0,0,0,0.8,0,1,1,0,0,0,1,0,2,2,1,0.0730943640682358,0.1993090045346577,0
u_8031,0,0,0,0,0,0,0,0,0.778,1,0,1,1,0,0,1,0,21,21,0,0.0730943640682358,0.2020082055711509,1
u_1613,0,0,0,0,0,0,0,0,1.0,0,1,0,0,0,0,1,1,5,5,1,0.0739581083999136,0.1976894839127618,0
u_6791,3,0,4,0,0,3,0,4,1.0,0,1,1,1,0,0,5,3,5,5,1,0.0723385877780177,0.1976894839127618,1
u_7081,0,0,0,0,0,0,0,0,0.875,1,0,0,0,0,0,1,1,23,23,0,0.0736342042755344,0.1993090045346577,1
u_3471,0,0,0,0,0,0,0,0,1.0,0,1,1,0,0,0,1,1,17,17,0,0.0674800259123299,0.2020082055711509,0
u_775,0,0,0,0,0,0,0,0,0.727,0,0,0,0,0,0,1,0,14,14,0,0.0736342042755344,0.1976894839127618,0
u_5624,0,0,0,0,0,0,0,0,0.8,0,1,1,0,0,0,1,0,17,17,0,0.0643489527099978,0.201576333405312,0
u_4428,0,0,0,0,0,0,0,0,0.818,0,1,0,0,0,0,1,0,13,13,0,0.0739581083999136,0.1976894839127618,0
u_3271,0,0,0,0,0,0,0,0,0.7,0,1,0,0,0,0,1,0,18,18,0,0.0709350032390412,0.1993090045346577,0
u_4936,0,0,0,0,0,0,0,0,0.8,0,1,0,0,0,0,1,0,0,0,1,0.0643489527099978,0.2020082055711509,0
u_6700,1,1,1,0,0,1,0,1,0.8,0,1,1,1,0,0,3,2,15,15,0,0.0674800259123299,0.1993090045346577,1
u_5074,0,0,0,0,0,0,0,0,0.762,0,1,1,0,0,0,1,0,2,2,1,0.0674800259123299,0.1994169725761174,0
u_3560,0,0,0,0,0,0,0,0,0.8,0,1,1,0,0,0,1,0,5,5,1,0.0739581083999136,0.1994169725761174,0
u_1540,0,0,0,0,0,0,0,0,0.667,0,1,1,0,0,0,1,0,16,16,0,0.0723385877780177,0.1976894839127618,0
u_4657,0,0,0,0,0,0,0,0,0.696,0,1,0,0,0,0,1,0,17,17,0,0.0684517382854675,0.1993090045346577,0
u_2795,0,0,0,0,0,0,0,0,0.769,0,1,0,0,0,0,1,0,9,9,0,0.0712589073634204,0.2020082055711509,0
u_5872,0,0,0,0,0,0,0,0,0.769,0,0,1,0,0,0,1,0,18,18,0,0.0739581083999136,0.1994169725761174,0
u_726,0,0,0,0,0,0,0,0,0.783,0,0,0,0,0,0,1,0,19,19,0,0.0739581083999136,0.201576333405312,0
u_8996,0,0,0,0,0,0,0,0,0.833,0,1,0,0,0,0,1,0,5,5,1,0.0730943640682358,0.1976894839127618,1
u_7691,0,2,5,0,0,0,0,5,0.957,0,1,0,0,0,0,5,2,3,3,1,0.071798747570719,0.1993090045346577,1
u_1093,0,0,0,0,0,0,0,0,0.842,0,0,0,0,0,0,1,0,10,10,0,0.0750377888145109,0.1994169725761174,0
u_301,0,0,0,0,0,0,0,0,0.786,0,1,0,0,0,0,1,0,14,14,0,0.0750377888145109,0.1976894839127618,0
u_3211,0,0,0,0,0,0,0,0,0.714,0,1,1,0,0,0,1,0,14,14,0,0.0739581083999136,0.1993090045346577,0
u_5616,0,0,0,0,0,0,0,0,0.75,0,0,0,0,0,0,1,0,16,16,0,0.071798747570719,0.201576333405312,0
u_6893,0,0,0,0,0,0,0,0,0.696,1,0,1,1,0,0,1,0,15,15,0,0.0736342042755344,0.201576333405312,1
u_4369,0,0,0,0,0,0,0,0,0.783,0,0,0,0,0,0,1,0,19,19,0,0.0750377888145109,0.1993090045346577,0
u_1477,0,0,0,0,0,0,0,0,0.842,0,1,0,0,0,0,1,0,13,13,0,0.0709350032390412,0.1994169725761174,0
u_5732,0,0,0,0,0,0,0,0,0.759,0,1,1,0,0,0,1,0,8,8,0,0.0739581083999136,0.1994169725761174,0
u_4610,0,0,0,0,0,0,0,0,0.824,0,1,1,0,0,0,1,0,8,8,0,0.0643489527099978,0.1993090045346577,0
u_8256,0,0,0,0,0,0,0,0,0.8,1,0,1,1,1,1,1,0,0,0,1,0.0723385877780177,0.2020082055711509,1
u_5066,0,0,0,0,0,0,0,0,0.783,0,0,0,0,0,0,1,0,10,10,0,0.0755776290218095,0.1976894839127618,0
u_1904,0,0,0,0,0,0,0,0,0.75,0,1,0,0,0,0,1,0,16,16,0,0.0684517382854675,0.201576333405312,0
u_6807,4,2,5,0,0,4,0,5,1.0,1,0,1,1,0,0,6,3,0,0,1,0.0750377888145109,0.1993090045346577,1
u_2915,0,0,0,0,0,0,0,0,0.75,0,1,0,0,0,0,1,0,23,23,0,0.0684517382854675,0.1994169725761174,0
u_5231,0,0,0,0,0,0,0,0,0.952,0,1,0,0,1,1,1,1,4,4,1,0.0674800259123299,0.1993090045346577,0
u_61,0,0,0,0,0,0,0,0,0.692,0,0,0,0,0,0,1,0,11,11,0,0.0712589073634204,0.2020082055711509,0
u_7024,2,1,2,0,0,2,0,2,0.737,1,0,1,1,0,0,4,2,16,16,0,0.0739581083999136,0.1976894839127618,1
u_1357,0,0,0,0,0,0,0,0,0.783,0,0,1,0,0,0,1,0,18,18,0,0.0750377888145109,0.201576333405312,0
u_6765,0,0,1,1,0,0,1,1,0.875,0,1,1,1,0,0,3,3,18,18,0,0.0736342042755344,0.1976894839127618,1
u_8109,0,0,0,0,0,0,0,0,0.842,0,1,1,1,0,0,1,0,1,1,1,0.0684517382854675,0.1976894839127618,1
u_3315,0,0,0,0,0,0,0,0,0.737,0,1,0,0,0,0,1,0,11,11,0,0.0755776290218095,0.1976894839127618,0
u_4850,0,0,0,0,0,0,0,0,0.833,0,1,0,0,0,0,1,0,22,22,0,0.0736342042755344,0.201576333405312,0
u_3009,0,0,0,0,0,0,0,0,0.842,0,0,0,0,0,0,1,0,20,20,0,0.0723385877780177,0.1994169725761174,0
u_2851,0,0,0,0,0,0,0,0,0.933,0,0,0,0,0,0,1,1,14,14,0,0.0736342042755344,0.1993090045346577,0
u_7812,3,0,3,2,0,3,2,3,1.0,0,1,1,0,0,0,4,4,17,17,0,0.0755776290218095,0.2020082055711509,1
u_357,0,0,0,0,0,0,0,0,0.769,0,1,0,0,0,0,1,0,9,9,0,0.0681278341610883,0.2020082055711509,0
u_989,0,0,0,0,0,0,0,0,0.815,0,0,0,0,0,0,1,0,2,2,1,0.0712589073634204,0.1994169725761174,0
u_6943,0,1,2,2,2,0,2,2,1.0,0,1,0,0,0,0,3,3,23,23,0,0.0643489527099978,0.1976894839127618,1
u_8824,2,0,2,1,0,2,1,2,1.0,1,0,1,1,0,0,4,4,21,21,0,0.0755776290218095,0.201576333405312,1
u_360,0,0,0,0,0,0,0,0,1.0,0,0,0,0,0,0,1,1,16,16,0,0.0739581083999136,0.201576333405312,0
u_6078,0,0,0,0,0,0,0,0,0.947,0,0,1,0,0,0,1,1,7,7,0,0.0684517382854675,0.2020082055711509,0
u_1420,0,0,0,0,0,0,0,0,0.769,0,0,0,0,0,0,1,0,8,8,0,0.0750377888145109,0.1976894839127618,0
u_1762,0,0,0,0,0,0,0,0,0.783,0,1,0,0,0,0,1,0,15,15,0,0.0739581083999136,0.1994169725761174,0
u_5366,0,0,0,0,0,0,0,0,0.7,0,1,0,0,1,1,1,0,22,22,0,0.0755776290218095,0.1976894839127618,0
u_5029,0,0,0,0,0,0,0,0,0.72,0,1,0,0,0,0,1,0,16,16,0,0.0739581083999136,0.2020082055711509,0
u_2555,0,0,0,0,0,0,0,0,0.75,0,1,1,0,0,0,1,0,1,1,1,0.0755776290218095,0.1993090045346577,0
u_9185,1,0,1,0,0,1,0,1,0.824,0,1,1,1,0,0,3,2,21,21,0,0.0681278341610883,0.1976894839127618,1
u_8631,0,0,2,1,0,0,1,2,1.0,1,0,1,1,0,0,4,3,8,8,0,0.0736342042755344,0.2020082055711509,1
u_620,0,0,0,0,0,0,0,0,1.0,0,1,0,0,0,0,1,1,6,6,0,0.0709350032390412,0.201576333405312,0
u_975,0,0,0,0,0,0,0,0,0.692,0,0,0,0,0,0,1,0,0,0,1,0.071798747570719,0.1994169725761174,0
u_4872,0,0,0,0,0,0,0,0,0.737,0,0,0,0,0,0,1,0,0,0,1,0.0730943640682358,0.1994169725761174,0
u_6355,0,0,0,0,0,0,0,0,0.769,0,0,0,0,0,0,1,0,9,9,0,0.0736342042755344,0.1994169725761174,0
u_979,0,0,0,0,0,0,0,0,0.842,0,1,0,0,0,0,1,0,15,15,0,0.0739581083999136,0.1994169725761174,0
u_2182,0,0,0,0,0,0,0,0,0.75,0,1,0,0,0,0,1,0,6,6,0,0.0643489527099978,0.1976894839127618,0
u_7956,2,0,3,0,0,2,0,3,0.857,1,0,1,1,0,0,6,3,5,5,1,0.0723385877780177,0.1993090045346577,1
u_698,0,0,0,0,0,0,0,0,0.7,0,1,1,0,0,0,1,0,17,17,0,0.0736342042755344,0.2020082055711509,0
u_1812,0,0,0,0,0,0,0,0,0.952,0,0,1,0,0,0,1,1,18,18,0,0.0674800259123299,0.2020082055711509,0
u_1653,0,0,0,0,0,0,0,0,0.762,0,1,0,0,0,0,1,0,23,23,0,0.0681278341610883,0.2020082055711509,0
u_2124,0,0,0,0,0,0,0,0,0.762,0,0,0,0,0,0,1,0,3,3,1,0.0750377888145109,0.2020082055711509,0
u_8893,0,0,0,0,0,0,0,0,0.667,1,0,1,0,0,0,1,0,7,7,0,0.0684517382854675,0.1994169725761174,1
u_8850,0,0,0,0,0,0,0,0,0.833,0,1,0,0,0,0,1,0,1,1,1,0.0723385877780177,0.1993090045346577,1
u_2978,0,0,0,0,0,0,0,0,0.7,0,0,0,0,0,0,1,0,0,0,1,0.0643489527099978,0.2020082055711509,0
u_3551,0,0,0,0,0,0,0,0,0.783,0,1,1,0,0,0,1,0,2,2,1,0.0736342042755344,0.1976894839127618,0
u_3694,0,0,0,0,0,0,0,0,0.833,0,0,0,0,0,0,1,0,0,0,1,0.0709350032390412,0.201576333405312,0
u_2844,0,0,0,0,0,0,0,0,0.778,0,0,0,0,0,0,1,0,17,17,0,0.0684517382854675,0.1976894839127618,0
u_129,0,0,0,0,0,0,0,0,0.783,0,0,0,0,0,0,1,0,14,14,0,0.071798747570719,0.2020082055711509,0
u_7523,0,1,1,0,0,0,0,1,1.0,0,1,1,1,0,0,3,2,7,7,0,0.0709350032390412,0.1993090045346577,1
u_6561,0,0,0,0,0,0,0,0,0.625,0,0,1,0,0,0,1,0,18,18,0,0.071798747570719,0.2020082055711509,1
u_2789,0,0,0,0,0,0,0,0,1.0,0,1,1,0,0,0,1,1,9,9,0,0.0755776290218095,0.1993090045346577,0
u_6976,0,0,0,0,0,0,0,0,0.9,0,1,1,1,0,0,1,1,3,3,1,0.0712589073634204,0.1976894839127618,1
u_7981,2,0,2,1,0,2,1,2,1.0,0,1,1,1,0,0,4,4,23,23,0,0.0730943640682358,0.201576333405312,1
u_8719,0,1,5,3,0,0,3,5,1.0,0,1,1,0,0,0,7,3,6,6,0,0.0755776290218095,0.1993090045346577,1
u_2548,0,0,0,0,0,0,0,0,0.737,0,0,0,0,0,0,1,0,17,17,0,0.0755776290218095,0.1994169725761174,0
u_3261,0,0,0,0,0,0,0,0,0.7,0,1,1,0,0,0,1,0,15,15,0,0.0736342042755344,0.2020082055711509,0
u_3221,0,0,0,0,0,0,0,0,0.8,0,1,0,0,0,0,1,0,9,9,0,0.0674800259123299,0.1976894839127618,0
u_3860,0,0,0,0,0,0,0,0,0.778,0,0,0,0,0,0,1,0,4,4,1,0.0684517382854675,0.1994169725761174,0
u_2605,0,0,0,0,0,0,0,0,0.842,0,0,0,0,0,0,1,0,4,4,1,0.0736342042755344,0.1976894839127618,0
u_1478,0,0,0,0,0,0,0,0,0.947,0,0,0,0,0,0,1,1,14,14,0,0.0730943640682358,0.2020082055711509,0
u_2088,0,0,0,0,0,0,0,0,0.769,0,1,1,0,0,0,1,0,5,5,1,0.0709350032390412,0.1993090045346577,0
u_7255,0,0,0,0,0,0,0,0,0.759,1,0,1,0,0,0,1,0,17,17,0,0.0643489527099978,0.1993090045346577,1
u_3177,0,0,0,0,0,0,0,0,0.762,0,1,0,0,0,0,1,0,23,23,0,0.0709350032390412,0.1994169725761174,0
u_5161,0,0,0,0,0,0,0,0,0.778,0,0,0,0,0,0,1,0,2,2,1,0.0730943640682358,0.1994169725761174,0
u_630,0,0,0,0,0,0,0,0,0.762,0,0,0,0,0,0,1,0,14,14,0,0.0723385877780177,0.2020082055711509,0
u_7716,1,0,2,1,0,1,1,2,1.0,1,0,1,1,0,0,5,4,16,16,0,0.0739581083999136,0.2020082055711509,1
u_6697,1,1,3,3,0,1,3,3,0.963,1,0,1,1,0,0,5,4,3,3,1,0.0755776290218095,0.1993090045346577,1
u_8528,2,0,2,2,0,2,2,2,1.0,0,1,1,0,0,0,3,4,10,10,0,0.0755776290218095,0.1994169725761174,1
u_7595,4,3,4,3,1,4,3,4,1.0,0,0,1,0,1,1,4,4,20,20,0,0.0739581083999136,0.2020082055711509,1
u_3634,0,0,0,0,0,0,0,0,0.75,0,1,0,0,0,0,1,0,12,12,0,0.0709350032390412,0.1993090045346577,0
u_7028,2,0,2,1,0,2,1,2,0.857,1,0,1,1,0,0,4,4,2,2,1,0.0755776290218095,0.1994169725761174,1
u_2601,0,0,0,0,0,0,0,0,1.0,0,1,0,0,0,0,1,1,13,13,0,0.0739581083999136,0.201576333405312,0
u_9152,0,0,4,0,0,0,0,4,0.667,0,0,1,1,0,0,4,1,1,1,1,0.0739581083999136,0.2020082055711509,1
u_5068,0,0,0,0,0,0,0,0,0.762,0,0,1,0,0,0,1,0,4,4,1,0.0730943640682358,0.1993090045346577,0
u_6271,0,0,0,0,0,0,0,0,0.706,0,0,0,0,0,0,1,0,16,16,0,0.071798747570719,0.1993090045346577,0
u_3304,0,0,0,0,0,0,0,0,0.75,0,1,0,0,0,0,1,0,22,22,0,0.0712589073634204,0.1993090045346577,0
u_3123,0,0,0,0,0,0,0,0,0.818,0,0,1,0,0,0,1,0,13,13,0,0.0755776290218095,0.1993090045346577,0
u_4094,0,0,0,0,0,0,0,0,0.75,0,0,1,0,0,0,1,0,21,21,0,0.0750377888145109,0.1994169725761174,0
u_1674,0,0,0,0,0,0,0,0,0.833,0,0,0,0,1,1,1,0,8,8,0,0.0730943640682358,0.1976894839127618,0
u_4934,0,0,0,0,0,0,0,0,0.824,0,1,0,0,0,0,1,0,19,19,0,0.0723385877780177,0.201576333405312,0
u_6066,0,0,0,0,0,0,0,0,0.7,0,1,1,0,0,0,1,0,18,18,0,0.0712589073634204,0.1994169725761174,0
u_627,0,0,0,0,0,0,0,0,0.727,0,1,0,0,0,0,1,0,8,8,0,0.071798747570719,0.2020082055711509,0
u_526,0,0,0,0,0,0,0,0,0.762,0,1,1,0,0,0,1,0,16,16,0,0.0684517382854675,0.1993090045346577,0
u_1509,0,0,0,0,0,0,0,0,0.706,0,1,0,0,0,0,1,0,5,5,1,0.0755776290218095,0.201576333405312,0
u_2975,0,0,0,0,0,0,0,0,0.727,0,1,0,0,0,0,1,0,9,9,0,0.0709350032390412,0.1976894839127618,0
u_5356,0,0,0,0,0,0,0,0,0.75,0,1,0,0,0,0,1,0,4,4,1,0.0730943640682358,0.1994169725761174,0
u_2997,0,0,0,0,0,0,0,0,1.0,0,0,1,0,0,0,1,1,21,21,0,0.0723385877780177,0.2020082055711509,0
u_2333,0,0,0,0,0,0,0,0,0.762,0,0,0,0,0,0,1,0,18,18,0,0.0681278341610883,0.1993090045346577,0
u_2139,0,0,0,0,0,0,0,0,0.769,0,1,0,0,0,0,1,0,2,2,1,0.0736342042755344,0.2020082055711509,0
u_4882,0,0,0,0,0,0,0,0,0.818,0,0,0,0,0,0,1,0,0,0,1,0.0739581083999136,0.1993090045346577,0
u_1946,0,0,0,0,0,0,0,0,0.75,0,1,0,0,0,0,1,0,9,9,0,0.0755776290218095,0.1994169725761174,0
u_5381,0,0,0,0,0,0,0,0,0.8,0,0,1,0,0,0,1,0,5,5,1,0.0736342042755344,0.1994169725761174,0
u_4720,0,0,0,0,0,0,0,0,0.7,0,1,0,0,0,0,1,0,4,4,1,0.0755776290218095,0.1994169725761174,0
u_588,0,0,0,0,0,0,0,0,0.667,0,0,0,0,0,0,1,0,15,15,0,0.0739581083999136,0.1993090045346577,0
u_8212,0,0,2,0,0,0,0,2,1.0,0,1,0,0,0,0,5,2,2,2,1,0.0755776290218095,0.2020082055711509,1
u_6670,1,1,3,0,0,1,0,3,1.0,1,0,1,0,0,0,5,3,11,11,0,0.0723385877780177,0.1976894839127618,1
u_6114,0,0,0,0,0,0,0,0,0.9,0,1,0,0,0,0,1,1,4,4,1,0.0712589073634204,0.1994169725761174,0
u_3459,0,0,0,0,0,0,0,0,0.857,0,1,0,0,0,0,1,1,2,2,1,0.0739581083999136,0.201576333405312,0
u_179,0,0,0,0,0,0,0,0,1.0,0,0,0,0,0,0,1,1,7,7,0,0.0709350032390412,0.1993090045346577,0
u_3979,0,0,0,0,0,0,0,0,1.0,0,1,0,0,0,0,1,1,19,19,0,0.0684517382854675,0.1993090045346577,0
u_1230,0,0,0,0,0,0,0,0,0.778,0,0,0,0,0,0,1,0,20,20,0,0.071798747570719,0.2020082055711509,0
u_9190,0,0,0,0,0,0,0,0,0.857,1,0,0,0,0,0,1,1,11,11,0,0.0739581083999136,0.1994169725761174,1
u_8604,0,0,3,3,1,0,3,3,0.875,0,1,1,0,0,0,4,3,22,22,0,0.0674800259123299,0.1994169725761174,1
u_5877,0,0,0,0,0,0,0,0,0.857,0,0,0,0,0,0,1,1,20,20,0,0.0739581083999136,0.201576333405312,0
u_8988,1,0,1,0,0,1,0,1,0.833,1,0,1,0,0,0,3,2,5,5,1,0.0755776290218095,0.2020082055711509,1
u_947,0,0,0,0,0,0,0,0,0.8,0,1,0,0,0,0,1,0,13,13,0,0.0723385877780177,0.1976894839127618,0
u_5699,0,0,0,0,0,0,0,0,0.783,0,1,0,0,0,0,1,0,23,23,0,0.0739581083999136,0.1994169725761174,0
u_8812,0,0,1,1,0,0,1,1,0.957,1,0,1,1,0,0,3,3,14,14,0,0.0750377888145109,0.2020082055711509,1
u_3277,0,0,0,0,0,0,0,0,0.8,0,1,0,0,0,0,1,0,3,3,1,0.0736342042755344,0.201576333405312,0
u_7486,3,0,5,4,0,3,4,5,1.0,1,0,1,1,0,0,6,4,8,8,0,0.0750377888145109,0.1993090045346577,1
u_5404,0,0,0,0,0,0,0,0,0.783,0,1,0,0,0,0,1,0,19,19,0,0.0736342042755344,0.201576333405312,0
u_6026,0,0,0,0,0,0,0,0,0.8,0,1,0,0,0,0,1,0,5,5,1,0.0750377888145109,0.1993090045346577,0
u_5310,0,0,0,0,0,0,0,0,0.696,0,1,0,0,0,0,1,0,0,0,1,0.0723385877780177,0.1993090045346577,0
u_4745,0,0,0,0,0,0,0,0,0.632,0,0,0,0,0,0,1,0,11,11,0,0.0643489527099978,0.201576333405312,0
u_2943,0,0,0,0,0,0,0,0,0.7,0,0,0,0,0,0,1,0,22,22,0,0.0684517382854675,0.1993090045346577,0
u_637,0,0,0,0,0,0,0,0,0.828,0,0,1,0,0,0,1,0,12,12,0,0.0712589073634204,0.2020082055711509,0
u_8294,1,0,1,1,0,1,1,1,0.783,0,1,1,0,0,0,3,3,3,3,1,0.0643489527099978,0.2020082055711509,1
u_3944,0,0,0,0,0,0,0,0,0.815,0,0,0,0,0,0,1,0,21,21,0,0.0739581083999136,0.1976894839127618,0
u_3607,0,0,0,0,0,0,0,0,1.0,0,0,1,0,0,0,1,1,12,12,0,0.0755776290218095,0.1994169725761174,0
u_4368,0,0,0,0,0,0,0,0,0.815,0,1,0,0,0,0,1,0,20,20,0,0.0730943640682358,0.1994169725761174,0
u_3031,0,0,0,0,0,0,0,0,0.9,0,0,0,0,0,0,1,1,12,12,0,0.071798747570719,0.1994169725761174,0
u_1621,0,0,0,0,0,0,0,0,0.75,0,0,0,0,0,0,1,0,19,19,0,0.0674800259123299,0.1976894839127618,0
u_527,0,0,0,0,0,0,0,0,0.696,0,1,0,0,0,0,1,0,15,15,0,0.0755776290218095,0.1993090045346577,0
u_1429,0,0,0,0,0,0,0,0,1.0,0,0,0,0,0,0,1,1,23,23,0,0.0684517382854675,0.1976894839127618,0
u_3666,0,0,0,0,0,0,0,0,0.857,0,1,0,0,0,0,1,1,3,3,1,0.0723385877780177,0.1994169725761174,0
u_704,0,0,0,0,0,0,0,0,0.727,0,0,1,0,0,0,1,0,14,14,0,0.0712589073634204,0.1976894839127618,0
u_3501,0,0,0,0,0,0,0,0,1.0,0,1,1,0,0,0,1,1,4,4,1,0.0712589073634204,0.1993090045346577,0
u_2583,0,0,0,0,0,0,0,0,0.8,0,1,0,0,0,0,1,0,12,12,0,0.0681278341610883,0.1976894839127618,0
u_2027,0,0,0,0,0,0,0,0,0.75,0,1,0,0,1,1,1,0,13,13,0,0.0739581083999136,0.2020082055711509,0
u_6193,0,0,0,0,0,0,0,0,0.737,0,1,0,0,0,0,1,0,18,18,0,0.0643489527099978,0.201576333405312,0
u_425,0,0,0,0,0,0,0,0,0.667,0,0,0,0,0,0,1,0,6,6,0,0.0684517382854675,0.2020082055711509,0
u_2822,0,0,0,0,0,0,0,0,0.87,0,1,1,0,0,0,1,1,10,10,0,0.0736342042755344,0.201576333405312,0
u_1502,0,0,0,0,0,0,0,0,0.778,0,0,1,0,0,0,1,0,21,21,0,0.0755776290218095,0.1993090045346577,0
u_2204,0,0,0,0,0,0,0,0,1.0,0,1,0,0,0,0,1,1,6,6,0,0.0739581083999136,0.1976894839127618,0
u_1338,0,0,0,0,0,0,0,0,0.8,0,1,0,0,0,0,1,0,5,5,1,0.071798747570719,0.201576333405312,0
u_4489,0,0,0,0,0,0,0,0,0.952,0,1,1,0,0,0,1,1,1,1,1,0.0723385877780177,0.1976894839127618,0
u_5459,0,0,0,0,0,0,0,0,0.7,0,1,0,0,0,0,1,0,13,13,0,0.0709350032390412,0.2020082055711509,0
u_8656,1,1,1,0,0,1,0,1,0.909,0,0,1,0,0,0,3,3,1,1,1,0.0681278341610883,0.2020082055711509,1
u_4250,0,0,0,0,0,0,0,0,0.769,0,0,0,0,1,1,1,0,1,1,1,0.0709350032390412,0.1976894839127618,0
u_6648,1,0,1,0,0,1,0,1,0.875,1,0,1,1,0,0,3,3,9,9,0,0.0750377888145109,0.1993090045346577,1
u_5990,0,0,0,0,0,0,0,0,0.75,0,1,0,0,0,0,1,0,14,14,0,0.0723385877780177,0.1994169725761174,0
u_3861,0,0,0,0,0,0,0,0,1.0,0,1,1,0,0,0,1,1,5,5,1,0.0750377888145109,0.1976894839127618,0
u_6165,0,0,0,0,0,0,0,0,0.706,0,1,0,0,0,0,1,0,17,17,0,0.0709350032390412,0.201576333405312,0
u_2306,0,0,0,0,0,0,0,0,0.762,0,1,0,0,0,0,1,0,4,4,1,0.0723385877780177,0.201576333405312,0
u_7311,0,0,1,1,1,0,1,1,0.762,1,0,1,0,0,0,3,2,17,17,0,0.0739581083999136,0.1994169725761174,1
u_1508,0,0,0,0,0,0,0,0,1.0,0,1,1,0,0,0,1,1,2,2,1,0.071798747570719,0.1993090045346577,0
u_687,0,0,0,0,0,0,0,0,0.933,0,0,0,0,0,0,1,1,3,3,1,0.0684517382854675,0.201576333405312,0
u_7066,0,0,0,0,0,0,0,0,0.571,0,1,1,1,0,0,1,0,12,12,0,0.0736342042755344,0.2020082055711509,1
u_8476,0,0,1,0,0,0,0,1,1.0,0,0,0,0,0,0,3,2,14,14,0,0.0730943640682358,0.2020082055711509,1
u_5950,0,0,0,0,0,0,0,0,0.952,0,1,0,0,0,0,1,1,1,1,1,0.0643489527099978,0.1993090045346577,0
u_8636,0,0,0,0,0,0,0,0,0.889,1,0,0,0,0,0,1,1,9,9,0,0.0739581083999136,0.201576333405312,1
u_2393,0,0,0,0,0,0,0,0,1.0,0,1,1,0,0,0,1,1,16,16,0,0.0750377888145109,0.1993090045346577,0
u_7444,0,0,0,0,0,0,0,0,0.815,1,0,0,0,0,0,1,0,9,9,0,0.0730943640682358,0.1976894839127618,1
u_2444,0,0,0,0,0,0,0,0,0.75,0,1,0,0,0,0,1,0,23,23,0,0.0750377888145109,0.2020082055711509,0
u_5341,0,0,0,0,0,0,0,0,0.7,0,1,1,0,0,0,1,0,5,5,1,0.071798747570719,0.1976894839127618,0
u_2752,0,0,0,0,0,0,0,0,0.769,0,1,0,0,0,0,1,0,14,14,0,0.0755776290218095,0.201576333405312,0
u_5197,0,0,0,0,0,0,0,0,1.0,0,0,0,0,0,0,1,1,7,7,0,0.0755776290218095,0.1976894839127618,0
u_4169,0,0,0,0,0,0,0,0,0.8,0,1,0,0,0,0,1,0,16,16,0,0.0681278341610883,0.1976894839127618,0
u_624,0,0,0,0,0,0,0,0,0.762,0,0,0,0,0,0,1,0,17,17,0,0.0739581083999136,0.201576333405312,0
u_7896,5,0,5,0,0,5,0,5,1.0,1,0,1,1,1,1,5,3,18,18,0,0.0712589073634204,0.1993090045346577,1
u_9143,1,0,2,0,0,1,0,2,1.0,1,0,1,1,0,0,5,3,7,7,0,0.0755776290218095,0.1976894839127618,1
u_5148,0,0,0,0,0,0,0,0,0.75,0,0,0,0,0,0,1,0,0,0,1,0.071798747570719,0.201576333405312,0
u_6197,0,0,0,0,0,0,0,0,0.762,0,1,0,0,0,0,1,0,11,11,0,0.0755776290218095,0.1976894839127618,0
u_3656,0,0,0,0,0,0,0,0,0.667,0,0,0,0,0,0,1,0,0,0,1,0.0674800259123299,0.201576333405312,0
u_148,0,0,0,0,0,0,0,0,1.0,0,1,0,0,0,0,1,1,2,2,1,0.0755776290218095,0.201576333405312,0
u_6376,0,0,0,0,0,0,0,0,0.667,0,1,0,0,0,0,1,0,16,16,0,0.0755776290218095,0.1976894839127618,0
u_700,0,0,0,0,0,0,0,0,0.737,0,1,0,0,0,0,1,0,19,19,0,0.0709350032390412,0.1993090045346577,0
u_4700,0,0,0,0,0,0,0,0,0.783,0,1,0,0,0,0,1,0,11,11,0,0.0643489527099978,0.2020082055711509,0
u_761,0,0,0,0,0,0,0,0,0.846,0,1,0,0,0,0,1,0,0,0,1,0.0712589073634204,0.1993090045346577,0
u_3067,0,0,0,0,0,0,0,0,0.696,0,1,0,0,0,0,1,0,2,2,1,0.0736342042755344,0.1994169725761174,0
u_2929,0,0,0,0,0,0,0,0,0.941,0,1,0,0,0,0,1,1,14,14,0,0.0712589073634204,0.1994169725761174,0
u_7158,0,0,1,0,0,0,0,1,0.857,1,0,0,0,0,0,3,2,13,13,0,0.0750377888145109,0.1994169725761174,1
u_3416,0,0,0,0,0,0,0,0,0.778,0,1,1,0,0,0,1,0,23,23,0,0.0709350032390412,0.201576333405312,0
u_7477,0,0,5,3,0,0,3,5,1.0,1,0,0,0,0,0,5,3,4,4,1,0.0674800259123299,0.1976894839127618,1
u_566,0,0,0,0,0,0,0,0,0.941,0,1,0,0,0,0,1,1,19,19,0,0.0684517382854675,0.1993090045346577,0
u_8214,0,0,1,0,0,0,0,1,0.933,0,1,1,1,0,0,3,2,2,2,1,0.0755776290218095,0.2020082055711509,1
u_2620,0,0,0,0,0,0,0,0,0.72,0,1,0,0,0,0,1,0,14,14,0,0.0674800259123299,0.201576333405312,0
u_7239,2,1,3,0,0,2,0,3,0.667,0,1,1,1,0,0,6,2,1,1,1,0.0730943640682358,0.1993090045346577,1
u_3859,0,0,0,0,0,0,0,0,1.0,0,1,1,0,0,0,1,1,16,16,0,0.0755776290218095,0.1976894839127618,0
u_176,0,0,0,0,0,0,0,0,0.667,0,0,0,0,0,0,1,0,18,18,0,0.0723385877780177,0.1994169725761174,0
u_3464,0,0,0,0,0,0,0,0,0.769,0,1,1,0,0,0,1,0,10,10,0,0.0755776290218095,0.1994169725761174,0
u_1193,0,0,0,0,0,0,0,0,0.889,0,0,1,0,0,0,1,1,13,13,0,0.0750377888145109,0.1994169725761174,0
u_3225,0,0,0,0,0,0,0,0,0.706,0,1,0,0,0,0,1,0,9,9,0,0.0712589073634204,0.1993090045346577,0
u_2125,0,0,0,0,0,0,0,0,0.727,0,1,0,0,0,0,1,0,20,20,0,0.0684517382854675,0.2020082055711509,0
u_6867,0,0,1,0,0,0,0,1,1.0,1,0,1,0,0,0,3,2,13,13,0,0.0674800259123299,0.1994169725761174,1
u_7151,0,0,1,0,0,0,0,1,0.769,0,1,0,0,0,0,3,1,15,15,0,0.0674800259123299,0.201576333405312,1
u_8914,0,0,0,0,0,0,0,0,0.762,0,1,1,1,0,0,1,0,22,22,0,0.0723385877780177,0.1976894839127618,1
u_222,0,0,0,0,0,0,0,0,0.727,0,1,0,0,0,0,1,0,14,14,0,0.0723385877780177,0.1994169725761174,0
u_8592,3,2,3,2,0,3,2,3,1.0,0,1,1,1,0,0,4,4,20,20,0,0.0750377888145109,0.2020082055711509,1
u_8754,0,0,2,0,0,0,0,2,0.9,1,0,1,0,0,0,5,2,3,3,1,0.0730943640682358,0.2020082055711509,1
u_4875,0,0,0,0,0,0,0,0,0.762,0,0,1,0,0,0,1,0,10,10,0,0.071798747570719,0.1994169725761174,0
u_4384,0,0,0,0,0,0,0,0,0.7,0,1,0,0,0,0,1,0,2,2,1,0.0643489527099978,0.201576333405312,0
u_1776,0,0,0,0,0,0,0,0,1.0,0,1,0,0,0,0,1,1,22,22,0,0.0681278341610883,0.1976894839127618,0
u_7976,3,0,4,2,0,3,2,4,0.846,1,0,0,0,0,0,6,3,23,23,0,0.071798747570719,0.1976894839127618,1
u_2428,0,0,0,0,0,0,0,0,0.778,0,1,1,0,0,0,1,0,19,19,0,0.0684517382854675,0.1994169725761174,0
u_4571,0,0,0,0,0,0,0,0,0.696,0,0,0,0,0,0,1,0,11,11,0,0.0755776290218095,0.1994169725761174,0
u_2408,0,0,0,0,0,0,0,0,0.783,0,1,0,0,0,0,1,0,0,0,1,0.0723385877780177,0.201576333405312,0
u_3641,0,0,0,0,0,0,0,0,0.778,0,1,1,0,0,0,1,0,1,1,1,0.0681278341610883,0.1994169725761174,0
u_5615,0,0,0,0,0,0,0,0,0.957,0,1,1,0,0,0,1,1,6,6,0,0.0712589073634204,0.201576333405312,0
u_4572,0,0,0,0,0,0,0,0,0.875,0,1,0,0,0,0,1,1,19,19,0,0.0730943640682358,0.1993090045346577,0
u_5746,0,0,0,0,0,0,0,0,0.75,0,0,0,0,0,0,1,0,2,2,1,0.0723385877780177,0.1993090045346577,0
u_8279,2,3,4,0,0,2,0,4,1.0,0,1,1,1,0,0,7,3,21,21,0,0.0709350032390412,0.1994169725761174,1
u_112,0,0,0,0,0,0,0,0,0.833,0,1,0,0,0,0,1,0,21,21,0,0.0681278341610883,0.1993090045346577,0
u_8246,1,0,1,1,0,1,1,1,0.8,1,0,1,1,0,0,3,3,14,14,0,0.0723385877780177,0.2020082055711509,1
u_5108,0,0,0,0,0,0,0,0,0.815,0,1,0,0,0,0,1,0,8,8,0,0.0736342042755344,0.201576333405312,0
u_8480,0,0,2,0,0,0,0,2,0.75,1,0,1,1,0,0,5,1,22,22,0,0.0739581083999136,0.201576333405312,1
u_3233,0,0,0,0,0,0,0,0,0.842,0,1,0,0,0,0,1,0,7,7,0,0.0755776290218095,0.201576333405312,0
u_7717,2,1,3,2,0,2,2,3,0.727,1,0,0,0,1,1,5,3,19,19,0,0.0643489527099978,0.2020082055711509,1
u_8296,2,2,2,1,1,2,1,2,1.0,1,0,1,1,0,0,4,4,16,16,0,0.0674800259123299,0.1976894839127618,1
u_3614,0,0,0,0,0,0,0,0,0.8,0,1,0,0,0,0,1,0,15,15,0,0.0755776290218095,0.1993090045346577,0
u_6989,1,1,1,0,0,1,0,1,1.0,1,0,0,0,0,0,3,3,2,2,1,0.0712589073634204,0.201576333405312,1
u_8219,0,2,2,1,0,0,1,2,0.783,0,0,1,0,0,0,5,2,6,6,0,0.0643489527099978,0.201576333405312,1
u_9022,1,1,1,1,1,1,1,1,1.0,0,0,1,0,0,0,3,4,18,18,0,0.0739581083999136,0.1993090045346577,1
u_8522,1,0,2,1,0,1,1,2,1.0,0,1,1,1,0,0,5,4,9,9,0,0.0684517382854675,0.1993090045346577,1
u_825,0,0,0,0,0,0,0,0,0.5,0,0,1,0,0,0,1,0,22,22,0,0.0750377888145109,0.1994169725761174,0
u_6869,0,0,0,0,0,0,0,0,0.762,1,0,1,1,1,1,1,0,9,9,0,0.0712589073634204,0.1976894839127618,1
u_7288,0,0,4,3,0,0,3,4,0.706,0,1,1,0,0,0,7,2,1,1,1,0.0643489527099978,0.1994169725761174,1
u_7459,0,0,1,1,1,0,1,1,1.0,0,1,1,0,0,0,3,3,15,15,0,0.0750377888145109,0.201576333405312,1
u_380,0,0,0,0,0,0,0,0,1.0,0,1,1,0,0,0,1,1,21,21,0,0.0723385877780177,0.1976894839127618,0
u_4938,0,0,0,0,0,0,0,0,0.737,0,1,1,0,0,0,1,0,11,11,0,0.0674800259123299,0.2020082055711509,0
u_2015,0,0,0,0,0,0,0,0,0.75,0,0,0,0,0,0,1,0,11,11,0,0.071798747570719,0.201576333405312,0
u_8736,2,0,2,0,0,2,0,2,0.706,0,1,0,0,0,0,3,2,9,9,0,0.0739581083999136,0.1994169725761174,1
u_769,0,0,0,0,0,0,0,0,0.824,0,0,0,0,0,0,1,0,21,21,0,0.0730943640682358,0.2020082055711509,0
u_4597,0,0,0,0,0,0,0,0,0.8,0,0,0,0,0,0,1,0,18,18,0,0.0739581083999136,0.2020082055711509,0
u_3539,0,0,0,0,0,0,0,0,0.759,0,1,0,0,0,0,1,0,11,11,0,0.0684517382854675,0.1994169725761174,0
u_4408,0,0,0,0,0,0,0,0,0.867,0,1,0,0,0,0,1,1,1,1,1,0.071798747570719,0.2020082055711509,0
u_8926,0,0,0,0,0,0,0,0,1.0,1,0,1,0,0,0,1,1,16,16,0,0.0739581083999136,0.201576333405312,1
u_7597,5,4,5,0,0,5,0,5,1.0,0,1,1,1,1,1,4,3,2,2,1,0.0739581083999136,0.2020082055711509,1
u_6151,0,0,0,0,0,0,0,0,0.75,0,1,0,0,1,1,1,0,1,1,1,0.0730943640682358,0.1994169725761174,0
u_6838,2,0,3,3,0,2,3,3,1.0,0,1,1,1,1,1,4,4,9,9,0,0.0736342042755344,0.1976894839127618,1
u_8203,0,0,0,0,0,0,0,0,0.706,0,0,1,1,1,1,1,0,10,10,0,0.0723385877780177,0.1976894839127618,1
u_7851,0,0,2,2,1,0,2,2,0.952,1,0,1,1,0,0,3,3,5,5,1,0.0712589073634204,0.1976894839127618,1
u_2913,0,0,0,0,0,0,0,0,0.737,0,1,1,0,0,0,1,0,11,11,0,0.0739581083999136,0.1976894839127618,0
u_2908,0,0,0,0,0,0,0,0,0.7,0,1,0,0,0,0,1,0,1,1,1,0.0681278341610883,0.201576333405312,0
u_5815,0,0,0,0,0,0,0,0,0.952,0,0,0,0,0,0,1,1,0,0,1,0.0674800259123299,0.1976894839127618,0
u_6591,0,1,4,3,0,0,3,4,1.0,0,1,1,1,0,0,5,3,9,9,0,0.0723385877780177,0.2020082055711509,1
u_4032,0,0,0,0,0,0,0,0,0.737,0,0,1,0,0,0,1,0,4,4,1,0.0684517382854675,0.201576333405312,0
u_5323,0,0,0,0,0,0,0,0,0.783,0,1,0,0,0,0,1,0,22,22,0,0.071798747570719,0.1976894839127618,0
u_5338,0,0,0,0,0,0,0,0,0.8,0,1,0,0,0,0,1,0,5,5,1,0.0712589073634204,0.2020082055711509,0
u_4668,0,0,0,0,0,0,0,0,0.72,0,1,0,0,0,0,1,0,15,15,0,0.0712589073634204,0.1976894839127618,0
u_2421,0,0,0,0,0,0,0,0,0.762,0,1,0,0,0,0,1,0,3,3,1,0.0684517382854675,0.1993090045346577,0
u_1435,0,0,0,0,0,0,0,0,0.727,0,0,0,0,0,0,1,0,7,7,0,0.071798747570719,0.201576333405312,0
u_1530,0,0,0,0,0,0,0,0,0.783,0,0,0,0,0,0,1,0,1,1,1,0.0709350032390412,0.1993090045346577,0
u_4294,0,0,0,0,0,0,0,0,0.72,0,1,0,0,0,0,1,0,3,3,1,0.0709350032390412,0.1993090045346577,0
u_7442,4,0,4,1,0,4,1,4,0.842,0,1,1,0,0,0,6,3,21,21,0,0.0681278341610883,0.1976894839127618,1
u_2287,0,0,0,0,0,0,0,0,0.778,0,1,0,0,0,0,1,0,21,21,0,0.0674800259123299,0.1994169725761174,0
u_6491,0,0,0,0,0,0,0,0,0.762,0,1,1,0,0,0,1,0,21,21,0,0.0674800259123299,0.1976894839127618,0
u_5555,0,0,0,0,0,0,0,0,0.75,0,0,0,0,0,0,1,0,6,6,0,0.0709350032390412,0.1993090045346577,0
u_6610,0,0,4,3,0,0,3,4,0.966,0,0,0,0,0,0,6,3,3,3,1,0.0681278341610883,0.1994169725761174,1
u_4801,0,0,0,0,0,0,0,0,0.762,0,1,0,0,0,0,1,0,13,13,0,0.0739581083999136,0.2020082055711509,0
u_2980,0,0,0,0,0,0,0,0,0.72,0,0,1,0,0,0,1,0,7,7,0,0.0712589073634204,0.201576333405312,0
u_3988,0,0,0,0,0,0,0,0,0.737,0,1,0,0,0,0,1,0,1,1,1,0.0739581083999136,0.2020082055711509,0
u_2133,0,0,0,0,0,0,0,0,0.75,0,0,1,0,0,0,1,0,8,8,0,0.071798747570719,0.1994169725761174,0
u_3620,0,0,0,0,0,0,0,0,0.96,0,0,0,0,0,0,1,1,16,16,0,0.0723385877780177,0.1994169725761174,0
u_161,0,0,0,0,0,0,0,0,0.696,0,1,0,0,0,0,1,0,7,7,0,0.0674800259123299,0.201576333405312,0
u_4787,0,0,0,0,0,0,0,0,0.769,0,1,0,0,0,0,1,0,4,4,1,0.0674800259123299,0.1994169725761174,0
u_5362,0,0,0,0,0,0,0,0,1.0,0,1,1,0,0,0,1,1,2,2,1,0.0712589073634204,0.2020082055711509,0
u_3594,0,0,0,0,0,0,0,0,0.8,0,1,0,0,1,1,1,0,7,7,0,0.0674800259123299,0.1976894839127618,0
u_5030,0,0,0,0,0,0,0,0,0.706,0,1,1,0,0,0,1,0,0,0,1,0.0684517382854675,0.1993090045346577,0
u_2743,0,0,0,0,0,0,0,0,0.783,0,1,0,0,0,0,1,0,15,15,0,0.0730943640682358,0.1993090045346577,0
u_3554,0,0,0,0,0,0,0,0,0.778,0,1,0,0,0,0,1,0,22,22,0,0.0739581083999136,0.2020082055711509,0
u_8185,1,2,2,1,0,1,1,2,1.0,0,1,1,0,0,0,5,4,15,15,0,0.0736342042755344,0.201576333405312,1
u_5402,0,0,0,0,0,0,0,0,0.667,0,1,0,0,0,0,1,0,8,8,0,0.071798747570719,0.1976894839127618,0
u_3122,0,0,0,0,0,0,0,0,0.769,0,0,0,0,0,0,1,0,14,14,0,0.071798747570719,0.1993090045346577,0
u_1171,0,0,0,0,0,0,0,0,0.778,0,1,0,0,0,0,1,0,2,2,1,0.0712589073634204,0.1993090045346577,0
u_1207,0,0,0,0,0,0,0,0,0.762,0,1,0,0,0,0,1,0,15,15,0,0.0739581083999136,0.1994169725761174,0
u_3936,0,0,0,0,0,0,0,0,0.818,0,1,0,0,0,0,1,0,1,1,1,0.0750377888145109,0.1976894839127618,0
u_9061,1,0,2,0,0,1,0,2,1.0,0,1,1,0,1,1,5,3,23,23,0,0.0730943640682358,0.1976894839127618,1
u_7035,0,2,4,0,0,0,0,4,0.857,0,1,1,1,0,0,7,2,8,8,0,0.0739581083999136,0.2020082055711509,1
u_5049,0,0,0,0,0,0,0,0,0.762,0,1,1,0,0,0,1,0,12,12,0,0.0643489527099978,0.2020082055711509,0
u_5012,0,0,0,0,0,0,0,0,0.8,0,0,1,0,0,0,1,0,15,15,0,0.0750377888145109,0.201576333405312,0
u_1117,0,0,0,0,0,0,0,0,0.8,0,1,1,0,0,0,1,0,16,16,0,0.0674800259123299,0.1994169725761174,0
u_7640,1,0,1,1,1,1,1,1,0.947,1,0,1,1,0,0,3,4,4,4,1,0.0739581083999136,0.201576333405312,1
u_8743,2,0,4,2,0,2,2,4,1.0,1,0,1,1,0,0,7,4,7,7,0,0.0643489527099978,0.201576333405312,1
u_1343,0,0,0,0,0,0,0,0,0.8,0,0,0,0,0,0,1,0,6,6,0,0.071798747570719,0.2020082055711509,0
u_1684,0,0,0,0,0,0,0,0,0.947,0,1,0,0,0,0,1,1,21,21,0,0.0750377888145109,0.1976894839127618,0
u_2953,0,0,0,0,0,0,0,0,0.778,0,1,1,0,0,0,1,0,19,19,0,0.0736342042755344,0.1976894839127618,0
u_1839,0,0,0,0,0,0,0,0,0.778,0,1,0,0,0,0,1,0,18,18,0,0.0681278341610883,0.2020082055711509,0
u_3297,0,0,0,0,0,0,0,0,0.857,0,1,1,0,0,0,1,1,7,7,0,0.0674800259123299,0.1994169725761174,0
u_1394,0,0,0,0,0,0,0,0,0.8,0,1,0,0,0,0,1,0,6,6,0,0.071798747570719,0.1993090045346577,0
u_344,0,0,0,0,0,0,0,0,0.727,0,1,0,0,0,0,1,0,4,4,1,0.0750377888145109,0.201576333405312,0
u_1029,0,0,0,0,0,0,0,0,0.783,0,1,0,0,1,1,1,0,14,14,0,0.0730943640682358,0.1993090045346577,0
u_9254,4,0,5,2,0,4,2,5,1.0,0,1,0,0,0,0,7,4,13,13,0,0.0730943640682358,0.1993090045346577,1
u_1403,0,0,0,0,0,0,0,0,0.846,0,1,0,0,0,0,1,0,1,1,1,0.0739581083999136,0.2020082055711509,0
u_635,0,0,0,0,0,0,0,0,0.75,0,0,0,0,0,0,1,0,0,0,1,0.0739581083999136,0.2020082055711509,0
u_4327,0,0,0,0,0,0,0,0,0.857,0,0,0,0,0,0,1,1,8,8,0,0.0709350032390412,0.1993090045346577,0
u_3705,0,0,0,0,0,0,0,0,0.783,0,1,0,0,0,0,1,0,18,18,0,0.071798747570719,0.2020082055711509,0
u_8837,0,0,0,0,0,0,0,0,0.769,0,1,0,0,0,0,1,0,6,6,0,0.071798747570719,0.1976894839127618,1
u_8649,1,1,1,1,0,1,1,1,0.889,0,1,1,1,0,0,3,4,2,2,1,0.0755776290218095,0.1994169725761174,1
u_7798,3,2,3,0,0,3,0,3,1.0,1,0,1,1,0,0,4,3,10,10,0,0.0674800259123299,0.201576333405312,1
u_4933,0,0,0,0,0,0,0,0,0.7,0,1,0,0,0,0,1,0,6,6,0,0.071798747570719,0.1976894839127618,0
u_5729,0,0,0,0,0,0,0,0,0.667,0,1,0,0,0,0,1,0,16,16,0,0.0739581083999136,0.1976894839127618,0
u_4339,0,0,0,0,0,0,0,0,0.8,0,0,0,0,0,0,1,0,12,12,0,0.0739581083999136,0.1994169725761174,0
u_8208,4,3,4,2,1,4,2,4,0.75,0,1,1,0,0,0,5,3,22,22,0,0.0709350032390412,0.1976894839127618,1
u_6913,0,0,0,0,0,0,0,0,0.778,1,0,1,1,1,1,1,0,0,0,1,0.0750377888145109,0.201576333405312,1
u_7580,2,2,2,0,0,2,0,2,0.783,0,1,1,1,0,0,3,2,17,17,0,0.071798747570719,0.201576333405312,1
u_6153,0,0,0,0,0,0,0,0,0.706,0,0,0,0,0,0,1,0,19,19,0,0.0730943640682358,0.1994169725761174,0
u_8450,1,1,1,0,0,1,0,1,0.857,0,1,1,1,1,1,3,3,7,7,0,0.0723385877780177,0.201576333405312,1
u_8937,2,3,4,3,1,2,3,4,1.0,0,1,1,1,0,0,6,4,5,5,1,0.0736342042755344,0.1993090045346577,1
u_768,0,0,0,0,0,0,0,0,0.786,0,1,0,0,0,0,1,0,8,8,0,0.0755776290218095,0.2020082055711509,0
u_6318,0,0,0,0,0,0,0,0,0.741,0,1,0,0,0,0,1,0,20,20,0,0.0730943640682358,0.201576333405312,0
u_5923,0,0,0,0,0,0,0,0,1.0,0,1,0,0,0,0,1,1,11,11,0,0.0643489527099978,0.201576333405312,0
u_2441,0,0,0,0,0,0,0,0,0.778,0,0,0,0,0,0,1,0,4,4,1,0.0709350032390412,0.1994169725761174,0
u_4341,0,0,0,0,0,0,0,0,0.818,0,1,0,0,0,0,1,0,6,6,0,0.0712589073634204,0.1993090045346577,0
u_4764,0,0,0,0,0,0,0,0,0.778,0,1,1,0,0,0,1,0,1,1,1,0.0709350032390412,0.201576333405312,0
u_5687,0,0,0,0,0,0,0,0,0.818,0,1,0,0,0,0,1,0,4,4,1,0.0643489527099978,0.1976894839127618,0
u_7314,0,0,5,0,0,0,0,5,1.0,0,1,1,1,0,0,5,2,21,21,0,0.0739581083999136,0.1994169725761174,1
u_4015,0,0,0,0,0,0,0,0,0.696,0,1,0,0,0,0,1,0,5,5,1,0.0712589073634204,0.201576333405312,0
u_468,0,0,0,0,0,0,0,0,0.692,0,1,0,0,0,0,1,0,7,7,0,0.0674800259123299,0.1976894839127618,0
u_8440,1,0,1,0,0,1,0,1,0.875,1,0,1,1,0,0,3,3,20,20,0,0.0684517382854675,0.1994169725761174,1
u_9174,0,0,0,0,0,0,0,0,0.72,1,0,1,0,0,0,1,0,1,1,1,0.0739581083999136,0.2020082055711509,1
u_5215,0,0,0,0,0,0,0,0,0.706,0,1,0,0,0,0,1,0,18,18,0,0.0739581083999136,0.1993090045346577,0
u_1005,0,0,0,0,0,0,0,0,0.818,0,0,1,0,0,0,1,0,7,7,0,0.0681278341610883,0.1994169725761174,0
u_7112,0,0,4,0,0,0,0,4,0.857,0,0,1,1,0,0,5,2,1,1,1,0.0730943640682358,0.1993090045346577,1
u_6177,0,0,0,0,0,0,0,0,0.72,0,0,0,0,0,0,1,0,12,12,0,0.0709350032390412,0.201576333405312,0
u_398,0,0,0,0,0,0,0,0,0.762,0,1,0,0,0,0,1,0,8,8,0,0.0681278341610883,0.1993090045346577,0
u_648,0,0,0,0,0,0,0,0,0.667,0,1,1,0,0,0,1,0,12,12,0,0.0755776290218095,0.2020082055711509,0
u_3565,0,0,0,0,0,0,0,0,0.762,0,0,1,0,0,0,1,0,1,1,1,0.0709350032390412,0.1976894839127618,0
u_4944,0,0,0,0,0,0,0,0,0.727,0,1,1,0,0,0,1,0,2,2,1,0.0674800259123299,0.1994169725761174,0
u_9223,2,0,4,4,0,2,4,4,1.0,1,0,0,0,0,0,5,4,2,2,1,0.0755776290218095,0.1994169725761174,1
u_2864,0,0,0,0,0,0,0,0,0.9,0,0,1,0,0,0,1,1,15,15,0,0.0730943640682358,0.201576333405312,0
u_7021,1,1,2,1,0,1,1,2,0.783,0,0,1,1,0,0,5,3,14,14,0,0.0739581083999136,0.201576333405312,1
u_2760,0,0,0,0,0,0,0,0,0.957,0,1,0,0,0,0,1,1,19,19,0,0.0681278341610883,0.201576333405312,0
u_3935,0,0,0,0,0,0,0,0,0.783,0,1,0,0,0,0,1,0,1,1,1,0.0712589073634204,0.2020082055711509,0
u_8989,2,1,2,1,0,2,1,2,1.0,0,0,1,1,0,0,4,4,7,7,0,0.0684517382854675,0.2020082055711509,1
u_6828,0,0,0,0,0,0,0,0,0.667,0,1,1,1,0,0,1,0,8,8,0,0.0681278341610883,0.1976894839127618,1
u_5109,0,0,0,0,0,0,0,0,0.783,0,0,0,0,0,0,1,0,11,11,0,0.0750377888145109,0.1994169725761174,0
u_4360,0,0,0,0,0,0,0,0,0.818,0,0,1,0,0,0,1,0,21,21,0,0.0739581083999136,0.201576333405312,0
u_1189,0,0,0,0,0,0,0,0,0.8,0,1,0,0,0,0,1,0,0,0,1,0.0712589073634204,0.1994169725761174,0
u_7482,0,0,0,0,0,0,0,0,0.72,0,1,1,1,0,0,1,0,5,5,1,0.0750377888145109,0.2020082055711509,1
u_2962,0,0,0,0,0,0,0,0,0.75,0,1,0,0,0,0,1,0,22,22,0,0.0736342042755344,0.1994169725761174,0
u_3838,0,0,0,0,0,0,0,0,0.769,0,1,0,0,0,0,1,0,22,22,0,0.0755776290218095,0.1976894839127618,0
u_7256,1,0,2,2,0,1,2,2,0.957,1,0,0,0,0,0,4,4,18,18,0,0.0643489527099978,0.1993090045346577,1
u_3543,0,0,0,0,0,0,0,0,0.762,0,0,1,0,0,0,1,0,0,0,1,0.0684517382854675,0.1993090045346577,0
u_7631,0,0,0,0,0,0,0,0,0.778,1,0,1,1,0,0,1,0,12,12,0,0.0674800259123299,0.2020082055711509,1
u_1704,0,0,0,0,0,0,0,0,1.0,0,1,1,0,0,0,1,1,14,14,0,0.0712589073634204,0.1993090045346577,0
u_7755,0,0,0,0,0,0,0,0,0.667,0,1,1,0,0,0,1,0,18,18,0,0.0681278341610883,0.201576333405312,1
u_8326,0,0,2,0,0,0,0,2,0.842,1,0,1,0,0,0,3,1,9,9,0,0.0736342042755344,0.1993090045346577,1
u_4283,0,0,0,0,0,0,0,0,0.696,0,0,1,0,0,0,1,0,6,6,0,0.0712589073634204,0.1976894839127618,0
u_167,0,0,0,0,0,0,0,0,0.632,0,0,0,0,0,0,1,0,23,23,0,0.0755776290218095,0.1993090045346577,0
u_6480,0,0,0,0,0,0,0,0,0.842,0,1,0,0,1,1,1,0,22,22,0,0.0730943640682358,0.201576333405312,0
u_6104,0,0,0,0,0,0,0,0,1.0,0,1,0,0,0,0,1,1,9,9,0,0.0736342042755344,0.1993090045346577,0
u_821,0,0,0,0,0,0,0,0,0.737,0,1,1,0,0,0,1,0,5,5,1,0.0681278341610883,0.1994169725761174,0
u_1266,0,0,0,0,0,0,0,0,0.727,0,1,0,0,0,0,1,0,17,17,0,0.0739581083999136,0.1993090045346577,0
u_8174,0,0,2,2,1,0,2,2,1.0,1,0,1,0,0,0,3,3,0,0,1,0.0712589073634204,0.1994169725761174,1
u_7303,1,0,1,1,0,1,1,1,1.0,0,1,1,1,0,0,3,4,5,5,1,0.0755776290218095,0.2020082055711509,1
u_8695,0,2,2,0,0,0,0,2,0.8,0,0,1,1,0,0,3,1,5,5,1,0.0739581083999136,0.201576333405312,1
u_1028,0,0,0,0,0,0,0,0,0.8,0,0,1,0,0,0,1,0,22,22,0,0.0736342042755344,0.2020082055711509,0
u_6872,0,0,0,0,0,0,0,0,0.8,0,1,1,0,0,0,1,0,5,5,1,0.0709350032390412,0.1976894839127618,1
u_6749,0,0,2,0,0,0,0,2,0.875,1,0,0,0,0,0,4,2,9,9,0,0.0723385877780177,0.2020082055711509,1
u_7147,1,0,1,1,0,1,1,1,0.783,1,0,1,0,1,1,3,3,14,14,0,0.0684517382854675,0.201576333405312,1
u_4239,0,0,0,0,0,0,0,0,0.857,0,1,0,0,0,0,1,1,12,12,0,0.0709350032390412,0.1994169725761174,0
u_7999,0,0,1,1,0,0,1,1,0.857,0,1,1,0,0,0,3,3,20,20,0,0.0750377888145109,0.1994169725761174,1
u_5268,0,0,0,0,0,0,0,0,0.75,0,1,0,0,0,0,1,0,11,11,0,0.0643489527099978,0.1976894839127618,0
u_7078,0,0,0,0,0,0,0,0,0.941,1,0,0,0,0,0,1,1,19,19,0,0.0674800259123299,0.1994169725761174,1
u_5209,0,0,0,0,0,0,0,0,0.696,0,1,0,0,0,0,1,0,4,4,1,0.071798747570719,0.1993090045346577,0
u_759,0,0,0,0,0,0,0,0,0.941,0,1,1,0,0,0,1,1,23,23,0,0.0723385877780177,0.2020082055711509,0
u_833,0,0,0,0,0,0,0,0,0.786,0,1,1,0,0,0,1,0,14,14,0,0.0723385877780177,0.1994169725761174,0
u_2783,0,0,0,0,0,0,0,0,1.0,0,1,0,0,0,0,1,1,20,20,0,0.0674800259123299,0.201576333405312,0
u_6,0,0,0,0,0,0,0,0,0.667,0,1,0,0,0,0,1,0,9,9,0,0.0739581083999136,0.1993090045346577,0
u_6490,0,0,0,0,0,0,0,0,0.75,0,1,0,0,0,0,1,0,10,10,0,0.0730943640682358,0.2020082055711509,0
u_2667,0,0,0,0,0,0,0,0,0.786,0,0,1,0,0,0,1,0,22,22,0,0.0730943640682358,0.1993090045346577,0
u_4978,0,0,0,0,0,0,0,0,0.941,0,1,0,0,0,0,1,1,12,12,0,0.0755776290218095,0.1976894839127618,0
u_7532,0,0,1,1,1,0,1,1,0.778,0,1,0,0,0,0,3,2,11,11,0,0.0643489527099978,0.2020082055711509,1
u_1038,0,0,0,0,0,0,0,0,0.833,0,0,0,0,0,0,1,0,4,4,1,0.0755776290218095,0.1993090045346577,0
u_1531,0,0,0,0,0,0,0,0,1.0,0,0,0,0,0,0,1,1,8,8,0,0.0681278341610883,0.1976894839127618,0
u_5191,0,0,0,0,0,0,0,0,0.818,0,1,0,0,0,0,1,0,15,15,0,0.0739581083999136,0.1994169725761174,0
u_6468,0,0,0,0,0,0,0,0,0.778,0,1,0,0,0,0,1,0,21,21,0,0.0755776290218095,0.1976894839127618,0
u_155,0,0,0,0,0,0,0,0,1.0,0,1,0,0,0,0,1,1,22,22,0,0.0723385877780177,0.201576333405312,0
u_4161,0,0,0,0,0,0,0,0,0.828,0,0,0,0,0,0,1,0,12,12,0,0.0684517382854675,0.2020082055711509,0
u_6055,0,0,0,0,0,0,0,0,0.8,0,0,0,0,0,0,1,0,23,23,0,0.0681278341610883,0.201576333405312,0
u_9226,0,0,0,0,0,0,0,0,0.957,0,1,1,0,0,0,1,1,0,0,1,0.0730943640682358,0.1994169725761174,1
u_354,0,0,0,0,0,0,0,0,0.818,0,1,1,0,0,0,1,0,9,9,0,0.0739581083999136,0.1976894839127618,0
u_8372,0,0,1,0,0,0,0,1,0.727,0,1,1,1,0,0,3,1,15,15,0,0.0739581083999136,0.2020082055711509,1
u_909,0,0,0,0,0,0,0,0,0.966,0,1,0,0,0,0,1,1,12,12,0,0.0643489527099978,0.1976894839127618,0
u_3389,0,0,0,0,0,0,0,0,0.75,0,1,1,0,0,0,1,0,14,14,0,0.0723385877780177,0.1994169725761174,0
u_884,0,0,0,0,0,0,0,0,0.714,0,0,1,0,0,0,1,0,0,0,1,0.0739581083999136,0.1993090045346577,0
u_3746,0,0,0,0,0,0,0,0,0.857,0,1,0,0,0,0,1,1,11,11,0,0.071798747570719,0.201576333405312,0
u_1141,0,0,0,0,0,0,0,0,0.824,0,0,0,0,0,0,1,0,0,0,1,0.0739581083999136,0.1994169725761174,0
u_5952,0,0,0,0,0,0,0,0,0.889,0,1,0,0,0,0,1,1,0,0,1,0.0736342042755344,0.201576333405312,0
u_3319,0,0,0,0,0,0,0,0,0.909,0,0,0,0,0,0,1,1,14,14,0,0.0681278341610883,0.2020082055711509,0
u_2696,0,0,0,0,0,0,0,0,1.0,0,1,0,0,0,0,1,1,20,20,0,0.0709350032390412,0.201576333405312,0
u_625,0,0,0,0,0,0,0,0,0.727,0,0,0,0,0,0,1,0,2,2,1,0.0709350032390412,0.1993090045346577,0
u_4784,0,0,0,0,0,0,0,0,0.769,0,0,0,0,0,0,1,0,20,20,0,0.0681278341610883,0.1976894839127618,0
u_1405,0,0,0,0,0,0,0,0,0.762,0,1,1,0,0,0,1,0,12,12,0,0.071798747570719,0.1976894839127618,0
u_7165,3,0,3,3,2,3,3,3,0.941,0,1,1,1,0,0,3,4,8,8,0,0.0684517382854675,0.1976894839127618,1
u_6088,0,0,0,0,0,0,0,0,0.75,0,0,0,0,0,0,1,0,10,10,0,0.0712589073634204,0.1993090045346577,0
u_277,0,0,0,0,0,0,0,0,0.727,0,0,0,0,0,0,1,0,4,4,1,0.0684517382854675,0.1976894839127618,0
u_4484,0,0,0,0,0,0,0,0,0.667,0,0,0,0,0,0,1,0,4,4,1,0.0712589073634204,0.1976894839127618,0
u_1651,0,0,0,0,0,0,0,0,0.96,0,1,0,0,0,0,1,1,17,17,0,0.0723385877780177,0.1993090045346577,0
u_4204,0,0,0,0,0,0,0,0,0.667,0,1,0,0,0,0,1,0,19,19,0,0.0750377888145109,0.1976894839127618,0
u_6640,0,0,2,0,0,0,0,2,0.947,0,1,1,1,0,0,5,2,23,23,0,0.0739581083999136,0.201576333405312,1
u_6084,0,0,0,0,0,0,0,0,0.762,0,0,0,0,0,0,1,0,11,11,0,0.0643489527099978,0.201576333405312,0
u_8218,0,0,4,3,0,0,3,4,1.0,0,0,1,1,0,0,6,3,8,8,0,0.0723385877780177,0.1993090045346577,1
u_181,0,0,0,0,0,0,0,0,0.8,0,0,0,0,1,1,1,0,10,10,0,0.0643489527099978,0.1994169725761174,0
u_914,0,0,0,0,0,0,0,0,0.476,0,1,0,0,0,0,1,0,11,11,0,0.0739581083999136,0.1976894839127618,0
u_5585,0,0,0,0,0,0,0,0,0.762,0,1,0,0,0,0,1,0,7,7,0,0.0712589073634204,0.201576333405312,0
u_8836,1,0,1,1,0,1,1,1,0.75,0,1,1,1,0,0,3,3,21,21,0,0.0755776290218095,0.1994169725761174,1
u_2152,0,0,0,0,0,0,0,0,0.952,0,1,0,0,0,0,1,1,15,15,0,0.0709350032390412,0.1976894839127618,0
u_6967,3,0,3,2,0,3,2,3,1.0,0,0,1,0,0,0,4,4,18,18,0,0.0674800259123299,0.1993090045346577,1
u_5925,0,0,0,0,0,0,0,0,1.0,0,1,0,0,0,0,1,1,22,22,0,0.0755776290218095,0.1976894839127618,0
u_2388,0,0,0,0,0,0,0,0,0.667,0,1,0,0,0,0,1,0,10,10,0,0.0736342042755344,0.1976894839127618,0
u_4781,0,0,0,0,0,0,0,0,1.0,0,0,0,0,1,1,1,1,13,13,0,0.0709350032390412,0.1994169725761174,0
u_3683,0,0,0,0,0,0,0,0,0.75,0,0,0,0,0,0,1,0,6,6,0,0.0736342042755344,0.1976894839127618,0
u_729,0,0,0,0,0,0,0,0,0.7,0,0,0,0,0,0,1,0,14,14,0,0.0739581083999136,0.1994169725761174,0
u_5601,0,0,0,0,0,0,0,0,0.75,0,1,0,0,0,0,1,0,7,7,0,0.0674800259123299,0.2020082055711509,0
u_2523,0,0,0,0,0,0,0,0,0.8,0,1,1,0,0,0,1,0,15,15,0,0.0643489527099978,0.2020082055711509,0
u_4819,0,0,0,0,0,0,0,0,0.667,0,0,0,0,0,0,1,0,3,3,1,0.0739581083999136,0.201576333405312,0
u_4928,0,0,0,0,0,0,0,0,0.727,0,0,0,0,0,0,1,0,16,16,0,0.0712589073634204,0.201576333405312,0
u_3418,0,0,0,0,0,0,0,0,0.783,0,1,0,0,0,0,1,0,9,9,0,0.0723385877780177,0.1994169725761174,0
u_6341,0,0,0,0,0,0,0,0,0.778,0,0,0,0,0,0,1,0,4,4,1,0.0723385877780177,0.1976894839127618,0
u_4567,0,0,0,0,0,0,0,0,0.714,0,0,0,0,1,1,1,0,17,17,0,0.0723385877780177,0.2020082055711509,0
u_77,0,0,0,0,0,0,0,0,0.8,0,0,0,0,0,0,1,0,0,0,1,0.0739581083999136,0.1993090045346577,0
u_7418,0,0,0,0,0,0,0,0,0.727,1,0,1,1,0,0,1,0,12,12,0,0.0684517382854675,0.2020082055711509,1
u_8910,0,0,0,0,0,0,0,0,0.8,1,0,1,0,0,0,1,0,5,5,1,0.0755776290218095,0.1976894839127618,1
u_8063,2,0,2,0,0,2,0,2,1.0,0,1,0,0,0,0,4,3,10,10,0,0.0723385877780177,0.2020082055711509,1
u_3583,0,0,0,0,0,0,0,0,0.667,0,0,1,0,0,0,1,0,1,1,1,0.0739581083999136,0.1993090045346577,0
u_2231,0,0,0,0,0,0,0,0,0.7,0,0,1,0,0,0,1,0,12,12,0,0.0736342042755344,0.1976894839127618,0
u_2104,0,0,0,0,0,0,0,0,0.762,0,0,1,0,0,0,1,0,17,17,0,0.0684517382854675,0.201576333405312,0
u_4473,0,0,0,0,0,0,0,0,0.762,0,1,0,0,0,0,1,0,10,10,0,0.0674800259123299,0.2020082055711509,0
u_3305,0,0,0,0,0,0,0,0,1.0,0,0,0,0,0,0,1,1,14,14,0,0.0739581083999136,0.1993090045346577,0
u_8523,3,1,4,0,0,3,0,4,0.941,1,0,0,0,0,0,5,3,13,13,0,0.0681278341610883,0.1993090045346577,1
u_4963,0,0,0,0,0,0,0,0,0.818,0,1,1,0,0,0,1,0,2,2,1,0.0712589073634204,0.201576333405312,0
u_5142,0,0,0,0,0,0,0,0,0.783,0,0,0,0,0,0,1,0,4,4,1,0.0739581083999136,0.1994169725761174,0
u_2025,0,0,0,0,0,0,0,0,0.75,0,1,1,0,0,0,1,0,9,9,0,0.0712589073634204,0.201576333405312,0
u_1496,0,0,0,0,0,0,0,0,0.818,0,1,1,0,0,0,1,0,9,9,0,0.0723385877780177,0.1976894839127618,0
u_6921,2,0,2,0,0,2,0,2,0.947,0,1,1,0,0,0,4,3,7,7,0,0.0681278341610883,0.1993090045346577,1
u_3596,0,0,0,0,0,0,0,0,0.75,0,0,0,0,0,0,1,0,1,1,1,0.0723385877780177,0.1976894839127618,0
u_7292,0,0,3,2,0,0,2,3,0.957,1,0,1,1,0,0,4,3,10,10,0,0.0730943640682358,0.1994169725761174,1
u_9216,0,0,0,0,0,0,0,0,0.727,1,0,1,1,0,0,1,0,1,1,1,0.0684517382854675,0.1993090045346577,1
u_2853,0,0,0,0,0,0,0,0,0.706,0,0,0,0,0,0,1,0,1,1,1,0.071798747570719,0.1993090045346577,0
u_4500,0,0,0,0,0,0,0,0,0.828,0,0,0,0,0,0,1,0,0,0,1,0.0739581083999136,0.1993090045346577,0
u_3654,0,0,0,0,0,0,0,0,0.909,0,1,0,0,0,0,1,1,15,15,0,0.0736342042755344,0.1976894839127618,0
u_5521,0,0,0,0,0,0,0,0,1.0,0,1,0,0,0,0,1,1,19,19,0,0.0750377888145109,0.2020082055711509,0
u_5945,0,0,0,0,0,0,0,0,0.737,0,1,1,0,0,0,1,0,12,12,0,0.0709350032390412,0.201576333405312,0
u_8502,2,0,2,0,0,2,0,2,0.952,0,1,1,1,0,0,4,3,9,9,0,0.0681278341610883,0.1994169725761174,1
u_325,0,0,0,0,0,0,0,0,0.727,0,0,1,0,0,0,1,0,1,1,1,0.0739581083999136,0.1976894839127618,0
u_2285,0,0,0,0,0,0,0,0,0.952,0,1,0,0,0,0,1,1,21,21,0,0.0723385877780177,0.1994169725761174,0
u_500,0,0,0,0,0,0,0,0,0.824,0,1,0,0,0,0,1,0,10,10,0,0.0739581083999136,0.1993090045346577,0
u_7184,2,0,2,2,0,2,2,2,1.0,1,0,1,1,0,0,3,4,10,10,0,0.0712589073634204,0.201576333405312,1
u_677,0,0,0,0,0,0,0,0,0.706,0,0,0,0,0,0,1,0,13,13,0,0.0739581083999136,0.1994169725761174,0
u_6060,0,0,0,0,0,0,0,0,1.0,0,0,0,0,0,0,1,1,13,13,0,0.0674800259123299,0.2020082055711509,0
u_1285,0,0,0,0,0,0,0,0,0.706,0,1,0,0,0,0,1,0,10,10,0,0.0712589073634204,0.1976894839127618,0
u_7229,1,0,1,1,1,1,1,1,0.737,0,1,0,0,0,0,3,3,4,4,1,0.0739581083999136,0.2020082055711509,1
u_4661,0,0,0,0,0,0,0,0,0.87,0,1,1,0,0,0,1,1,2,2,1,0.0712589073634204,0.201576333405312,0
u_1986,0,0,0,0,0,0,0,0,0.727,0,1,0,0,0,0,1,0,1,1,1,0.071798747570719,0.2020082055711509,0
u_7076,4,0,5,0,0,4,0,5,1.0,0,1,1,1,0,0,6,3,8,8,0,0.0684517382854675,0.201576333405312,1
u_1510,0,0,0,0,0,0,0,0,0.783,0,1,1,0,0,0,1,0,21,21,0,0.071798747570719,0.201576333405312,0
u_1974,0,0,0,0,0,0,0,0,0.706,0,1,0,0,0,0,1,0,15,15,0,0.0643489527099978,0.201576333405312,0
u_9247,1,0,1,1,1,1,1,1,1.0,0,0,0,0,0,0,3,4,0,0,1,0.071798747570719,0.1994169725761174,1
u_7955,1,0,2,0,0,1,0,2,1.0,1,0,1,1,0,0,5,3,4,4,1,0.0723385877780177,0.1993090045346577,1
u_7065,3,3,4,0,0,3,0,4,0.667,0,0,1,0,0,0,5,2,21,21,0,0.0709350032390412,0.1994169725761174,1
u_3371,0,0,0,0,0,0,0,0,0.667,0,0,0,0,0,0,1,0,17,17,0,0.0736342042755344,0.201576333405312,0
u_8015,0,0,1,0,0,0,0,1,0.778,1,0,1,1,0,0,3,1,16,16,0,0.0674800259123299,0.1976894839127618,1
u_8558,2,0,4,2,0,2,2,4,1.0,0,1,0,0,0,0,7,4,4,4,1,0.071798747570719,0.1994169725761174,1
u_2279,0,0,0,0,0,0,0,0,0.714,0,0,0,0,0,0,1,0,10,10,0,0.071798747570719,0.1994169725761174,0
u_7920,0,0,1,0,0,0,0,1,0.966,0,1,1,1,0,0,3,2,16,16,0,0.0674800259123299,0.201576333405312,1
u_5669,0,0,0,0,0,0,0,0,1.0,0,0,0,0,1,1,1,1,6,6,0,0.0643489527099978,0.1993090045346577,0
u_7082,1,1,2,0,0,1,0,2,0.824,1,0,1,1,0,0,5,2,0,0,1,0.0736342042755344,0.1993090045346577,1
u_5327,0,0,0,0,0,0,0,0,0.778,0,0,0,0,1,1,1,0,19,19,0,0.0712589073634204,0.1976894839127618,0
u_6262,0,0,0,0,0,0,0,0,0.727,0,1,0,0,0,0,1,0,2,2,1,0.0736342042755344,0.1994169725761174,0
u_9095,4,2,4,0,0,4,0,4,0.714,0,0,1,1,0,0,5,2,23,23,0,0.0643489527099978,0.1993090045346577,1
u_9011,0,0,0,0,0,0,0,0,0.75,1,0,0,0,0,0,1,0,14,14,0,0.0723385877780177,0.1993090045346577,1
u_906,0,0,0,0,0,0,0,0,0.783,0,1,1,0,0,0,1,0,10,10,0,0.0643489527099978,0.201576333405312,0
u_7338,0,0,0,0,0,0,0,0,0.7,0,1,1,0,0,0,1,0,22,22,0,0.0739581083999136,0.1994169725761174,1
u_5558,0,0,0,0,0,0,0,0,0.8,0,0,1,0,0,0,1,0,12,12,0,0.0684517382854675,0.2020082055711509,0
u_3362,0,0,0,0,0,0,0,0,0.762,0,1,1,0,0,0,1,0,16,16,0,0.0723385877780177,0.2020082055711509,0
u_8371,0,0,0,0,0,0,0,0,0.857,1,0,1,1,0,0,1,1,14,14,0,0.0739581083999136,0.2020082055711509,1
u_3335,0,0,0,0,0,0,0,0,0.8,0,1,1,0,0,0,1,0,13,13,0,0.0730943640682358,0.1976894839127618,0
u_121,0,0,0,0,0,0,0,0,0.769,0,0,0,0,0,0,1,0,19,19,0,0.0750377888145109,0.201576333405312,0
u_2237,0,0,0,0,0,0,0,0,0.824,0,0,0,0,0,0,1,0,12,12,0,0.0739581083999136,0.1994169725761174,0
u_2882,0,0,0,0,0,0,0,0,0.706,0,0,0,0,0,0,1,0,17,17,0,0.071798747570719,0.1993090045346577,0
u_6994,0,1,1,1,0,0,1,1,0.783,0,1,1,1,0,0,3,2,1,1,1,0.0736342042755344,0.1976894839127618,1
u_686,0,0,0,0,0,0,0,0,0.75,0,0,0,0,0,0,1,0,20,20,0,0.0681278341610883,0.1994169725761174,0
u_986,0,0,0,0,0,0,0,0,0.667,0,1,1,0,0,0,1,0,16,16,0,0.0712589073634204,0.1976894839127618,0
u_4311,0,0,0,0,0,0,0,0,0.87,0,0,0,0,0,0,1,1,14,14,0,0.0730943640682358,0.1994169725761174,0
u_8645,0,0,3,2,0,0,2,3,0.957,1,0,1,1,0,0,4,3,18,18,0,0.0739581083999136,0.201576333405312,1
u_6387,0,0,0,0,0,0,0,0,0.75,0,1,0,0,0,0,1,0,20,20,0,0.0643489527099978,0.1993090045346577,0
u_4236,0,0,0,0,0,0,0,0,0.857,0,0,0,0,0,0,1,1,19,19,0,0.0755776290218095,0.2020082055711509,0
u_3767,0,0,0,0,0,0,0,0,0.818,0,0,0,0,0,0,1,0,18,18,0,0.0712589073634204,0.2020082055711509,0
u_2060,0,0,0,0,0,0,0,0,0.778,0,1,1,0,0,0,1,0,16,16,0,0.0712589073634204,0.1976894839127618,0
u_5023,0,0,0,0,0,0,0,0,0.778,0,1,0,0,0,0,1,0,6,6,0,0.0712589073634204,0.1994169725761174,0
u_4145,0,0,0,0,0,0,0,0,0.769,0,0,0,0,0,0,1,0,3,3,1,0.0712589073634204,0.1993090045346577,0
u_6072,0,0,0,0,0,0,0,0,0.762,0,1,0,0,0,0,1,0,21,21,0,0.0643489527099978,0.201576333405312,0
u_6392,0,0,0,0,0,0,0,0,0.75,0,1,0,0,0,0,1,0,0,0,1,0.0684517382854675,0.1994169725761174,0
u_7091,0,0,0,0,0,0,0,0,0.952,0,0,0,0,0,0,1,1,11,11,0,0.0712589073634204,0.1994169725761174,1
u_2909,0,0,0,0,0,0,0,0,0.667,0,1,0,0,1,1,1,0,8,8,0,0.0739581083999136,0.201576333405312,0
u_5931,0,0,0,0,0,0,0,0,0.737,0,1,0,0,0,0,1,0,13,13,0,0.0681278341610883,0.1976894839127618,0
u_2565,0,0,0,0,0,0,0,0,0.8,0,0,1,0,0,0,1,0,10,10,0,0.0712589073634204,0.2020082055711509,0
u_7189,0,2,4,2,0,0,2,4,0.625,0,1,1,1,0,0,8,2,14,14,0,0.0736342042755344,0.1976894839127618,1
u_4547,0,0,0,0,0,0,0,0,0.842,0,1,0,0,0,0,1,0,8,8,0,0.0750377888145109,0.1993090045346577,0
u_6402,0,0,0,0,0,0,0,0,0.714,0,0,1,0,1,1,1,0,18,18,0,0.0684517382854675,0.1976894839127618,0
u_6863,2,0,3,2,0,2,2,3,0.952,0,1,1,0,0,0,5,4,17,17,0,0.0739581083999136,0.1976894839127618,1
u_1931,0,0,0,0,0,0,0,0,0.762,0,1,0,0,0,0,1,0,0,0,1,0.0709350032390412,0.1976894839127618,0
u_6390,0,0,0,0,0,0,0,0,0.957,0,1,0,0,0,0,1,1,8,8,0,0.0723385877780177,0.1976894839127618,0
u_7089,0,0,1,0,0,0,0,1,0.8,0,0,0,0,0,0,3,1,10,10,0,0.0681278341610883,0.201576333405312,1
u_4945,0,0,0,0,0,0,0,0,0.778,0,1,0,0,0,0,1,0,22,22,0,0.0674800259123299,0.2020082055711509,0
u_7958,3,1,5,0,0,3,0,5,1.0,0,1,1,0,0,0,9,3,10,10,0,0.0723385877780177,0.1993090045346577,1
u_6616,2,1,2,0,0,2,0,2,0.957,0,1,0,0,1,1,4,3,8,8,0,0.0750377888145109,0.201576333405312,1
u_1928,0,0,0,0,0,0,0,0,0.769,0,1,1,0,0,0,1,0,1,1,1,0.0709350032390412,0.2020082055711509,0
u_8660,0,0,1,0,0,0,0,1,0.741,0,0,1,1,0,0,3,1,12,12,0,0.0730943640682358,0.1976894839127618,1
u_8583,0,0,0,0,0,0,0,0,0.8,1,0,0,0,0,0,1,0,13,13,0,0.0723385877780177,0.1993090045346577,1
u_713,0,0,0,0,0,0,0,0,0.818,0,1,0,0,0,0,1,0,0,0,1,0.0755776290218095,0.1993090045346577,0
u_2938,0,0,0,0,0,0,0,0,0.75,0,1,0,0,0,0,1,0,22,22,0,0.0712589073634204,0.1993090045346577,0
u_4849,0,0,0,0,0,0,0,0,0.727,0,0,0,0,0,0,1,0,14,14,0,0.0755776290218095,0.1994169725761174,0
u_7663,2,0,3,2,0,2,2,3,0.952,1,0,1,1,0,0,5,4,5,5,1,0.0709350032390412,0.1993090045346577,1
u_7535,2,0,3,1,0,2,1,3,0.952,0,1,1,1,0,0,6,4,15,15,0,0.0739581083999136,0.1993090045346577,1
u_3793,0,0,0,0,0,0,0,0,0.667,0,0,1,0,0,0,1,0,8,8,0,0.0681278341610883,0.2020082055711509,0
u_5164,0,0,0,0,0,0,0,0,0.87,0,1,1,0,0,0,1,1,12,12,0,0.0755776290218095,0.2020082055711509,0
u_1463,0,0,0,0,0,0,0,0,0.769,0,1,1,0,0,0,1,0,10,10,0,0.0643489527099978,0.201576333405312,0
u_5052,0,0,0,0,0,0,0,0,1.0,0,1,0,0,0,0,1,1,10,10,0,0.0723385877780177,0.201576333405312,0
u_5286,0,0,0,0,0,0,0,0,1.0,0,1,1,0,0,0,1,1,21,21,0,0.0736342042755344,0.2020082055711509,0
u_8111,0,0,2,0,0,0,0,2,0.842,0,1,1,1,0,0,4,1,3,3,1,0.0684517382854675,0.1976894839127618,1
u_8032,1,0,2,2,0,1,2,2,1.0,1,0,0,0,0,0,4,4,23,23,0,0.0730943640682358,0.1976894839127618,1
u_84,0,0,0,0,0,0,0,0,0.8,0,1,0,0,0,0,1,0,13,13,0,0.0674800259123299,0.2020082055711509,0
u_2038,0,0,0,0,0,0,0,0,0.727,0,1,1,0,0,0,1,0,7,7,0,0.0723385877780177,0.1994169725761174,0
u_5004,0,0,0,0,0,0,0,0,0.727,0,1,0,0,0,0,1,0,9,9,0,0.0755776290218095,0.1993090045346577,0
u_1149,0,0,0,0,0,0,0,0,0.941,0,1,1,0,0,0,1,1,2,2,1,0.0739581083999136,0.1976894839127618,0
u_6373,0,0,0,0,0,0,0,0,1.0,0,1,0,0,0,0,1,1,4,4,1,0.0712589073634204,0.2020082055711509,0
u_5115,0,0,0,0,0,0,0,0,0.833,0,0,0,0,0,0,1,0,22,22,0,0.0739581083999136,0.2020082055711509,0
u_6062,0,0,0,0,0,0,0,0,0.96,0,0,1,0,0,0,1,1,23,23,0,0.0709350032390412,0.2020082055711509,0
u_6514,3,0,3,1,0,3,1,3,0.875,0,1,1,0,0,0,5,4,10,10,0,0.0681278341610883,0.1994169725761174,1
u_3623,0,0,0,0,0,0,0,0,0.815,0,1,0,0,0,0,1,0,12,12,0,0.0674800259123299,0.1993090045346577,0
u_5727,0,0,0,0,0,0,0,0,0.762,0,1,1,0,0,0,1,0,8,8,0,0.0723385877780177,0.201576333405312,0
u_7899,0,0,1,0,0,0,0,1,0.778,0,1,0,0,1,1,3,1,2,2,1,0.0750377888145109,0.1993090045346577,1
u_2708,0,0,0,0,0,0,0,0,0.818,0,0,0,0,0,0,1,0,16,16,0,0.071798747570719,0.1994169725761174,0
u_1676,0,0,0,0,0,0,0,0,0.737,0,1,0,0,0,0,1,0,13,13,0,0.0681278341610883,0.1993090045346577,0
u_770,0,0,0,0,0,0,0,0,0.762,0,1,1,0,0,0,1,0,8,8,0,0.0723385877780177,0.2020082055711509,0
u_5772,0,0,0,0,0,0,0,0,0.667,0,0,0,0,1,1,1,0,16,16,0,0.0755776290218095,0.1994169725761174,0
u_5005,0,0,0,0,0,0,0,0,0.933,0,1,0,0,0,0,1,1,11,11,0,0.0674800259123299,0.2020082055711509,0
u_4736,0,0,0,0,0,0,0,0,1.0,0,0,0,0,0,0,1,1,16,16,0,0.0643489527099978,0.2020082055711509,0
u_2665,0,0,0,0,0,0,0,0,0.667,0,0,1,0,0,0,1,0,5,5,1,0.0643489527099978,0.1994169725761174,0
u_1217,0,0,0,0,0,0,0,0,0.737,0,0,0,0,0,0,1,0,8,8,0,0.0709350032390412,0.201576333405312,0
u_7537,3,1,4,2,0,3,2,4,0.952,0,1,1,1,0,0,6,4,17,17,0,0.0739581083999136,0.1993090045346577,1
u_346,0,0,0,0,0,0,0,0,0.778,0,1,0,0,0,0,1,0,23,23,0,0.0739581083999136,0.201576333405312,0
u_5644,0,0,0,0,0,0,0,0,0.8,0,1,0,0,0,0,1,0,19,19,0,0.0755776290218095,0.1994169725761174,0
u_4309,0,0,0,0,0,0,0,0,0.8,0,0,0,0,0,0,1,0,20,20,0,0.0684517382854675,0.2020082055711509,0
u_8899,0,0,3,2,2,0,2,3,0.727,0,0,1,1,0,0,4,2,14,14,0,0.0643489527099978,0.2020082055711509,1
u_5663,0,0,0,0,0,0,0,0,0.727,0,1,0,0,0,0,1,0,4,4,1,0.0739581083999136,0.201576333405312,0
u_912,0,0,0,0,0,0,0,0,0.75,0,1,0,0,0,0,1,0,19,19,0,0.0643489527099978,0.1993090045346577,0
u_944,0,0,0,0,0,0,0,0,1.0,0,0,0,0,0,0,1,1,2,2,1,0.0750377888145109,0.1976894839127618,0
u_3775,0,0,0,0,0,0,0,0,1.0,0,0,0,0,0,0,1,1,2,2,1,0.0643489527099978,0.1994169725761174,0
u_7647,0,0,0,0,0,0,0,0,0.87,0,1,1,1,0,0,1,1,4,4,1,0.0712589073634204,0.1994169725761174,1
u_8521,2,0,3,2,0,2,2,3,1.0,1,0,1,0,0,0,5,4,10,10,0,0.0681278341610883,0.1993090045346577,1
u_4083,0,0,0,0,0,0,0,0,0.737,0,1,0,0,0,0,1,0,4,4,1,0.0723385877780177,0.1976894839127618,0
u_9089,3,4,4,2,0,3,2,4,1.0,0,1,1,1,0,0,6,4,2,2,1,0.0750377888145109,0.2020082055711509,1
u_746,0,0,0,0,0,0,0,0,0.783,0,1,0,0,0,0,1,0,4,4,1,0.0723385877780177,0.201576333405312,0
u_8586,1,0,1,0,0,1,0,1,0.952,1,0,0,0,0,0,3,3,13,13,0,0.0723385877780177,0.1993090045346577,1
u_1280,0,0,0,0,0,0,0,0,0.8,0,1,0,0,0,0,1,0,16,16,0,0.0755776290218095,0.1994169725761174,0
u_314,0,0,0,0,0,0,0,0,0.941,0,1,0,0,0,0,1,1,21,21,0,0.0723385877780177,0.1994169725761174,0
u_3925,0,0,0,0,0,0,0,0,1.0,0,0,1,0,0,0,1,1,19,19,0,0.0739581083999136,0.1994169725761174,0
u_548,0,0,0,0,0,0,0,0,0.667,0,1,0,0,0,0,1,0,19,19,0,0.0730943640682358,0.1976894839127618,0
u_2387,0,0,0,0,0,0,0,0,0.833,0,1,0,0,0,0,1,0,22,22,0,0.0730943640682358,0.1993090045346577,0
u_6219,0,0,0,0,0,0,0,0,0.7,0,0,1,0,0,0,1,0,14,14,0,0.0750377888145109,0.2020082055711509,0
u_7020,3,0,5,3,0,3,3,5,1.0,1,0,1,1,0,0,7,4,18,18,0,0.0739581083999136,0.201576333405312,1
u_4724,0,0,0,0,0,0,0,0,0.737,0,1,0,0,0,0,1,0,12,12,0,0.0739581083999136,0.1994169725761174,0
u_1148,0,0,0,0,0,0,0,0,1.0,0,1,0,0,0,0,1,1,0,0,1,0.0739581083999136,0.201576333405312,0
u_7872,0,0,1,0,0,0,0,1,0.857,0,1,1,1,0,0,3,2,4,4,1,0.0643489527099978,0.1994169725761174,1
u_6429,0,0,0,0,0,0,0,0,0.727,0,1,1,0,0,0,1,0,1,1,1,0.071798747570719,0.1993090045346577,0
u_4429,0,0,0,0,0,0,0,0,0.696,0,0,0,0,0,0,1,0,22,22,0,0.0730943640682358,0.2020082055711509,0
u_5883,0,0,0,0,0,0,0,0,1.0,0,1,0,0,0,0,1,1,23,23,0,0.0736342042755344,0.1976894839127618,0
u_2659,0,0,0,0,0,0,0,0,0.9,0,1,1,0,1,1,1,1,3,3,1,0.0723385877780177,0.201576333405312,0
u_6162,0,0,0,0,0,0,0,0,0.636,0,1,0,0,0,0,1,0,18,18,0,0.0730943640682358,0.201576333405312,0
u_4355,0,0,0,0,0,0,0,0,1.0,0,1,0,0,0,0,1,1,21,21,0,0.0736342042755344,0.201576333405312,0
u_5726,0,0,0,0,0,0,0,0,0.824,0,1,1,0,0,0,1,0,13,13,0,0.0736342042755344,0.1976894839127618,0
u_4504,0,0,0,0,0,0,0,0,0.75,0,1,1,0,0,0,1,0,18,18,0,0.0709350032390412,0.1976894839127618,0
u_3984,0,0,0,0,0,0,0,0,0.727,0,1,0,0,0,0,1,0,17,17,0,0.0736342042755344,0.1976894839127618,0
u_8999,3,0,3,3,1,3,3,3,0.875,0,0,0,0,0,0,3,4,23,23,0,0.0755776290218095,0.1993090045346577,1
u_2580,0,0,0,0,0,0,0,0,0.696,0,0,1,0,0,0,1,0,16,16,0,0.0739581083999136,0.1976894839127618,0
u_8940,1,0,1,0,0,1,0,1,0.75,0,0,1,1,0,0,3,2,12,12,0,0.0736342042755344,0.2020082055711509,1
u_9167,0,0,1,0,0,0,0,1,0.762,0,1,1,1,1,1,3,1,18,18,0,0.0739581083999136,0.1993090045346577,1
u_5447,0,0,0,0,0,0,0,0,0.737,0,0,0,0,0,0,1,0,4,4,1,0.071798747570719,0.1993090045346577,0
u_4072,0,0,0,0,0,0,0,0,0.8,0,1,0,0,0,0,1,0,20,20,0,0.0755776290218095,0.201576333405312,0
u_4703,0,0,0,0,0,0,0,0,0.727,0,1,0,0,0,0,1,0,0,0,1,0.0755776290218095,0.1994169725761174,0
u_7257,2,0,3,0,0,2,0,3,1.0,1,0,0,0,0,0,4,3,18,18,0,0.0643489527099978,0.1993090045346577,1
u_1949,0,0,0,0,0,0,0,0,0.818,0,0,1,0,0,0,1,0,17,17,0,0.0739581083999136,0.1993090045346577,0
u_6708,0,0,0,0,0,0,0,0,0.875,1,0,1,0,0,0,1,1,13,13,0,0.0709350032390412,0.1994169725761174,1
u_3045,0,0,0,0,0,0,0,0,0.72,0,1,0,0,0,0,1,0,23,23,0,0.0739581083999136,0.201576333405312,0
u_6837,0,0,1,1,0,0,1,1,1.0,1,0,1,1,0,0,3,3,8,8,0,0.0750377888145109,0.1976894839127618,1
u_480,0,0,0,0,0,0,0,0,0.8,0,0,0,0,0,0,1,0,7,7,0,0.0681278341610883,0.1993090045346577,0
u_7410,1,1,1,1,1,1,1,1,0.933,0,0,1,1,0,0,3,4,16,16,0,0.0739581083999136,0.1993090045346577,1
u_8225,0,0,0,0,0,0,0,0,0.875,1,0,1,1,0,0,1,1,6,6,0,0.0730943640682358,0.1976894839127618,1
u_6375,0,0,0,0,0,0,0,0,0.783,0,1,0,0,0,0,1,0,15,15,0,0.0730943640682358,0.1976894839127618,0
u_1664,0,0,0,0,0,0,0,0,0.818,0,1,0,0,0,0,1,0,11,11,0,0.0739581083999136,0.2020082055711509,0
u_6483,0,0,0,0,0,0,0,0,0.824,0,0,1,0,0,0,1,0,12,12,0,0.0755776290218095,0.1993090045346577,0
u_6178,0,0,0,0,0,0,0,0,0.88,0,1,0,0,0,0,1,1,19,19,0,0.0739581083999136,0.1993090045346577,0
u_8537,1,0,1,0,0,1,0,1,0.96,0,1,1,0,0,0,3,3,14,14,0,0.0739581083999136,0.1994169725761174,1
u_3661,0,0,0,0,0,0,0,0,0.8,0,0,0,0,0,0,1,0,14,14,0,0.0723385877780177,0.2020082055711509,0
u_8956,0,0,2,0,0,0,0,2,1.0,0,1,1,0,0,0,5,2,11,11,0,0.0681278341610883,0.201576333405312,1
u_4602,0,0,0,0,0,0,0,0,0.833,0,1,1,0,0,0,1,0,21,21,0,0.0674800259123299,0.1993090045346577,0
u_1627,0,0,0,0,0,0,0,0,0.737,0,1,0,0,0,0,1,0,13,13,0,0.0739581083999136,0.1976894839127618,0
u_6356,0,0,0,0,0,0,0,0,0.706,0,0,1,0,0,0,1,0,23,23,0,0.0674800259123299,0.201576333405312,0
u_8980,2,3,4,1,0,2,1,4,0.727,1,0,1,1,0,0,8,3,4,4,1,0.0712589073634204,0.201576333405312,1
u_7055,2,1,2,0,0,2,0,2,0.8,0,1,0,0,0,0,4,2,15,15,0,0.0739581083999136,0.2020082055711509,1
u_6992,0,0,4,2,0,0,2,4,0.952,1,0,1,1,0,0,5,3,6,6,0,0.0712589073634204,0.201576333405312,1
u_1558,0,0,0,0,0,0,0,0,0.714,0,0,0,0,0,0,1,0,11,11,0,0.0739581083999136,0.1976894839127618,0
u_8715,0,0,0,0,0,0,0,0,0.952,0,1,1,1,0,0,1,1,1,1,1,0.0755776290218095,0.1993090045346577,1
u_2348,0,0,0,0,0,0,0,0,0.727,0,0,1,0,0,0,1,0,19,19,0,0.0736342042755344,0.201576333405312,0
u_6718,0,0,2,1,0,0,1,2,0.947,0,0,0,0,0,0,4,3,20,20,0,0.0709350032390412,0.201576333405312,1
u_1955,0,0,0,0,0,0,0,0,0.818,0,1,0,0,0,0,1,0,15,15,0,0.0684517382854675,0.1976894839127618,0
u_6426,0,0,0,0,0,0,0,0,0.818,0,1,1,0,0,0,1,0,14,14,0,0.071798747570719,0.1994169725761174,0
u_8342,3,0,3,0,0,3,0,3,0.947,0,1,0,0,0,0,3,3,15,15,0,0.0739581083999136,0.1994169725761174,1
u_5233,0,0,0,0,0,0,0,0,0.8,0,0,0,0,0,0,1,0,3,3,1,0.0712589073634204,0.1976894839127618,0
u_3636,0,0,0,0,0,0,0,0,0.8,0,1,0,0,0,0,1,0,6,6,0,0.0709350032390412,0.201576333405312,0
u_3698,0,0,0,0,0,0,0,0,0.7,0,0,0,0,0,0,1,0,23,23,0,0.0674800259123299,0.1994169725761174,0
u_818,0,0,0,0,0,0,0,0,0.737,0,1,0,0,0,0,1,0,23,23,0,0.071798747570719,0.1976894839127618,0
u_6460,0,0,0,0,0,0,0,0,0.75,0,0,0,0,0,0,1,0,9,9,0,0.0755776290218095,0.2020082055711509,0
u_4532,0,0,0,0,0,0,0,0,0.714,0,1,1,0,0,0,1,0,19,19,0,0.0723385877780177,0.1993090045346577,0
u_1977,0,0,0,0,0,0,0,0,1.0,0,1,1,0,0,0,1,1,4,4,1,0.0681278341610883,0.1994169725761174,0
u_1702,0,0,0,0,0,0,0,0,0.667,0,0,0,0,0,0,1,0,21,21,0,0.0739581083999136,0.201576333405312,0
u_1527,0,0,0,0,0,0,0,0,0.72,0,0,0,0,0,0,1,0,13,13,0,0.0736342042755344,0.1994169725761174,0
u_2090,0,0,0,0,0,0,0,0,0.947,0,1,0,0,0,0,1,1,6,6,0,0.0736342042755344,0.1993090045346577,0
u_1521,0,0,0,0,0,0,0,0,0.778,0,1,1,0,0,0,1,0,22,22,0,0.0643489527099978,0.1994169725761174,0
u_215,0,0,0,0,0,0,0,0,0.8,0,1,0,0,0,0,1,0,12,12,0,0.0643489527099978,0.1994169725761174,0
u_8556,1,1,2,0,0,1,0,2,0.952,1,0,1,0,0,0,4,3,0,0,1,0.0674800259123299,0.1994169725761174,1
u_8738,0,0,0,0,0,0,0,0,0.667,0,1,1,1,0,0,1,0,23,23,0,0.0736342042755344,0.1976894839127618,1
u_7092,3,1,3,0,0,3,0,3,0.857,0,1,1,1,1,1,4,3,12,12,0,0.0750377888145109,0.1994169725761174,1
u_8439,3,1,3,0,0,3,0,3,1.0,0,1,0,0,0,0,5,3,21,21,0,0.0684517382854675,0.2020082055711509,1
u_2863,0,0,0,0,0,0,0,0,0.818,0,0,0,0,0,0,1,0,23,23,0,0.0674800259123299,0.201576333405312,0
u_2176,0,0,0,0,0,0,0,0,0.833,0,1,0,0,0,0,1,0,21,21,0,0.0674800259123299,0.201576333405312,0
u_5833,0,0,0,0,0,0,0,0,0.75,0,1,0,0,0,0,1,0,20,20,0,0.0736342042755344,0.201576333405312,0
u_6853,1,0,1,0,0,1,0,1,1.0,1,0,1,1,0,0,3,3,9,9,0,0.0712589073634204,0.2020082055711509,1
u_1293,0,0,0,0,0,0,0,0,0.75,0,0,0,0,0,0,1,0,15,15,0,0.0739581083999136,0.201576333405312,0
u_471,0,0,0,0,0,0,0,0,0.72,0,1,1,0,0,0,1,0,12,12,0,0.0739581083999136,0.2020082055711509,0
u_5085,0,0,0,0,0,0,0,0,0.696,0,1,1,0,0,0,1,0,5,5,1,0.071798747570719,0.1994169725761174,0
u_5353,0,0,0,0,0,0,0,0,0.833,0,1,0,0,0,0,1,0,6,6,0,0.0712589073634204,0.1993090045346577,0
u_9141,0,0,0,0,0,0,0,0,0.842,0,1,1,0,0,0,1,0,6,6,0,0.0755776290218095,0.1976894839127618,1
u_7520,0,0,0,0,0,0,0,0,1.0,0,1,1,1,0,0,1,1,7,7,0,0.0643489527099978,0.201576333405312,1
u_2611,0,0,0,0,0,0,0,0,0.783,0,0,0,0,0,0,1,0,7,7,0,0.0674800259123299,0.2020082055711509,0
u_897,0,0,0,0,0,0,0,0,0.8,0,0,0,0,0,0,1,0,9,9,0,0.0712589073634204,0.1994169725761174,0
u_4666,0,0,0,0,0,0,0,0,1.0,0,1,0,0,0,0,1,1,0,0,1,0.0736342042755344,0.201576333405312,0
u_3632,0,0,0,0,0,0,0,0,0.857,0,1,0,0,1,1,1,1,3,3,1,0.0750377888145109,0.201576333405312,0
u_7105,0,0,0,0,0,0,0,0,0.842,0,0,1,1,0,0,1,0,21,21,0,0.0684517382854675,0.2020082055711509,1
u_925,0,0,0,0,0,0,0,0,0.75,0,1,0,0,0,0,1,0,18,18,0,0.0681278341610883,0.1993090045346577,0
u_1460,0,0,0,0,0,0,0,0,1.0,0,1,0,0,0,0,1,1,3,3,1,0.0739581083999136,0.201576333405312,0
u_156,0,0,0,0,0,0,0,0,0.75,0,1,0,0,0,0,1,0,7,7,0,0.0739581083999136,0.201576333405312,0
u_6910,4,3,4,3,0,4,3,4,1.0,1,0,0,0,0,0,4,4,4,4,1,0.0723385877780177,0.1993090045346577,1
u_2564,0,0,0,0,0,0,0,0,1.0,0,1,0,0,0,0,1,1,18,18,0,0.0739581083999136,0.2020082055711509,0
u_8658,2,2,2,1,0,2,1,2,1.0,0,1,1,1,0,0,4,4,2,2,1,0.0681278341610883,0.2020082055711509,1
u_2087,0,0,0,0,0,0,0,0,0.833,0,1,0,0,0,0,1,0,0,0,1,0.071798747570719,0.1993090045346577,0
u_2991,0,0,0,0,0,0,0,0,0.75,0,0,0,0,0,0,1,0,3,3,1,0.0755776290218095,0.1976894839127618,0
u_8,0,0,0,0,0,0,0,0,0.8,0,1,0,0,0,0,1,0,17,17,0,0.0681278341610883,0.2020082055711509,0
u_4350,0,0,0,0,0,0,0,0,0.769,0,1,0,0,1,1,1,0,9,9,0,0.0643489527099978,0.201576333405312,0
u_1722,0,0,0,0,0,0,0,0,0.737,0,0,0,0,0,0,1,0,17,17,0,0.0723385877780177,0.1994169725761174,0
u_6082,0,0,0,0,0,0,0,0,0.762,0,1,0,0,0,0,1,0,1,1,1,0.0739581083999136,0.1993090045346577,0
u_8087,0,0,0,0,0,0,0,0,0.727,0,1,1,1,0,0,1,0,1,1,1,0.0709350032390412,0.1993090045346577,1
u_6243,0,0,0,0,0,0,0,0,0.706,0,1,0,0,0,0,1,0,9,9,0,0.0643489527099978,0.1993090045346577,0
u_4835,0,0,0,0,0,0,0,0,0.72,0,0,0,0,0,0,1,0,16,16,0,0.0681278341610883,0.1994169725761174,0
u_3868,0,0,0,0,0,0,0,0,0.737,0,1,1,0,0,0,1,0,2,2,1,0.0755776290218095,0.1993090045346577,0
u_3260,0,0,0,0,0,0,0,0,0.737,0,1,1,0,0,0,1,0,15,15,0,0.0643489527099978,0.2020082055711509,0
u_2807,0,0,0,0,0,0,0,0,0.8,0,1,1,0,0,0,1,0,6,6,0,0.0723385877780177,0.1976894839127618,0
u_2749,0,0,0,0,0,0,0,0,0.667,0,1,0,0,0,0,1,0,10,10,0,0.0684517382854675,0.1976894839127618,0
u_114,0,0,0,0,0,0,0,0,0.783,0,1,0,0,0,0,1,0,18,18,0,0.0750377888145109,0.1993090045346577,0
u_5382,0,0,0,0,0,0,0,0,0.952,0,1,0,0,0,0,1,1,22,22,0,0.0712589073634204,0.1994169725761174,0
u_7667,0,0,1,0,0,0,0,1,0.818,0,1,0,0,0,0,3,1,17,17,0,0.0739581083999136,0.1993090045346577,1
u_7469,0,0,0,0,0,0,0,0,0.737,1,0,1,1,0,0,1,0,15,15,0,0.0739581083999136,0.1994169725761174,1
u_5312,0,0,0,0,0,0,0,0,0.75,0,1,0,0,0,0,1,0,13,13,0,0.0750377888145109,0.1976894839127618,0
u_6157,0,0,0,0,0,0,0,0,0.846,0,1,0,0,0,0,1,0,18,18,0,0.0730943640682358,0.1994169725761174,0
u_4123,0,0,0,0,0,0,0,0,0.706,0,0,0,0,0,0,1,0,10,10,0,0.0712589073634204,0.1993090045346577,0
u_7086,0,0,1,0,0,0,0,1,1.0,0,1,0,0,0,0,3,2,23,23,0,0.0736342042755344,0.1976894839127618,1
u_8048,0,1,1,1,0,0,1,1,1.0,0,1,1,1,0,0,3,3,16,16,0,0.0739581083999136,0.1976894839127618,1
u_1174,0,0,0,0,0,0,0,0,1.0,0,0,0,0,0,0,1,1,8,8,0,0.0755776290218095,0.1976894839127618,0
u_3819,0,0,0,0,0,0,0,0,0.783,0,1,1,0,0,0,1,0,3,3,1,0.0723385877780177,0.1976894839127618,0
u_1950,0,0,0,0,0,0,0,0,1.0,0,1,0,0,0,0,1,1,8,8,0,0.0674800259123299,0.1993090045346577,0
u_5269,0,0,0,0,0,0,0,0,0.762,0,1,0,0,0,0,1,0,13,13,0,0.0739581083999136,0.1994169725761174,0
u_2772,0,0,0,0,0,0,0,0,0.696,0,1,0,0,0,0,1,0,7,7,0,0.0739581083999136,0.201576333405312,0
u_7426,0,0,3,2,0,0,2,3,0.957,0,1,0,0,0,0,5,3,1,1,1,0.0684517382854675,0.1976894839127618,1
u_8655,0,0,0,0,0,0,0,0,0.818,1,0,1,1,0,0,1,0,1,1,1,0.0681278341610883,0.2020082055711509,1
u_8969,0,0,0,0,0,0,0,0,0.783,0,1,1,1,1,1,1,0,14,14,0,0.0723385877780177,0.1976894839127618,1
u_6500,0,0,0,0,0,0,0,0,0.727,1,0,1,1,0,0,1,0,0,0,1,0.0755776290218095,0.201576333405312,1
u_7185,0,0,0,0,0,0,0,0,0.667,0,0,1,1,0,0,1,0,11,11,0,0.0736342042755344,0.1976894839127618,1
u_197,0,0,0,0,0,0,0,0,0.7,0,1,0,0,0,0,1,0,13,13,0,0.0730943640682358,0.201576333405312,0
u_6436,0,0,0,0,0,0,0,0,0.762,0,1,0,0,0,0,1,0,5,5,1,0.0739581083999136,0.1994169725761174,0
u_2394,0,0,0,0,0,0,0,0,0.727,0,1,1,0,0,0,1,0,16,16,0,0.0712589073634204,0.2020082055711509,0
u_440,0,0,0,0,0,0,0,0,0.727,0,1,0,0,0,0,1,0,23,23,0,0.0723385877780177,0.2020082055711509,0
u_2769,0,0,0,0,0,0,0,0,0.8,0,0,1,0,0,0,1,0,12,12,0,0.0736342042755344,0.2020082055711509,0
u_3402,0,0,0,0,0,0,0,0,1.0,0,1,0,0,0,0,1,1,10,10,0,0.0712589073634204,0.2020082055711509,0
u_8995,2,0,2,2,1,2,2,2,1.0,0,0,0,0,0,0,3,4,16,16,0,0.0755776290218095,0.2020082055711509,1
u_1366,0,0,0,0,0,0,0,0,0.786,0,1,1,0,0,0,1,0,9,9,0,0.0712589073634204,0.1993090045346577,0
u_7460,0,0,0,0,0,0,0,0,0.889,0,0,0,0,0,0,1,1,13,13,0,0.0712589073634204,0.1994169725761174,1
u_2725,0,0,0,0,0,0,0,0,0.769,0,1,0,0,0,0,1,0,16,16,0,0.0709350032390412,0.1993090045346577,0
u_536,0,0,0,0,0,0,0,0,0.783,0,1,0,0,0,0,1,0,15,15,0,0.0739581083999136,0.1994169725761174,0
u_1945,0,0,0,0,0,0,0,0,0.769,0,1,0,0,0,0,1,0,20,20,0,0.0730943640682358,0.1994169725761174,0
u_5305,0,0,0,0,0,0,0,0,0.706,0,1,0,0,0,0,1,0,13,13,0,0.0739581083999136,0.201576333405312,0
u_250,0,0,0,0,0,0,0,0,0.8,0,1,1,0,0,0,1,0,11,11,0,0.0739581083999136,0.1993090045346577,0
u_5505,0,0,0,0,0,0,0,0,0.857,0,0,1,0,0,0,1,1,13,13,0,0.0750377888145109,0.201576333405312,0
u_3005,0,0,0,0,0,0,0,0,0.75,0,1,1,0,0,0,1,0,16,16,0,0.0712589073634204,0.1993090045346577,0
u_230,0,0,0,0,0,0,0,0,1.0,0,1,0,0,0,0,1,1,9,9,0,0.0681278341610883,0.1993090045346577,0
u_6586,3,0,4,0,0,3,0,4,0.875,1,0,1,1,0,0,6,3,0,0,1,0.0736342042755344,0.1994169725761174,1
u_3160,0,0,0,0,0,0,0,0,0.842,0,1,0,0,0,0,1,0,4,4,1,0.0755776290218095,0.2020082055711509,0
u_8436,3,2,3,2,0,3,2,3,1.0,0,1,0,0,0,0,4,4,22,22,0,0.0730943640682358,0.1976894839127618,1
u_4798,0,0,0,0,0,0,0,0,0.75,0,1,0,0,0,0,1,0,12,12,0,0.0712589073634204,0.1994169725761174,0
u_910,0,0,0,0,0,0,0,0,0.75,0,0,0,0,0,0,1,0,19,19,0,0.0739581083999136,0.201576333405312,0
u_3186,0,0,0,0,0,0,0,0,0.8,0,0,1,0,0,0,1,0,16,16,0,0.0739581083999136,0.1993090045346577,0
u_4180,0,0,0,0,0,0,0,0,0.8,0,0,1,0,0,0,1,0,20,20,0,0.0755776290218095,0.1976894839127618,0
u_1701,0,0,0,0,0,0,0,0,0.952,0,1,0,0,1,1,1,1,6,6,0,0.071798747570719,0.2020082055711509,0
u_731,0,0,0,0,0,0,0,0,0.8,0,0,1,0,0,0,1,0,23,23,0,0.0730943640682358,0.1994169725761174,0
u_4019,0,0,0,0,0,0,0,0,1.0,0,0,0,0,0,0,1,1,23,23,0,0.0723385877780177,0.1976894839127618,0
u_6592,0,0,0,0,0,0,0,0,0.7,1,0,1,1,0,0,1,0,7,7,0,0.0712589073634204,0.1994169725761174,1
u_7743,2,0,3,0,0,2,0,3,0.8,1,0,0,0,1,1,5,2,10,10,0,0.0739581083999136,0.1993090045346577,1
u_8360,0,0,0,0,0,0,0,0,0.72,0,1,1,1,0,0,1,0,2,2,1,0.0730943640682358,0.2020082055711509,1
u_7589,0,0,0,0,0,0,0,0,0.72,1,0,1,0,0,0,1,0,9,9,0,0.071798747570719,0.1993090045346577,1
u_3103,0,0,0,0,0,0,0,0,0.778,0,1,0,0,0,0,1,0,12,12,0,0.0736342042755344,0.1976894839127618,0
u_2771,0,0,0,0,0,0,0,0,0.75,0,0,0,0,0,0,1,0,17,17,0,0.0755776290218095,0.2020082055711509,0
u_6161,0,0,0,0,0,0,0,0,0.8,0,1,0,0,0,0,1,0,21,21,0,0.071798747570719,0.2020082055711509,0
u_7308,3,0,3,0,0,3,0,3,1.0,0,1,0,0,0,0,5,3,11,11,0,0.0684517382854675,0.1976894839127618,1
u_8257,1,0,1,0,0,1,0,1,0.833,0,1,0,0,1,1,3,2,1,1,1,0.0755776290218095,0.2020082055711509,1
u_2786,0,0,0,0,0,0,0,0,0.909,0,1,0,0,0,0,1,1,7,7,0,0.0681278341610883,0.1994169725761174,0
u_8375,3,0,4,3,0,3,3,4,0.957,1,0,1,1,0,0,5,4,17,17,0,0.0739581083999136,0.201576333405312,1
u_3688,0,0,0,0,0,0,0,0,0.7,0,0,1,0,0,0,1,0,17,17,0,0.0736342042755344,0.1994169725761174,0
u_7045,0,0,0,0,0,0,0,0,0.857,0,0,1,0,0,0,1,1,9,9,0,0.0739581083999136,0.1976894839127618,1
u_1121,0,0,0,0,0,0,0,0,0.8,0,0,0,0,0,0,1,0,4,4,1,0.0681278341610883,0.2020082055711509,0
u_5488,0,0,0,0,0,0,0,0,0.737,0,1,0,0,0,0,1,0,0,0,1,0.0736342042755344,0.1994169725761174,0
u_2658,0,0,0,0,0,0,0,0,0.815,0,1,1,0,0,0,1,0,9,9,0,0.0643489527099978,0.1976894839127618,0
u_5879,0,0,0,0,0,0,0,0,0.727,0,1,0,0,0,0,1,0,5,5,1,0.0755776290218095,0.201576333405312,0
u_528,0,0,0,0,0,0,0,0,0.741,0,1,1,0,0,0,1,0,11,11,0,0.0643489527099978,0.1993090045346577,0
u_144,0,0,0,0,0,0,0,0,0.762,0,1,0,0,0,0,1,0,20,20,0,0.0723385877780177,0.1994169725761174,0
u_1840,0,0,0,0,0,0,0,0,0.727,0,0,0,0,0,0,1,0,13,13,0,0.0750377888145109,0.1976894839127618,0
u_4354,0,0,0,0,0,0,0,0,0.727,0,1,0,0,0,0,1,0,15,15,0,0.0730943640682358,0.1994169725761174,0
u_2135,0,0,0,0,0,0,0,0,0.818,0,0,0,0,0,0,1,0,21,21,0,0.0674800259123299,0.1976894839127618,0
u_5086,0,0,0,0,0,0,0,0,1.0,0,1,0,0,0,0,1,1,9,9,0,0.0674800259123299,0.1976894839127618,0
u_2432,0,0,0,0,0,0,0,0,0.909,0,1,0,0,0,0,1,1,23,23,0,0.0643489527099978,0.201576333405312,0
u_1140,0,0,0,0,0,0,0,0,0.818,0,1,0,0,0,0,1,0,23,23,0,0.0643489527099978,0.1976894839127618,0
u_302,0,0,0,0,0,0,0,0,0.75,0,0,0,0,0,0,1,0,2,2,1,0.0736342042755344,0.2020082055711509,0
u_780,0,0,0,0,0,0,0,0,0.957,0,1,0,0,0,0,1,1,2,2,1,0.0736342042755344,0.1994169725761174,0
u_8324,0,0,0,0,0,0,0,0,0.842,1,0,1,1,0,0,1,0,7,7,0,0.0736342042755344,0.1993090045346577,1
u_8062,1,0,1,0,0,1,0,1,0.857,0,1,0,0,0,0,3,3,8,8,0,0.0723385877780177,0.2020082055711509,1
u_3369,0,0,0,0,0,0,0,0,0.815,0,1,0,0,0,0,1,0,3,3,1,0.0723385877780177,0.1976894839127618,0
u_212,0,0,0,0,0,0,0,0,0.8,0,0,0,0,0,0,1,0,2,2,1,0.0730943640682358,0.1994169725761174,0
u_3179,0,0,0,0,0,0,0,0,0.727,0,0,1,0,0,0,1,0,15,15,0,0.0709350032390412,0.1994169725761174,0
u_6511,0,0,1,1,0,0,1,1,0.8,1,0,1,0,0,0,3,2,13,13,0,0.071798747570719,0.1976894839127618,1
u_5470,0,0,0,0,0,0,0,0,0.833,0,1,0,0,0,0,1,0,19,19,0,0.0709350032390412,0.1994169725761174,0
u_7847,0,0,3,3,0,0,3,3,0.857,1,0,0,0,0,0,4,3,3,3,1,0.0643489527099978,0.2020082055711509,1
u_7690,1,0,1,0,0,1,0,1,0.957,1,0,1,1,0,0,3,3,2,2,1,0.071798747570719,0.1993090045346577,1
u_5019,0,0,0,0,0,0,0,0,0.714,0,0,0,0,0,0,1,0,5,5,1,0.071798747570719,0.1994169725761174,0
u_7562,0,0,0,0,0,0,0,0,0.909,1,0,0,0,0,0,1,1,8,8,0,0.0755776290218095,0.1994169725761174,1
u_8648,0,0,0,0,0,0,0,0,0.889,1,0,1,1,0,0,1,1,1,1,1,0.0755776290218095,0.1994169725761174,1
u_6339,0,0,0,0,0,0,0,0,0.696,0,1,1,0,0,0,1,0,20,20,0,0.0750377888145109,0.1994169725761174,0
u_5243,0,0,0,0,0,0,0,0,0.727,0,1,0,0,0,0,1,0,8,8,0,0.0736342042755344,0.201576333405312,0
u_2385,0,0,0,0,0,0,0,0,0.706,0,1,1,0,0,0,1,0,20,20,0,0.0736342042755344,0.2020082055711509,0
u_3057,0,0,0,0,0,0,0,0,0.75,0,0,0,0,0,0,1,0,1,1,1,0.0755776290218095,0.1976894839127618,0
u_1882,0,0,0,0,0,0,0,0,0.833,0,0,0,0,0,0,1,0,2,2,1,0.0739581083999136,0.2020082055711509,0
u_5896,0,0,0,0,0,0,0,0,0.846,0,1,0,0,0,0,1,0,19,19,0,0.0723385877780177,0.1993090045346577,0
u_6502,2,1,2,1,0,2,1,2,0.957,1,0,1,1,0,0,4,4,2,2,1,0.0755776290218095,0.1994169725761174,1
u_3162,0,0,0,0,0,0,0,0,0.9,0,1,0,0,0,0,1,1,23,23,0,0.0674800259123299,0.201576333405312,0
u_6006,0,0,0,0,0,0,0,0,0.714,0,0,0,0,0,0,1,0,11,11,0,0.0739581083999136,0.2020082055711509,0
u_5941,0,0,0,0,0,0,0,0,0.783,0,1,0,0,0,0,1,0,12,12,0,0.0684517382854675,0.201576333405312,0
u_4704,0,0,0,0,0,0,0,0,0.8,0,1,0,0,0,0,1,0,16,16,0,0.0736342042755344,0.201576333405312,0
u_9255,2,0,3,0,0,2,0,3,1.0,0,1,1,1,0,0,5,3,11,11,0,0.0730943640682358,0.1993090045346577,1
u_1660,0,0,0,0,0,0,0,0,1.0,0,1,0,0,0,0,1,1,16,16,0,0.0755776290218095,0.1976894839127618,0
u_6707,2,0,3,2,1,2,2,3,0.714,0,1,1,0,0,0,5,3,12,12,0,0.0739581083999136,0.201576333405312,1
u_7166,1,0,1,1,0,1,1,1,0.842,0,0,0,0,0,0,3,3,8,8,0,0.0684517382854675,0.1976894839127618,1
u_3880,0,0,0,0,0,0,0,0,0.846,0,0,0,0,0,0,1,0,13,13,0,0.0674800259123299,0.1994169725761174,0
u_5657,0,0,0,0,0,0,0,0,0.8,0,1,0,0,1,1,1,0,3,3,1,0.0681278341610883,0.2020082055711509,0
u_7289,1,0,5,0,0,1,0,5,0.952,0,1,1,0,0,0,8,3,4,4,1,0.0643489527099978,0.1994169725761174,1
u_1274,0,0,0,0,0,0,0,0,0.818,0,1,0,0,1,1,1,0,21,21,0,0.0739581083999136,0.2020082055711509,0
u_3273,0,0,0,0,0,0,0,0,0.783,0,1,0,0,0,0,1,0,18,18,0,0.071798747570719,0.201576333405312,0
u_2065,0,0,0,0,0,0,0,0,0.87,0,1,0,0,0,0,1,1,20,20,0,0.0736342042755344,0.1994169725761174,0
u_9230,1,0,2,1,0,1,1,2,1.0,0,0,1,1,1,1,5,4,2,2,1,0.0723385877780177,0.1994169725761174,1
u_524,0,0,0,0,0,0,0,0,0.786,0,0,1,0,0,0,1,0,5,5,1,0.0643489527099978,0.1994169725761174,0
u_5207,0,0,0,0,0,0,0,0,0.818,0,1,0,0,0,0,1,0,11,11,0,0.0739581083999136,0.1976894839127618,0
u_7217,0,0,2,2,0,0,2,2,0.783,1,0,1,1,0,0,3,2,2,2,1,0.0674800259123299,0.201576333405312,1
u_2974,0,0,0,0,0,0,0,0,0.786,0,0,0,0,0,0,1,0,15,15,0,0.0739581083999136,0.201576333405312,0
u_74,0,0,0,0,0,0,0,0,0.818,0,0,0,0,0,0,1,0,3,3,1,0.0674800259123299,0.201576333405312,0
u_8338,0,0,1,0,0,0,0,1,0.737,0,1,0,0,0,0,3,1,0,0,1,0.0684517382854675,0.1976894839127618,1
u_1968,0,0,0,0,0,0,0,0,0.72,0,1,1,0,0,0,1,0,23,23,0,0.0709350032390412,0.2020082055711509,0
u_4742,0,0,0,0,0,0,0,0,1.0,0,0,0,0,0,0,1,1,9,9,0,0.0684517382854675,0.1976894839127618,0
u_8172,2,0,3,0,0,2,0,3,1.0,0,1,1,0,0,0,4,3,1,1,1,0.0712589073634204,0.1994169725761174,1
u_5324,0,0,0,0,0,0,0,0,0.842,0,1,0,0,0,0,1,0,9,9,0,0.0736342042755344,0.201576333405312,0
u_2180,0,0,0,0,0,0,0,0,0.8,0,1,0,0,0,0,1,0,11,11,0,0.0712589073634204,0.1976894839127618,0
u_7834,2,1,2,0,0,2,0,2,1.0,0,1,0,0,0,0,3,3,20,20,0,0.0739581083999136,0.1976894839127618,1
u_4487,0,0,0,0,0,0,0,0,0.824,0,1,0,0,0,0,1,0,16,16,0,0.0709350032390412,0.201576333405312,0
u_875,0,0,0,0,0,0,0,0,1.0,0,1,0,0,0,0,1,1,16,16,0,0.0674800259123299,0.1976894839127618,0
u_3679,0,0,0,0,0,0,0,0,0.846,0,1,0,0,0,0,1,0,15,15,0,0.0739581083999136,0.1993090045346577,0
u_8545,2,0,3,0,0,2,0,3,0.833,0,0,1,1,0,0,6,2,6,6,0,0.0674800259123299,0.2020082055711509,1
u_3747,0,0,0,0,0,0,0,0,0.818,0,1,0,0,0,0,1,0,17,17,0,0.0739581083999136,0.1994169725761174,0
u_2356,0,0,0,0,0,0,0,0,0.727,0,1,0,0,0,0,1,0,5,5,1,0.0674800259123299,0.2020082055711509,0
u_4865,0,0,0,0,0,0,0,0,0.783,0,0,0,0,0,0,1,0,18,18,0,0.0723385877780177,0.201576333405312,0
u_8008,3,0,3,2,0,3,2,3,0.957,1,0,1,0,1,1,4,4,5,5,1,0.0684517382854675,0.2020082055711509,1
u_4719,0,0,0,0,0,0,0,0,0.783,0,1,0,0,0,0,1,0,11,11,0,0.0730943640682358,0.1993090045346577,0
u_5778,0,0,0,0,0,0,0,0,0.737,0,1,0,0,0,0,1,0,19,19,0,0.0739581083999136,0.1994169725761174,0
u_5611,0,0,0,0,0,0,0,0,0.762,0,1,1,0,0,0,1,0,23,23,0,0.0723385877780177,0.1993090045346577,0
u_1059,0,0,0,0,0,0,0,0,0.769,0,1,0,0,0,0,1,0,12,12,0,0.0643489527099978,0.2020082055711509,0
u_7122,1,0,2,0,0,1,0,2,0.762,1,0,1,1,0,0,4,2,22,22,0,0.0739581083999136,0.1976894839127618,1
u_7244,1,0,2,0,0,1,0,2,0.966,0,0,1,1,0,0,4,3,18,18,0,0.0684517382854675,0.1994169725761174,1
u_6275,0,0,0,0,0,0,0,0,0.833,0,0,0,0,0,0,1,0,11,11,0,0.0750377888145109,0.201576333405312,0
u_4786,0,0,0,0,0,0,0,0,0.783,0,1,0,0,0,0,1,0,9,9,0,0.0681278341610883,0.201576333405312,0
u_617,0,0,0,0,0,0,0,0,0.762,0,1,1,0,0,0,1,0,14,14,0,0.0723385877780177,0.1994169725761174,0
u_4086,0,0,0,0,0,0,0,0,0.783,0,1,0,0,0,0,1,0,6,6,0,0.0750377888145109,0.2020082055711509,0
u_7594,3,2,3,2,0,3,2,3,1.0,1,0,1,0,0,0,4,4,20,20,0,0.0712589073634204,0.2020082055711509,1
u_2227,0,0,0,0,0,0,0,0,0.88,0,1,0,0,0,0,1,1,19,19,0,0.0674800259123299,0.1994169725761174,0
u_8475,0,3,5,3,0,0,3,5,1.0,1,0,1,0,0,0,8,3,17,17,0,0.0730943640682358,0.2020082055711509,1
u_431,0,0,0,0,0,0,0,0,0.783,0,1,0,0,0,0,1,0,14,14,0,0.0723385877780177,0.2020082055711509,0
u_4598,0,0,0,0,0,0,0,0,0.75,0,0,0,0,0,0,1,0,20,20,0,0.0750377888145109,0.1993090045346577,0
u_1215,0,0,0,0,0,0,0,0,0.778,0,1,0,0,0,0,1,0,23,23,0,0.0736342042755344,0.2020082055711509,0
u_5194,0,0,0,0,0,0,0,0,0.769,0,1,1,0,0,0,1,0,17,17,0,0.0739581083999136,0.1976894839127618,0
u_4783,0,0,0,0,0,0,0,0,0.741,0,0,1,0,0,0,1,0,7,7,0,0.0712589073634204,0.2020082055711509,0
u_1936,0,0,0,0,0,0,0,0,0.778,0,1,0,0,0,0,1,0,17,17,0,0.0681278341610883,0.1976894839127618,0
u_4908,0,0,0,0,0,0,0,0,0.75,0,1,0,0,0,0,1,0,12,12,0,0.0684517382854675,0.1994169725761174,0
u_6205,0,0,0,0,0,0,0,0,0.818,0,0,0,0,0,0,1,0,0,0,1,0.0730943640682358,0.201576333405312,0
u_1492,0,0,0,0,0,0,0,0,0.818,0,0,0,0,0,0,1,0,18,18,0,0.0736342042755344,0.1993090045346577,0
u_675,0,0,0,0,0,0,0,0,0.75,0,0,0,0,0,0,1,0,14,14,0,0.0681278341610883,0.1993090045346577,0
u_8737,0,2,3,0,0,0,0,3,1.0,0,0,1,0,0,0,4,2,10,10,0,0.0739581083999136,0.2020082055711509,1
u_6260,0,0,0,0,0,0,0,0,0.783,0,1,1,0,0,0,1,0,8,8,0,0.0681278341610883,0.1994169725761174,0
u_3325,0,0,0,0,0,0,0,0,1.0,0,1,0,0,0,0,1,1,2,2,1,0.0739581083999136,0.1976894839127618,0
u_9224,0,1,2,2,1,0,2,2,0.952,0,0,1,1,0,0,3,3,0,0,1,0.0755776290218095,0.1994169725761174,1
u_6800,1,1,2,1,1,1,1,2,0.857,1,0,1,1,0,0,5,4,9,9,0,0.0712589073634204,0.201576333405312,1
u_2190,0,0,0,0,0,0,0,0,0.727,0,0,0,0,0,0,1,0,18,18,0,0.0736342042755344,0.2020082055711509,0
u_5673,0,0,0,0,0,0,0,0,0.783,0,1,0,0,0,0,1,0,21,21,0,0.0681278341610883,0.201576333405312,0
u_8953,0,0,0,0,0,0,0,0,0.833,0,0,1,1,0,0,1,0,9,9,0,0.0681278341610883,0.1994169725761174,1
u_2541,0,0,0,0,0,0,0,0,0.818,0,0,0,0,0,0,1,0,7,7,0,0.071798747570719,0.1994169725761174,0
u_5359,0,0,0,0,0,0,0,0,0.696,0,1,1,0,0,0,1,0,10,10,0,0.0739581083999136,0.201576333405312,0
u_8842,3,3,4,0,0,3,0,4,0.963,0,1,1,1,0,0,6,3,7,7,0,0.0755776290218095,0.1976894839127618,1
u_8030,1,0,1,0,0,1,0,1,0.957,0,1,1,1,0,0,3,3,0,0,1,0.0712589073634204,0.2020082055711509,1
u_3887,0,0,0,0,0,0,0,0,1.0,0,1,0,0,0,0,1,1,20,20,0,0.0674800259123299,0.1993090045346577,0
u_6048,0,0,0,0,0,0,0,0,0.8,0,0,0,0,0,0,1,0,7,7,0,0.0684517382854675,0.1993090045346577,0
u_3559,0,0,0,0,0,0,0,0,1.0,0,1,0,0,0,0,1,1,7,7,0,0.0709350032390412,0.1993090045346577,0
u_3432,0,0,0,0,0,0,0,0,0.72,0,1,0,0,0,0,1,0,19,19,0,0.0643489527099978,0.1994169725761174,0
u_157,0,0,0,0,0,0,0,0,0.75,0,1,0,0,0,0,1,0,0,0,1,0.0750377888145109,0.1976894839127618,0
u_5461,0,0,0,0,0,0,0,0,0.952,0,1,1,0,0,0,1,1,18,18,0,0.0643489527099978,0.1993090045346577,0
u_5176,0,0,0,0,0,0,0,0,0.737,0,1,0,0,0,0,1,0,21,21,0,0.071798747570719,0.201576333405312,0
u_6137,0,0,0,0,0,0,0,0,0.783,0,1,0,0,0,0,1,0,6,6,0,0.0750377888145109,0.201576333405312,0
u_5650,0,0,0,0,0,0,0,0,1.0,0,0,0,0,0,0,1,1,22,22,0,0.0674800259123299,0.1994169725761174,0
u_3412,0,0,0,0,0,0,0,0,0.727,0,1,0,0,0,0,1,0,22,22,0,0.0755776290218095,0.1994169725761174,0
u_7860,1,0,1,1,1,1,1,1,0.952,0,0,1,1,0,0,3,4,6,6,0,0.0681278341610883,0.201576333405312,1
u_8303,0,1,4,3,0,0,3,4,1.0,1,0,1,0,0,0,4,3,23,23,0,0.071798747570719,0.2020082055711509,1
u_5218,0,0,0,0,0,0,0,0,0.72,0,0,0,0,0,0,1,0,0,0,1,0.071798747570719,0.1993090045346577,0
u_8676,0,0,0,0,0,0,0,0,0.7,1,0,1,1,0,0,1,0,12,12,0,0.0739581083999136,0.1993090045346577,1
u_73,0,0,0,0,0,0,0,0,0.75,0,1,1,0,0,0,1,0,7,7,0,0.0684517382854675,0.1976894839127618,0
u_8657,0,0,3,0,0,0,0,3,0.952,0,0,1,1,0,0,4,2,2,2,1,0.0681278341610883,0.2020082055711509,1
u_5956,0,0,0,0,0,0,0,0,0.762,0,1,0,0,0,0,1,0,21,21,0,0.0739581083999136,0.201576333405312,0
u_8390,1,0,2,0,0,1,0,2,0.96,0,1,1,1,0,0,5,3,6,6,0,0.0712589073634204,0.1976894839127618,1
u_5405,0,0,0,0,0,0,0,0,0.762,0,1,1,0,0,0,1,0,15,15,0,0.071798747570719,0.201576333405312,0
u_1000,0,0,0,0,0,0,0,0,0.769,0,1,0,0,0,0,1,0,4,4,1,0.071798747570719,0.2020082055711509,0
u_8321,2,0,2,0,0,2,0,2,0.857,1,0,0,0,0,0,3,3,2,2,1,0.0739581083999136,0.1993090045346577,1
u_9064,0,0,0,0,0,0,0,0,0.727,0,1,1,0,0,0,1,0,0,0,1,0.071798747570719,0.2020082055711509,1
u_590,0,0,0,0,0,0,0,0,0.727,0,0,0,0,0,0,1,0,19,19,0,0.0755776290218095,0.1976894839127618,0
u_4249,0,0,0,0,0,0,0,0,0.828,0,1,0,0,0,0,1,0,17,17,0,0.0709350032390412,0.201576333405312,0
u_503,0,0,0,0,0,0,0,0,0.762,0,1,0,0,0,0,1,0,7,7,0,0.0739581083999136,0.1994169725761174,0
u_1063,0,0,0,0,0,0,0,0,0.875,0,0,0,0,0,0,1,1,17,17,0,0.0684517382854675,0.1994169725761174,0
u_6605,4,0,4,0,0,4,0,4,0.75,0,1,1,0,0,0,6,2,22,22,0,0.0736342042755344,0.1994169725761174,1
u_3328,0,0,0,0,0,0,0,0,0.957,0,1,1,0,0,0,1,1,10,10,0,0.0684517382854675,0.201576333405312,0
u_7993,0,0,0,0,0,0,0,0,0.947,0,1,1,1,0,0,1,1,10,10,0,0.0684517382854675,0.1994169725761174,1
u_2777,0,0,0,0,0,0,0,0,0.778,0,1,0,0,0,0,1,0,17,17,0,0.0739581083999136,0.1976894839127618,0
u_5196,0,0,0,0,0,0,0,0,0.75,0,1,1,0,0,0,1,0,16,16,0,0.0709350032390412,0.1993090045346577,0
u_3582,0,0,0,0,0,0,0,0,1.0,0,0,0,0,0,0,1,1,0,0,1,0.071798747570719,0.1994169725761174,0
u_3424,0,0,0,0,0,0,0,0,0.8,0,0,0,0,0,0,1,0,23,23,0,0.0643489527099978,0.1976894839127618,0
u_3965,0,0,0,0,0,0,0,0,1.0,0,1,0,0,0,0,1,1,16,16,0,0.0755776290218095,0.1993090045346577,0
u_9248,2,0,2,2,0,2,2,2,0.963,0,1,1,1,0,0,3,4,1,1,1,0.071798747570719,0.1993090045346577,1
u_4594,0,0,0,0,0,0,0,0,0.706,0,0,0,0,0,0,1,0,10,10,0,0.0750377888145109,0.1994169725761174,0
u_8353,4,3,5,4,0,4,4,5,0.667,1,0,0,0,0,0,5,3,2,2,1,0.0712589073634204,0.1994169725761174,1
u_6898,1,0,1,0,0,1,0,1,1.0,0,1,1,1,0,0,3,3,14,14,0,0.0674800259123299,0.1994169725761174,1
u_6925,2,2,2,0,0,2,0,2,0.762,0,0,1,0,0,0,4,2,15,15,0,0.0723385877780177,0.2020082055711509,1
u_3291,0,0,0,0,0,0,0,0,0.9,0,1,0,0,0,0,1,1,15,15,0,0.0674800259123299,0.2020082055711509,0
u_2053,0,0,0,0,0,0,0,0,1.0,0,1,1,0,0,0,1,1,4,4,1,0.071798747570719,0.1994169725761174,0
u_3076,0,0,0,0,0,0,0,0,0.727,0,1,0,0,0,0,1,0,4,4,1,0.0643489527099978,0.201576333405312,0
u_3340,0,0,0,0,0,0,0,0,1.0,0,0,0,0,0,0,1,1,16,16,0,0.0723385877780177,0.2020082055711509,0
u_3377,0,0,0,0,0,0,0,0,0.75,0,1,0,0,0,0,1,0,20,20,0,0.0684517382854675,0.1994169725761174,0
u_165,0,0,0,0,0,0,0,0,0.706,0,1,0,0,0,0,1,0,21,21,0,0.0739581083999136,0.1994169725761174,0
u_372,0,0,0,0,0,0,0,0,0.818,0,1,1,0,1,1,1,0,12,12,0,0.0723385877780177,0.1993090045346577,0
u_8888,3,0,3,1,0,3,1,3,1.0,1,0,0,0,0,0,5,4,15,15,0,0.0643489527099978,0.201576333405312,1
u_1199,0,0,0,0,0,0,0,0,0.737,0,1,1,0,0,0,1,0,23,23,0,0.0750377888145109,0.2020082055711509,0
u_2932,0,0,0,0,0,0,0,0,0.8,0,1,0,0,0,0,1,0,8,8,0,0.0750377888145109,0.1976894839127618,0
u_67,0,0,0,0,0,0,0,0,0.875,0,1,0,0,0,0,1,1,17,17,0,0.0674800259123299,0.1993090045346577,0
u_3249,0,0,0,0,0,0,0,0,0.8,0,1,1,0,0,0,1,0,3,3,1,0.0681278341610883,0.1994169725761174,0
u_304,0,0,0,0,0,0,0,0,0.762,0,1,1,0,0,0,1,0,8,8,0,0.0723385877780177,0.1993090045346577,0
u_6908,0,0,0,0,0,0,0,0,0.727,1,0,1,1,0,0,1,0,1,1,1,0.0723385877780177,0.1993090045346577,1
u_3152,0,0,0,0,0,0,0,0,0.727,0,1,0,0,0,0,1,0,5,5,1,0.0681278341610883,0.1994169725761174,0
u_6963,1,0,1,0,0,1,0,1,0.833,0,1,1,1,0,0,3,2,17,17,0,0.0643489527099978,0.2020082055711509,1
u_6565,3,0,3,3,0,3,3,3,0.625,0,1,1,1,0,0,3,3,22,22,0,0.0709350032390412,0.2020082055711509,1
u_5711,0,0,0,0,0,0,0,0,0.8,0,1,0,0,0,0,1,0,16,16,0,0.0739581083999136,0.1993090045346577,0
u_9257,1,1,1,0,0,1,0,1,0.88,1,0,1,1,0,0,3,3,1,1,1,0.0643489527099978,0.1994169725761174,1
u_6405,0,0,0,0,0,0,0,0,0.727,0,1,0,0,0,0,1,0,16,16,0,0.0750377888145109,0.2020082055711509,0
u_2094,0,0,0,0,0,0,0,0,0.8,0,1,0,0,0,0,1,0,6,6,0,0.0709350032390412,0.1994169725761174,0
u_9087,1,1,1,0,0,1,0,1,1.0,0,0,1,0,0,0,3,3,22,22,0,0.0750377888145109,0.2020082055711509,1
u_4292,0,0,0,0,0,0,0,0,1.0,0,1,1,0,0,0,1,1,0,0,1,0.0709350032390412,0.1993090045346577,0
u_4957,0,0,0,0,0,0,0,0,1.0,0,1,1,0,0,0,1,1,9,9,0,0.0750377888145109,0.1993090045346577,0
u_1300,0,0,0,0,0,0,0,0,0.7,0,0,0,0,0,0,1,0,18,18,0,0.0739581083999136,0.201576333405312,0
u_4984,0,0,0,0,0,0,0,0,0.87,0,0,0,0,0,0,1,1,14,14,0,0.0739581083999136,0.201576333405312,0
u_94,0,0,0,0,0,0,0,0,0.786,0,1,1,0,0,0,1,0,6,6,0,0.0739581083999136,0.201576333405312,0
u_2089,0,0,0,0,0,0,0,0,0.727,0,1,1,0,0,0,1,0,20,20,0,0.0750377888145109,0.1976894839127618,0
u_4785,0,0,0,0,0,0,0,0,1.0,0,1,1,0,0,0,1,1,17,17,0,0.0723385877780177,0.1994169725761174,0
u_550,0,0,0,0,0,0,0,0,0.9,0,1,0,0,0,0,1,1,1,1,1,0.0712589073634204,0.201576333405312,0
u_3667,0,0,0,0,0,0,0,0,0.727,0,0,1,0,0,0,1,0,8,8,0,0.0730943640682358,0.2020082055711509,0
u_340,0,0,0,0,0,0,0,0,0.818,0,1,0,0,0,0,1,0,3,3,1,0.0709350032390412,0.1993090045346577,0
u_8511,0,1,3,0,0,0,0,3,0.833,1,0,1,1,0,0,3,1,0,0,1,0.0684517382854675,0.1993090045346577,1
u_5887,0,0,0,0,0,0,0,0,0.7,0,1,0,0,0,0,1,0,0,0,1,0.0739581083999136,0.1993090045346577,0
u_551,0,0,0,0,0,0,0,0,0.783,0,1,1,0,0,0,1,0,12,12,0,0.0643489527099978,0.1976894839127618,0
u_7132,0,0,3,0,0,0,0,3,1.0,0,1,1,0,0,0,4,2,8,8,0,0.0674800259123299,0.1993090045346577,1
u_8170,0,0,0,0,0,0,0,0,0.714,1,0,1,1,0,0,1,0,22,22,0,0.0712589073634204,0.1994169725761174,1
u_2369,0,0,0,0,0,0,0,0,0.87,0,0,0,0,0,0,1,1,3,3,1,0.0739581083999136,0.201576333405312,0
u_7388,0,2,2,1,1,0,1,2,1.0,1,0,1,1,0,0,5,3,11,11,0,0.0709350032390412,0.1993090045346577,1
u_5374,0,0,0,0,0,0,0,0,1.0,0,1,0,0,0,0,1,1,3,3,1,0.071798747570719,0.1994169725761174,0
u_1340,0,0,0,0,0,0,0,0,0.727,0,0,1,0,0,0,1,0,9,9,0,0.0750377888145109,0.1976894839127618,0
u_6854,0,0,2,1,0,0,1,2,0.952,0,1,1,1,0,0,4,3,10,10,0,0.0712589073634204,0.1976894839127618,1
u_1294,0,0,0,0,0,0,0,0,0.778,0,1,1,0,0,0,1,0,10,10,0,0.0739581083999136,0.201576333405312,0
u_8046,0,0,0,0,0,0,0,0,0.667,0,1,1,0,0,0,1,0,15,15,0,0.0739581083999136,0.1976894839127618,1
u_2833,0,0,0,0,0,0,0,0,0.824,0,1,0,0,0,0,1,0,9,9,0,0.071798747570719,0.1993090045346577,0
u_4690,0,0,0,0,0,0,0,0,0.8,0,1,1,0,0,0,1,0,0,0,1,0.0739581083999136,0.1993090045346577,0
u_376,0,0,0,0,0,0,0,0,0.75,0,0,1,0,0,0,1,0,15,15,0,0.0643489527099978,0.201576333405312,0
u_1392,0,0,0,0,0,0,0,0,0.737,0,1,0,0,0,0,1,0,19,19,0,0.0712589073634204,0.1994169725761174,0
u_5208,0,0,0,0,0,0,0,0,1.0,0,0,0,0,0,0,1,1,16,16,0,0.071798747570719,0.2020082055711509,0
u_4768,0,0,0,0,0,0,0,0,0.727,0,1,0,0,0,0,1,0,21,21,0,0.0681278341610883,0.201576333405312,0
u_3354,0,0,0,0,0,0,0,0,0.737,0,0,0,0,0,0,1,0,18,18,0,0.0736342042755344,0.1976894839127618,0
u_1226,0,0,0,0,0,0,0,0,0.727,0,0,0,0,0,0,1,0,6,6,0,0.0684517382854675,0.1993090045346577,0
u_1353,0,0,0,0,0,0,0,0,0.75,0,0,0,0,0,0,1,0,9,9,0,0.0709350032390412,0.2020082055711509,0
u_7780,2,2,3,0,0,2,0,3,1.0,0,1,1,0,0,0,4,3,7,7,0,0.0730943640682358,0.2020082055711509,1
u_7567,1,2,2,1,0,1,1,2,0.952,0,1,1,1,0,0,5,4,14,14,0,0.0643489527099978,0.1976894839127618,1
u_6509,0,0,4,3,0,0,3,4,0.737,0,1,0,0,0,0,4,2,16,16,0,0.0739581083999136,0.201576333405312,1
u_2350,0,0,0,0,0,0,0,0,0.8,0,1,0,0,0,0,1,0,10,10,0,0.0730943640682358,0.1994169725761174,0
u_4754,0,0,0,0,0,0,0,0,0.941,0,1,0,0,0,0,1,1,14,14,0,0.0712589073634204,0.1994169725761174,0
u_1355,0,0,0,0,0,0,0,0,0.727,0,1,1,0,0,0,1,0,17,17,0,0.0709350032390412,0.201576333405312,0
u_6953,0,1,1,0,0,0,0,1,0.96,0,0,1,0,0,0,3,2,15,15,0,0.0709350032390412,0.1993090045346577,1
u_5386,0,0,0,0,0,0,0,0,0.75,0,1,0,0,0,0,1,0,4,4,1,0.0684517382854675,0.1976894839127618,0
u_8882,0,1,2,0,0,0,0,2,1.0,0,0,1,1,0,0,3,2,8,8,0,0.0730943640682358,0.201576333405312,1
u_8794,1,0,1,0,0,1,0,1,0.778,0,1,1,1,0,0,3,2,12,12,0,0.0712589073634204,0.1994169725761174,1
u_1181,0,0,0,0,0,0,0,0,0.706,0,1,0,0,0,0,1,0,11,11,0,0.0739581083999136,0.1976894839127618,0
u_852,0,0,0,0,0,0,0,0,0.947,0,0,1,0,1,1,1,1,11,11,0,0.0712589073634204,0.1994169725761174,0
u_3439,0,0,0,0,0,0,0,0,0.824,0,1,1,0,0,0,1,0,6,6,0,0.0736342042755344,0.1994169725761174,0
u_4439,0,0,0,0,0,0,0,0,0.737,0,1,0,0,0,0,1,0,19,19,0,0.0712589073634204,0.1994169725761174,0
u_5502,0,0,0,0,0,0,0,0,0.769,0,1,0,0,0,0,1,0,7,7,0,0.0712589073634204,0.1994169725761174,0
u_5542,0,0,0,0,0,0,0,0,1.0,0,1,1,0,0,0,1,1,5,5,1,0.0684517382854675,0.1976894839127618,0
u_8262,0,0,1,1,0,0,1,1,0.783,1,0,1,0,0,0,3,2,0,0,1,0.0674800259123299,0.1993090045346577,1
u_1764,0,0,0,0,0,0,0,0,0.75,0,1,0,0,0,0,1,0,0,0,1,0.0739581083999136,0.1976894839127618,0
u_3119,0,0,0,0,0,0,0,0,0.737,0,1,0,0,0,0,1,0,22,22,0,0.0739581083999136,0.1976894839127618,0
u_1796,0,0,0,0,0,0,0,0,0.8,0,1,1,0,0,0,1,0,12,12,0,0.0684517382854675,0.2020082055711509,0
u_4025,0,0,0,0,0,0,0,0,0.818,0,1,0,0,0,0,1,0,9,9,0,0.0739581083999136,0.1994169725761174,0
u_2886,0,0,0,0,0,0,0,0,0.8,0,0,1,0,0,0,1,0,13,13,0,0.0755776290218095,0.201576333405312,0
u_8532,1,0,2,2,0,1,2,2,0.737,0,1,1,1,0,0,4,3,12,12,0,0.0712589073634204,0.1976894839127618,1
u_3474,0,0,0,0,0,0,0,0,0.857,0,0,0,0,0,0,1,1,12,12,0,0.0730943640682358,0.1994169725761174,0
u_56,0,0,0,0,0,0,0,0,0.75,0,1,0,0,0,0,1,0,15,15,0,0.0709350032390412,0.1976894839127618,0
u_36,0,0,0,0,0,0,0,0,1.0,0,0,1,0,0,0,1,1,19,19,0,0.0730943640682358,0.2020082055711509,0
u_8086,3,0,4,0,0,3,0,4,0.875,0,0,1,1,0,0,4,3,15,15,0,0.071798747570719,0.1976894839127618,1
u_1233,0,0,0,0,0,0,0,0,0.7,0,1,0,0,0,0,1,0,2,2,1,0.0739581083999136,0.201576333405312,0
u_4014,0,0,0,0,0,0,0,0,0.947,0,1,0,0,0,0,1,1,4,4,1,0.0736342042755344,0.201576333405312,0
u_7871,0,0,0,0,0,0,0,0,0.818,1,0,1,1,0,0,1,0,4,4,1,0.071798747570719,0.2020082055711509,1
u_8905,2,0,3,2,0,2,2,3,1.0,0,0,1,1,0,0,5,4,1,1,1,0.0709350032390412,0.1994169725761174,1
u_5320,0,0,0,0,0,0,0,0,0.952,0,1,1,0,0,0,1,1,14,14,0,0.0723385877780177,0.1993090045346577,0
u_1097,0,0,0,0,0,0,0,0,0.783,0,1,0,0,0,0,1,0,11,11,0,0.0709350032390412,0.1976894839127618,0
u_401,0,0,0,0,0,0,0,0,0.75,0,1,1,0,0,0,1,0,11,11,0,0.0681278341610883,0.201576333405312,0
u_2085,0,0,0,0,0,0,0,0,0.824,0,0,0,0,0,0,1,0,5,5,1,0.0709350032390412,0.1993090045346577,0
u_4394,0,0,0,0,0,0,0,0,1.0,0,0,1,0,0,0,1,1,0,0,1,0.071798747570719,0.1994169725761174,0
u_942,0,0,0,0,0,0,0,0,0.7,0,1,0,0,0,0,1,0,9,9,0,0.0750377888145109,0.2020082055711509,0
u_4749,0,0,0,0,0,0,0,0,1.0,0,1,0,0,0,0,1,1,18,18,0,0.0739581083999136,0.1993090045346577,0
u_3347,0,0,0,0,0,0,0,0,0.75,0,0,0,0,0,0,1,0,11,11,0,0.0674800259123299,0.1976894839127618,0
u_6656,2,0,2,2,0,2,2,2,0.889,0,1,0,0,1,1,3,4,9,9,0,0.0739581083999136,0.1993090045346577,1
u_8706,4,2,5,4,0,4,4,5,1.0,0,1,0,0,0,0,5,4,17,17,0,0.0681278341610883,0.201576333405312,1
u_2533,0,0,0,0,0,0,0,0,0.783,0,1,1,0,0,0,1,0,0,0,1,0.0739581083999136,0.201576333405312,0
u_7208,2,0,3,1,0,2,1,3,1.0,0,1,1,1,0,0,6,4,2,2,1,0.0730943640682358,0.1976894839127618,1
u_8352,2,0,3,0,0,2,0,3,0.727,0,1,1,0,0,0,4,2,23,23,0,0.0712589073634204,0.1994169725761174,1
u_6451,0,0,0,0,0,0,0,0,0.741,0,1,1,0,0,0,1,0,1,1,1,0.0684517382854675,0.201576333405312,0
u_334,0,0,0,0,0,0,0,0,0.947,0,0,0,0,0,0,1,1,11,11,0,0.0643489527099978,0.1994169725761174,0
u_4976,0,0,0,0,0,0,0,0,0.952,0,0,0,0,0,0,1,1,22,22,0,0.0755776290218095,0.2020082055711509,0
u_2002,0,0,0,0,0,0,0,0,0.818,0,0,0,0,0,0,1,0,20,20,0,0.0674800259123299,0.201576333405312,0
u_790,0,0,0,0,0,0,0,0,0.818,0,1,0,0,0,0,1,0,9,9,0,0.0709350032390412,0.1976894839127618,0
u_5516,0,0,0,0,0,0,0,0,0.727,0,1,1,0,0,0,1,0,9,9,0,0.0681278341610883,0.1976894839127618,0
u_2288,0,0,0,0,0,0,0,0,0.786,0,0,1,0,0,0,1,0,7,7,0,0.0736342042755344,0.1994169725761174,0
u_8664,0,1,3,1,0,0,1,3,1.0,0,0,0,0,0,0,6,3,13,13,0,0.0730943640682358,0.1976894839127618,1
u_992,0,0,0,0,0,0,0,0,0.636,0,0,0,0,0,0,1,0,13,13,0,0.0709350032390412,0.1994169725761174,0
u_9126,1,1,1,0,0,1,0,1,0.737,0,1,0,0,0,0,3,2,18,18,0,0.0712589073634204,0.1976894839127618,1
u_4382,0,0,0,0,0,0,0,0,0.762,0,1,1,0,0,0,1,0,19,19,0,0.0709350032390412,0.1994169725761174,0
u_6344,0,0,0,0,0,0,0,0,1.0,0,0,1,0,0,0,1,1,7,7,0,0.0723385877780177,0.2020082055711509,0
u_6209,0,0,0,0,0,0,0,0,0.818,0,0,0,0,0,0,1,0,10,10,0,0.0736342042755344,0.1993090045346577,0
u_6195,0,0,0,0,0,0,0,0,0.727,0,1,1,0,0,0,1,0,23,23,0,0.0739581083999136,0.1994169725761174,0
u_7915,2,0,3,1,0,2,1,3,0.778,0,1,1,1,0,0,6,3,4,4,1,0.0750377888145109,0.2020082055711509,1
u_7104,2,0,3,3,0,2,3,3,1.0,0,1,1,1,0,0,4,4,13,13,0,0.0739581083999136,0.1993090045346577,1
u_7053,0,0,0,0,0,0,0,0,0.8,1,0,0,0,0,0,1,0,13,13,0,0.0739581083999136,0.201576333405312,1
u_3048,0,0,0,0,0,0,0,0,0.8,0,1,0,0,0,0,1,0,14,14,0,0.071798747570719,0.1994169725761174,0
u_6739,0,0,0,0,0,0,0,0,0.737,0,1,1,0,0,0,1,0,21,21,0,0.0712589073634204,0.201576333405312,1
u_4867,0,0,0,0,0,0,0,0,0.833,0,0,1,0,0,0,1,0,18,18,0,0.0739581083999136,0.1994169725761174,0
u_7263,2,0,4,3,1,2,3,4,0.947,0,1,1,0,0,0,6,4,11,11,0,0.0723385877780177,0.2020082055711509,1
u_1832,0,0,0,0,0,0,0,0,0.941,0,1,0,0,0,0,1,1,18,18,0,0.071798747570719,0.1994169725761174,0
u_5400,0,0,0,0,0,0,0,0,0.778,0,1,0,0,0,0,1,0,11,11,0,0.0709350032390412,0.1994169725761174,0
u_2259,0,0,0,0,0,0,0,0,0.824,0,1,0,0,0,0,1,0,23,23,0,0.071798747570719,0.201576333405312,0
u_4844,0,0,0,0,0,0,0,0,0.783,0,1,0,0,0,0,1,0,20,20,0,0.0723385877780177,0.1976894839127618,0
u_3926,0,0,0,0,0,0,0,0,0.727,0,1,1,0,0,0,1,0,18,18,0,0.0730943640682358,0.2020082055711509,0
u_6922,1,0,1,0,0,1,0,1,0.833,0,1,1,0,0,0,3,2,7,7,0,0.0674800259123299,0.1993090045346577,1
u_3115,0,0,0,0,0,0,0,0,0.727,0,1,0,0,1,1,1,0,21,21,0,0.0755776290218095,0.1976894839127618,0
u_5788,0,0,0,0,0,0,0,0,0.7,0,0,1,0,0,0,1,0,1,1,1,0.0712589073634204,0.2020082055711509,0
u_3140,0,0,0,0,0,0,0,0,0.833,0,1,1,0,0,0,1,0,3,3,1,0.0723385877780177,0.1994169725761174,0
u_1434,0,0,0,0,0,0,0,0,0.762,0,0,0,0,0,0,1,0,14,14,0,0.0739581083999136,0.201576333405312,0
u_6120,0,0,0,0,0,0,0,0,0.783,0,0,0,0,0,0,1,0,20,20,0,0.0736342042755344,0.1994169725761174,0
u_8358,0,0,0,0,0,0,0,0,0.769,0,1,1,1,0,0,1,0,20,20,0,0.0674800259123299,0.1994169725761174,1
u_8758,3,1,3,0,0,3,0,3,0.952,0,1,0,0,0,0,4,3,14,14,0,0.0674800259123299,0.201576333405312,1
u_209,0,0,0,0,0,0,0,0,0.75,0,1,0,0,0,0,1,0,17,17,0,0.0736342042755344,0.1976894839127618,0
u_2193,0,0,0,0,0,0,0,0,0.64,0,0,0,0,0,0,1,0,4,4,1,0.0750377888145109,0.2020082055711509,0
u_3886,0,0,0,0,0,0,0,0,0.8,0,0,0,0,0,0,1,0,15,15,0,0.0739581083999136,0.201576333405312,0
u_3742,0,0,0,0,0,0,0,0,0.783,0,1,0,0,0,0,1,0,18,18,0,0.0736342042755344,0.1976894839127618,0
u_3333,0,0,0,0,0,0,0,0,0.72,0,0,0,0,0,0,1,0,2,2,1,0.0730943640682358,0.1976894839127618,0
u_5776,0,0,0,0,0,0,0,0,0.737,0,0,0,0,0,0,1,0,12,12,0,0.0723385877780177,0.1976894839127618,0
u_2247,0,0,0,0,0,0,0,0,0.762,0,0,1,0,0,0,1,0,8,8,0,0.0643489527099978,0.1976894839127618,0
u_8300,0,0,0,0,0,0,0,0,0.952,0,1,0,0,0,0,1,1,19,19,0,0.0674800259123299,0.2020082055711509,1
u_6212,0,0,0,0,0,0,0,0,0.737,0,0,1,0,0,0,1,0,20,20,0,0.0736342042755344,0.1976894839127618,0
u_5596,0,0,0,0,0,0,0,0,0.706,0,0,1,0,0,0,1,0,6,6,0,0.0739581083999136,0.201576333405312,0
u_9182,0,0,0,0,0,0,0,0,1.0,1,0,1,0,0,0,1,1,15,15,0,0.0739581083999136,0.1994169725761174,1
u_9130,0,0,2,0,0,0,0,2,1.0,0,0,1,1,0,0,4,2,18,18,0,0.0643489527099978,0.1994169725761174,1
u_358,0,0,0,0,0,0,0,0,0.75,0,1,1,0,0,0,1,0,2,2,1,0.0736342042755344,0.1993090045346577,0
u_4058,0,0,0,0,0,0,0,0,0.8,0,0,0,0,0,0,1,0,7,7,0,0.0674800259123299,0.201576333405312,0
u_7697,3,0,4,2,0,3,2,4,1.0,0,1,1,1,0,0,6,4,10,10,0,0.0730943640682358,0.1994169725761174,1
u_8765,2,0,2,1,1,2,1,2,0.889,0,1,0,0,0,0,4,4,3,3,1,0.0736342042755344,0.1976894839127618,1
u_5641,0,0,0,0,0,0,0,0,0.941,0,0,0,0,0,0,1,1,21,21,0,0.0681278341610883,0.1976894839127618,0
u_1451,0,0,0,0,0,0,0,0,0.769,0,0,0,0,0,0,1,0,1,1,1,0.0712589073634204,0.1993090045346577,0
u_6692,3,2,4,2,0,3,2,4,1.0,0,1,1,1,0,0,6,4,12,12,0,0.0712589073634204,0.1976894839127618,1
u_5557,0,0,0,0,0,0,0,0,0.71,0,0,1,0,0,0,1,0,10,10,0,0.0684517382854675,0.201576333405312,0
u_2508,0,0,0,0,0,0,0,0,0.783,0,1,0,0,0,0,1,0,4,4,1,0.0750377888145109,0.2020082055711509,0
u_3300,0,0,0,0,0,0,0,0,0.75,0,1,1,0,1,1,1,0,8,8,0,0.0736342042755344,0.201576333405312,0
u_8268,3,0,4,3,1,3,3,4,0.769,0,0,1,1,0,0,5,3,23,23,0,0.0681278341610883,0.1976894839127618,1
u_4067,0,0,0,0,0,0,0,0,0.857,0,1,0,0,0,0,1,1,22,22,0,0.0750377888145109,0.201576333405312,0
u_5618,0,0,0,0,0,0,0,0,1.0,0,0,1,0,1,1,1,1,16,16,0,0.0739581083999136,0.1976894839127618,0
u_1246,0,0,0,0,0,0,0,0,0.8,0,1,0,0,0,0,1,0,10,10,0,0.0709350032390412,0.2020082055711509,0
u_3482,0,0,0,0,0,0,0,0,0.727,0,1,0,0,0,0,1,0,10,10,0,0.0674800259123299,0.2020082055711509,0
u_1490,0,0,0,0,0,0,0,0,0.783,0,0,1,0,0,0,1,0,5,5,1,0.0709350032390412,0.1976894839127618,0
u_1799,0,0,0,0,0,0,0,0,0.818,0,1,1,0,0,0,1,0,12,12,0,0.0750377888145109,0.2020082055711509,0
u_444,0,0,0,0,0,0,0,0,1.0,0,0,1,0,0,0,1,1,4,4,1,0.0684517382854675,0.201576333405312,0
u_7794,0,0,3,0,0,0,0,3,0.667,1,0,1,1,0,0,4,1,16,16,0,0.0681278341610883,0.1993090045346577,1
u_7304,2,0,2,2,0,2,2,2,1.0,0,1,1,1,0,0,3,4,6,6,0,0.0755776290218095,0.2020082055711509,1
u_5946,0,0,0,0,0,0,0,0,0.818,0,0,0,0,0,0,1,0,17,17,0,0.0739581083999136,0.1993090045346577,0
u_126,0,0,0,0,0,0,0,0,0.75,0,0,0,0,0,0,1,0,13,13,0,0.0709350032390412,0.1994169725761174,0
u_1415,0,0,0,0,0,0,0,0,0.727,0,0,0,0,0,0,1,0,10,10,0,0.0755776290218095,0.1993090045346577,0
u_764,0,0,0,0,0,0,0,0,0.769,0,1,0,0,1,1,1,0,5,5,1,0.0684517382854675,0.2020082055711509,0
u_4692,0,0,0,0,0,0,0,0,1.0,0,1,0,0,0,0,1,1,17,17,0,0.0723385877780177,0.2020082055711509,0
u_7302,0,0,0,0,0,0,0,0,0.875,1,0,1,0,0,0,1,1,4,4,1,0.0750377888145109,0.1994169725761174,1
u_2418,0,0,0,0,0,0,0,0,0.8,0,1,0,0,0,0,1,0,11,11,0,0.0684517382854675,0.1994169725761174,0
u_4846,0,0,0,0,0,0,0,0,0.783,0,1,0,0,0,0,1,0,22,22,0,0.0739581083999136,0.201576333405312,0
u_5816,0,0,0,0,0,0,0,0,0.741,0,1,0,0,0,0,1,0,13,13,0,0.0739581083999136,0.1976894839127618,0
u_7260,0,0,2,1,1,0,1,2,0.7,1,0,0,0,0,0,5,2,10,10,0,0.0723385877780177,0.2020082055711509,1
u_86,0,0,0,0,0,0,0,0,0.783,0,1,0,0,0,0,1,0,16,16,0,0.0643489527099978,0.1994169725761174,0
u_2631,0,0,0,0,0,0,0,0,0.737,0,1,0,0,0,0,1,0,8,8,0,0.071798747570719,0.1993090045346577,0
u_7492,0,0,0,0,0,0,0,0,0.857,0,0,0,0,0,0,1,1,9,9,0,0.0643489527099978,0.1976894839127618,1
u_5796,0,0,0,0,0,0,0,0,0.783,0,0,0,0,0,0,1,0,3,3,1,0.0674800259123299,0.201576333405312,0
u_6472,0,0,0,0,0,0,0,0,1.0,0,0,1,0,0,0,1,1,6,6,0,0.0674800259123299,0.2020082055711509,0
u_8834,3,2,3,0,0,3,0,3,0.75,0,1,1,0,0,0,5,2,23,23,0,0.0739581083999136,0.1994169725761174,1
u_7407,0,0,1,0,0,0,0,1,0.875,0,0,1,1,0,0,3,2,19,19,0,0.0723385877780177,0.1993090045346577,1
u_4172,0,0,0,0,0,0,0,0,0.714,0,1,1,0,0,0,1,0,11,11,0,0.0684517382854675,0.1976894839127618,0
u_4550,0,0,0,0,0,0,0,0,0.828,0,1,0,0,0,0,1,0,8,8,0,0.071798747570719,0.2020082055711509,0
u_879,0,0,0,0,0,0,0,0,0.786,0,0,0,0,0,0,1,0,13,13,0,0.0730943640682358,0.201576333405312,0
u_7903,0,0,0,0,0,0,0,0,0.7,0,1,1,0,0,0,1,0,21,21,0,0.0681278341610883,0.1976894839127618,1
u_6037,0,0,0,0,0,0,0,0,0.9,0,1,1,0,0,0,1,1,12,12,0,0.0750377888145109,0.2020082055711509,0
u_8598,0,0,0,0,0,0,0,0,0.815,0,0,1,0,0,0,1,0,22,22,0,0.0712589073634204,0.1993090045346577,1
u_5649,0,0,0,0,0,0,0,0,0.762,0,0,0,0,0,0,1,0,10,10,0,0.0739581083999136,0.1993090045346577,0
u_1030,0,0,0,0,0,0,0,0,0.8,0,0,0,0,0,0,1,0,10,10,0,0.0681278341610883,0.1994169725761174,0
u_2022,0,0,0,0,0,0,0,0,0.762,0,0,0,0,0,0,1,0,8,8,0,0.0739581083999136,0.201576333405312,0
u_1391,0,0,0,0,0,0,0,0,0.9,0,1,0,0,0,0,1,1,11,11,0,0.0736342042755344,0.201576333405312,0
u_5417,0,0,0,0,0,0,0,0,0.769,0,1,1,0,0,0,1,0,3,3,1,0.0723385877780177,0.201576333405312,0
u_9155,1,0,2,0,0,1,0,2,0.952,0,1,0,0,0,0,5,3,4,4,1,0.0709350032390412,0.1976894839127618,1
u_7061,0,1,1,1,0,0,1,1,0.833,1,0,1,0,0,0,3,2,19,19,0,0.0709350032390412,0.2020082055711509,1
u_2730,0,0,0,0,0,0,0,0,0.917,0,1,0,0,0,0,1,1,13,13,0,0.0723385877780177,0.2020082055711509,0
u_5185,0,0,0,0,0,0,0,0,0.737,0,1,0,0,0,0,1,0,23,23,0,0.0712589073634204,0.1976894839127618,0
u_7139,0,1,1,1,0,0,1,1,1.0,0,1,1,0,0,0,3,3,12,12,0,0.0709350032390412,0.1976894839127618,1
u_7266,1,0,2,0,0,1,0,2,1.0,0,0,1,0,0,0,5,3,1,1,1,0.0684517382854675,0.2020082055711509,1
u_7014,0,1,3,3,0,0,3,3,0.957,1,0,1,1,0,0,4,3,2,2,1,0.0681278341610883,0.2020082055711509,1
u_4714,0,0,0,0,0,0,0,0,0.706,0,1,0,0,0,0,1,0,14,14,0,0.0684517382854675,0.1976894839127618,0
u_3170,0,0,0,0,0,0,0,0,0.7,0,1,0,0,0,0,1,0,17,17,0,0.071798747570719,0.1976894839127618,0
u_5705,0,0,0,0,0,0,0,0,1.0,0,1,0,0,0,0,1,1,4,4,1,0.071798747570719,0.1994169725761174,0
u_596,0,0,0,0,0,0,0,0,0.778,0,0,0,0,0,0,1,0,22,22,0,0.0674800259123299,0.201576333405312,0
u_7515,3,0,4,2,2,3,2,4,0.8,1,0,1,1,0,0,6,3,22,22,0,0.0755776290218095,0.1976894839127618,1
u_3894,0,0,0,0,0,0,0,0,0.941,0,0,0,0,0,0,1,1,23,23,0,0.0739581083999136,0.2020082055711509,0
u_127,0,0,0,0,0,0,0,0,0.778,0,0,0,0,0,0,1,0,10,10,0,0.0723385877780177,0.1993090045346577,0
u_8315,0,0,0,0,0,0,0,0,0.727,0,1,1,1,0,0,1,0,20,20,0,0.0736342042755344,0.1976894839127618,1
u_5670,0,0,0,0,0,0,0,0,0.706,0,1,0,0,0,0,1,0,21,21,0,0.0681278341610883,0.1994169725761174,0
u_7162,3,1,5,2,1,3,2,5,1.0,1,0,0,0,0,0,8,4,16,16,0,0.0750377888145109,0.1994169725761174,1
u_1743,0,0,0,0,0,0,0,0,0.737,0,0,0,0,0,0,1,0,5,5,1,0.0643489527099978,0.1993090045346577,0
u_4279,0,0,0,0,0,0,0,0,0.714,0,1,0,0,0,0,1,0,2,2,1,0.0674800259123299,0.1994169725761174,0
u_1112,0,0,0,0,0,0,0,0,0.727,0,0,0,0,0,0,1,0,19,19,0,0.0723385877780177,0.1993090045346577,0
u_5184,0,0,0,0,0,0,0,0,0.762,0,1,0,0,0,0,1,0,12,12,0,0.0730943640682358,0.201576333405312,0
u_7865,0,0,0,0,0,0,0,0,0.7,1,0,0,0,0,0,1,0,5,5,1,0.0739581083999136,0.1993090045346577,1
u_1312,0,0,0,0,0,0,0,0,0.824,0,1,1,0,0,0,1,0,8,8,0,0.0723385877780177,0.201576333405312,0
u_4507,0,0,0,0,0,0,0,0,0.783,0,1,0,0,0,0,1,0,21,21,0,0.071798747570719,0.1994169725761174,0
u_4523,0,0,0,0,0,0,0,0,0.75,0,1,0,0,0,0,1,0,3,3,1,0.0723385877780177,0.1994169725761174,0
u_7441,3,0,3,0,0,3,0,3,0.941,0,0,1,1,0,0,5,3,20,20,0,0.0681278341610883,0.1976894839127618,1
u_8093,1,0,1,0,0,1,0,1,1.0,0,1,1,1,0,0,3,3,1,1,1,0.0643489527099978,0.1976894839127618,1
u_4730,0,0,0,0,0,0,0,0,0.818,0,0,0,0,0,0,1,0,0,0,1,0.0736342042755344,0.1976894839127618,0
u_3586,0,0,0,0,0,0,0,0,0.783,0,1,0,0,0,0,1,0,14,14,0,0.0750377888145109,0.201576333405312,0
u_2801,0,0,0,0,0,0,0,0,0.769,0,0,0,0,0,0,1,0,19,19,0,0.0712589073634204,0.1993090045346577,0
u_5494,0,0,0,0,0,0,0,0,0.762,0,1,0,0,0,0,1,0,1,1,1,0.0712589073634204,0.1994169725761174,0
u_6513,1,1,1,0,0,1,0,1,0.875,0,0,1,1,0,0,3,3,10,10,0,0.0681278341610883,0.1994169725761174,1
u_6721,0,0,0,0,0,0,0,0,1.0,0,1,1,0,1,1,1,1,11,11,0,0.0736342042755344,0.1994169725761174,1
u_4818,0,0,0,0,0,0,0,0,0.737,0,0,0,0,1,1,1,0,5,5,1,0.0750377888145109,0.1994169725761174,0
u_8427,1,0,2,0,0,1,0,2,0.952,0,0,0,0,0,0,5,3,16,16,0,0.0750377888145109,0.1994169725761174,1
u_2871,0,0,0,0,0,0,0,0,0.857,0,1,0,0,0,0,1,1,15,15,0,0.071798747570719,0.201576333405312,0
u_2077,0,0,0,0,0,0,0,0,0.8,0,1,1,0,0,0,1,0,12,12,0,0.0739581083999136,0.201576333405312,0
u_8901,2,1,2,1,1,2,1,2,0.783,1,0,0,0,0,0,4,3,14,14,0,0.0643489527099978,0.1993090045346577,1
u_3398,0,0,0,0,0,0,0,0,1.0,0,0,0,0,0,0,1,1,2,2,1,0.0709350032390412,0.1976894839127618,0
u_6224,0,0,0,0,0,0,0,0,0.737,0,1,0,0,0,0,1,0,0,0,1,0.0750377888145109,0.201576333405312,0
u_6719,3,2,4,2,0,3,2,4,1.0,0,1,0,0,0,0,6,4,0,0,1,0.0709350032390412,0.2020082055711509,1
u_200,0,0,0,0,0,0,0,0,1.0,0,1,0,0,0,0,1,1,1,1,1,0.0643489527099978,0.1993090045346577,0
u_1528,0,0,0,0,0,0,0,0,0.783,0,0,1,0,0,0,1,0,17,17,0,0.0730943640682358,0.201576333405312,0
u_727,0,0,0,0,0,0,0,0,0.9,0,1,0,0,0,0,1,1,2,2,1,0.0755776290218095,0.2020082055711509,0
u_8777,1,0,1,0,0,1,0,1,0.8,1,0,0,0,0,0,3,2,16,16,0,0.0712589073634204,0.1994169725761174,1
u_8582,1,0,1,1,1,1,1,1,0.778,1,0,0,0,1,1,3,3,8,8,0,0.0736342042755344,0.201576333405312,1
u_7530,0,2,3,3,1,0,3,3,1.0,0,1,1,0,0,0,4,3,12,12,0,0.0730943640682358,0.2020082055711509,1
u_6966,1,0,1,1,0,1,1,1,0.8,1,0,1,0,0,0,3,3,16,16,0,0.0674800259123299,0.1993090045346577,1
u_456,0,0,0,0,0,0,0,0,0.818,0,1,0,0,0,0,1,0,6,6,0,0.0709350032390412,0.1976894839127618,0
u_8485,0,0,0,0,0,0,0,0,0.667,0,0,1,1,0,0,1,0,4,4,1,0.0736342042755344,0.201576333405312,1
u_5642,0,0,0,0,0,0,0,0,0.762,0,0,0,0,0,0,1,0,16,16,0,0.0712589073634204,0.1976894839127618,0
u_6538,0,0,0,0,0,0,0,0,0.8,0,1,1,1,0,0,1,0,5,5,1,0.0681278341610883,0.2020082055711509,1
u_8610,1,0,2,0,0,1,0,2,0.857,0,1,1,1,1,1,5,3,15,15,0,0.0684517382854675,0.201576333405312,1
u_4029,0,0,0,0,0,0,0,0,0.783,0,1,0,0,0,0,1,0,19,19,0,0.0684517382854675,0.201576333405312,0
u_8354,0,0,0,0,0,0,0,0,0.875,1,0,1,0,1,1,1,1,5,5,1,0.0739581083999136,0.2020082055711509,1
u_1874,0,0,0,0,0,0,0,0,0.857,0,0,0,0,0,0,1,1,16,16,0,0.0736342042755344,0.1993090045346577,0
u_516,0,0,0,0,0,0,0,0,0.762,0,0,0,0,0,0,1,0,3,3,1,0.0736342042755344,0.1976894839127618,0
u_2216,0,0,0,0,0,0,0,0,0.87,0,1,1,0,1,1,1,1,22,22,0,0.0723385877780177,0.1994169725761174,0
u_9210,2,0,3,1,0,2,1,3,0.8,0,1,1,1,0,0,6,3,21,21,0,0.0750377888145109,0.1976894839127618,1
u_1425,0,0,0,0,0,0,0,0,0.8,0,1,0,0,0,0,1,0,16,16,0,0.0739581083999136,0.1993090045346577,0
u_7031,1,0,1,0,0,1,0,1,0.857,1,0,1,1,0,0,3,3,5,5,1,0.0739581083999136,0.2020082055711509,1
u_5055,0,0,0,0,0,0,0,0,0.762,0,1,0,0,0,0,1,0,20,20,0,0.0755776290218095,0.1993090045346577,0
u_7136,1,0,1,1,1,1,1,1,0.889,0,1,1,0,0,0,3,4,20,20,0,0.0739581083999136,0.1976894839127618,1
u_6031,0,0,0,0,0,0,0,0,0.727,0,1,1,0,0,0,1,0,3,3,1,0.0730943640682358,0.1976894839127618,0
u_6690,1,0,1,1,0,1,1,1,1.0,0,0,0,0,0,0,3,4,7,7,0,0.0712589073634204,0.1976894839127618,1
u_948,0,0,0,0,0,0,0,0,0.778,0,1,0,0,0,0,1,0,7,7,0,0.0712589073634204,0.1994169725761174,0
u_6363,0,0,0,0,0,0,0,0,0.947,0,1,0,0,0,0,1,1,12,12,0,0.0684517382854675,0.2020082055711509,0
u_8123,0,0,0,0,0,0,0,0,0.762,0,1,1,1,0,0,1,0,15,15,0,0.0755776290218095,0.1976894839127618,1
u_5953,0,0,0,0,0,0,0,0,0.818,0,1,0,0,0,0,1,0,20,20,0,0.071798747570719,0.201576333405312,0
u_8341,2,0,2,2,0,2,2,2,0.833,1,0,1,1,0,0,3,3,13,13,0,0.0739581083999136,0.201576333405312,1
u_3339,0,0,0,0,0,0,0,0,0.8,0,0,1,0,0,0,1,0,1,1,1,0.0684517382854675,0.201576333405312,0
u_2682,0,0,0,0,0,0,0,0,0.72,0,0,1,0,0,0,1,0,9,9,0,0.0684517382854675,0.201576333405312,0
u_4972,0,0,0,0,0,0,0,0,0.87,0,1,1,0,0,0,1,1,12,12,0,0.0755776290218095,0.1993090045346577,0
u_211,0,0,0,0,0,0,0,0,0.8,0,0,0,0,0,0,1,0,16,16,0,0.0755776290218095,0.1976894839127618,0
u_5065,0,0,0,0,0,0,0,0,1.0,0,1,1,0,0,0,1,1,18,18,0,0.0684517382854675,0.201576333405312,0
u_7511,0,0,1,0,0,0,0,1,1.0,0,1,1,1,0,0,3,2,12,12,0,0.0643489527099978,0.1993090045346577,1
u_150,0,0,0,0,0,0,0,0,0.818,0,0,0,0,0,0,1,0,12,12,0,0.0681278341610883,0.1976894839127618,0
u_342,0,0,0,0,0,0,0,0,0.778,0,1,0,0,0,0,1,0,18,18,0,0.0684517382854675,0.1994169725761174,0
u_3447,0,0,0,0,0,0,0,0,0.941,0,1,0,0,0,0,1,1,8,8,0,0.0643489527099978,0.2020082055711509,0
u_8220,0,1,1,0,0,0,0,1,0.833,0,0,1,1,0,0,3,1,5,5,1,0.0723385877780177,0.201576333405312,1
u_3078,0,0,0,0,0,0,0,0,0.762,0,1,0,0,0,0,1,0,13,13,0,0.0736342042755344,0.2020082055711509,0
u_728,0,0,0,0,0,0,0,0,0.941,0,1,1,0,0,0,1,1,9,9,0,0.071798747570719,0.201576333405312,0
u_183,0,0,0,0,0,0,0,0,0.667,0,0,0,0,0,0,1,0,14,14,0,0.0739581083999136,0.1976894839127618,0
u_5219,0,0,0,0,0,0,0,0,0.741,0,1,0,0,0,0,1,0,2,2,1,0.0736342042755344,0.1976894839127618,0
u_8407,0,0,1,0,0,0,0,1,0.889,0,1,1,1,0,0,3,2,7,7,0,0.0750377888145109,0.1993090045346577,1
u_7456,0,0,0,0,0,0,0,0,0.8,1,0,1,1,0,0,1,0,15,15,0,0.0736342042755344,0.201576333405312,1
u_3909,0,0,0,0,0,0,0,0,0.696,0,1,0,0,0,0,1,0,2,2,1,0.0730943640682358,0.2020082055711509,0
u_5009,0,0,0,0,0,0,0,0,0.696,0,0,0,0,0,0,1,0,3,3,1,0.0674800259123299,0.1976894839127618,0
u_4603,0,0,0,0,0,0,0,0,0.857,0,0,0,0,0,0,1,1,8,8,0,0.0709350032390412,0.1994169725761174,0
u_6747,2,0,2,0,0,2,0,2,0.96,1,0,1,1,0,0,4,3,18,18,0,0.0739581083999136,0.201576333405312,1
u_3435,0,0,0,0,0,0,0,0,0.727,0,0,1,0,1,1,1,0,22,22,0,0.0730943640682358,0.1976894839127618,0
u_3451,0,0,0,0,0,0,0,0,0.727,0,1,0,0,0,0,1,0,0,0,1,0.0750377888145109,0.201576333405312,0
u_3488,0,0,0,0,0,0,0,0,0.857,0,1,1,0,0,0,1,1,12,12,0,0.071798747570719,0.1993090045346577,0
u_7635,0,0,0,0,0,0,0,0,1.0,1,0,0,0,1,1,1,1,17,17,0,0.0712589073634204,0.1993090045346577,1
u_6045,0,0,0,0,0,0,0,0,0.762,0,0,0,0,0,0,1,0,23,23,0,0.0750377888145109,0.1994169725761174,0
u_2295,0,0,0,0,0,0,0,0,0.4,0,1,1,0,0,0,1,0,13,13,0,0.0643489527099978,0.201576333405312,0
u_7925,0,0,0,0,0,0,0,0,0.737,0,1,1,0,0,0,1,0,16,16,0,0.0736342042755344,0.2020082055711509,1
u_3542,0,0,0,0,0,0,0,0,1.0,0,1,0,0,0,0,1,1,0,0,1,0.0681278341610883,0.201576333405312,0
u_5584,0,0,0,0,0,0,0,0,0.783,0,0,1,0,0,0,1,0,2,2,1,0.0709350032390412,0.1993090045346577,0
u_3138,0,0,0,0,0,0,0,0,0.8,0,1,0,0,0,0,1,0,15,15,0,0.0739581083999136,0.1993090045346577,0
u_2988,0,0,0,0,0,0,0,0,0.706,0,1,1,0,0,0,1,0,15,15,0,0.0681278341610883,0.2020082055711509,0
u_2639,0,0,0,0,0,0,0,0,0.727,0,1,0,0,0,0,1,0,9,9,0,0.0730943640682358,0.2020082055711509,0
u_3812,0,0,0,0,0,0,0,0,0.727,0,1,0,0,0,0,1,0,22,22,0,0.0709350032390412,0.1993090045346577,0
u_7118,0,0,0,0,0,0,0,0,0.714,0,1,1,1,0,0,1,0,21,21,0,0.0739581083999136,0.1976894839127618,1
u_3915,0,0,0,0,0,0,0,0,1.0,0,1,0,0,0,0,1,1,11,11,0,0.0712589073634204,0.201576333405312,0
u_2784,0,0,0,0,0,0,0,0,0.727,0,1,0,0,0,0,1,0,23,23,0,0.0736342042755344,0.1993090045346577,0
u_4695,0,0,0,0,0,0,0,0,0.8,0,1,0,0,0,0,1,0,21,21,0,0.0684517382854675,0.1994169725761174,0
u_3208,0,0,0,0,0,0,0,0,0.692,0,0,0,0,0,0,1,0,3,3,1,0.0755776290218095,0.201576333405312,0
u_593,0,0,0,0,0,0,0,0,0.842,0,1,1,0,0,0,1,0,9,9,0,0.0739581083999136,0.201576333405312,0
u_6871,0,0,2,1,0,0,1,2,0.857,1,0,1,0,0,0,4,3,11,11,0,0.0739581083999136,0.1976894839127618,1
u_1759,0,0,0,0,0,0,0,0,0.696,0,1,0,0,0,0,1,0,18,18,0,0.0723385877780177,0.201576333405312,0
u_5237,0,0,0,0,0,0,0,0,1.0,0,0,0,0,0,0,1,1,14,14,0,0.0723385877780177,0.2020082055711509,0
u_7541,1,1,1,0,0,1,0,1,0.737,0,1,0,0,0,0,3,2,19,19,0,0.0684517382854675,0.201576333405312,1
u_1021,0,0,0,0,0,0,0,0,1.0,0,0,0,0,0,0,1,1,11,11,0,0.0712589073634204,0.1993090045346577,0
u_4364,0,0,0,0,0,0,0,0,0.941,0,1,1,0,0,0,1,1,12,12,0,0.071798747570719,0.1976894839127618,0
u_4654,0,0,0,0,0,0,0,0,0.75,0,0,0,0,0,0,1,0,18,18,0,0.0739581083999136,0.1993090045346577,0
u_1801,0,0,0,0,0,0,0,0,0.818,0,1,0,0,0,0,1,0,10,10,0,0.0736342042755344,0.2020082055711509,0
u_1567,0,0,0,0,0,0,0,0,0.917,0,1,1,0,0,0,1,1,3,3,1,0.0723385877780177,0.1994169725761174,0
u_8176,0,0,1,1,1,0,1,1,1.0,1,0,0,0,0,0,3,3,11,11,0,0.071798747570719,0.201576333405312,1
u_3224,0,0,0,0,0,0,0,0,0.737,0,0,1,0,0,0,1,0,4,4,1,0.0684517382854675,0.2020082055711509,0
u_8741,0,0,2,0,0,0,0,2,1.0,1,0,1,1,0,0,5,2,6,6,0,0.0643489527099978,0.201576333405312,1
u_6778,3,2,3,1,0,3,1,3,0.952,0,1,1,1,0,0,5,4,6,6,0,0.071798747570719,0.1976894839127618,1
u_7334,0,0,1,1,0,0,1,1,0.857,0,1,0,0,0,0,3,3,10,10,0,0.0730943640682358,0.1976894839127618,1
u_1996,0,0,0,0,0,0,0,0,0.696,0,0,0,0,0,0,1,0,21,21,0,0.0643489527099978,0.201576333405312,0
u_7824,1,0,3,2,0,1,2,3,0.96,0,1,0,0,0,0,6,4,11,11,0,0.0674800259123299,0.1994169725761174,1
u_5020,0,0,0,0,0,0,0,0,0.75,0,1,1,0,0,0,1,0,1,1,1,0.0709350032390412,0.1993090045346577,0
u_6216,0,0,0,0,0,0,0,0,0.5,0,1,0,0,1,1,1,0,15,15,0,0.0755776290218095,0.1993090045346577,0
u_3675,0,0,0,0,0,0,0,0,0.769,0,0,1,0,0,0,1,0,16,16,0,0.0739581083999136,0.1994169725761174,0
u_5100,0,0,0,0,0,0,0,0,0.889,0,1,0,0,0,0,1,1,22,22,0,0.0643489527099978,0.201576333405312,0
u_1978,0,0,0,0,0,0,0,0,0.737,0,0,0,0,0,0,1,0,10,10,0,0.0730943640682358,0.1976894839127618,0
u_5675,0,0,0,0,0,0,0,0,0.952,0,1,1,0,0,0,1,1,20,20,0,0.0730943640682358,0.1976894839127618,0
u_8670,2,1,2,0,0,2,0,2,0.706,0,1,0,0,0,0,4,2,2,2,1,0.0674800259123299,0.1993090045346577,1
u_2074,0,0,0,0,0,0,0,0,1.0,0,1,0,0,0,0,1,1,10,10,0,0.0674800259123299,0.1993090045346577,0
u_8499,1,0,3,2,0,1,2,3,1.0,0,0,1,1,0,0,6,4,5,5,1,0.0709350032390412,0.2020082055711509,1
u_5370,0,0,0,0,0,0,0,0,0.833,0,1,0,0,1,1,1,0,1,1,1,0.0736342042755344,0.201576333405312,0
u_6962,0,0,0,0,0,0,0,0,0.778,0,0,1,1,0,0,1,0,17,17,0,0.0643489527099978,0.1993090045346577,1
u_4949,0,0,0,0,0,0,0,0,0.667,0,1,1,0,0,0,1,0,1,1,1,0.0712589073634204,0.201576333405312,0
u_4227,0,0,0,0,0,0,0,0,0.818,0,0,1,0,1,1,1,0,6,6,0,0.0712589073634204,0.1994169725761174,0
u_2599,0,0,0,0,0,0,0,0,0.8,0,1,0,0,0,0,1,0,2,2,1,0.0684517382854675,0.1993090045346577,0
u_8128,0,0,3,0,0,0,0,3,0.632,0,0,0,0,0,0,5,1,13,13,0,0.0723385877780177,0.1993090045346577,1
u_4026,0,0,0,0,0,0,0,0,0.818,0,0,1,0,0,0,1,0,16,16,0,0.0681278341610883,0.2020082055711509,0
u_1079,0,0,0,0,0,0,0,0,0.824,0,1,0,0,0,0,1,0,9,9,0,0.0712589073634204,0.1993090045346577,0
u_7299,2,0,4,0,0,2,0,4,1.0,0,1,1,0,0,0,6,3,0,0,1,0.0674800259123299,0.1994169725761174,1
u_6464,0,0,0,0,0,0,0,0,0.778,0,0,0,0,0,0,1,0,21,21,0,0.0643489527099978,0.1993090045346577,0
u_4589,0,0,0,0,0,0,0,0,1.0,0,0,0,0,0,0,1,1,23,23,0,0.0681278341610883,0.201576333405312,0
u_5531,0,0,0,0,0,0,0,0,0.727,0,0,0,0,0,0,1,0,4,4,1,0.0755776290218095,0.201576333405312,0
u_8452,3,0,3,1,0,3,1,3,0.952,0,1,1,1,0,0,5,4,10,10,0,0.071798747570719,0.201576333405312,1
u_6172,0,0,0,0,0,0,0,0,0.778,0,0,1,0,0,0,1,0,15,15,0,0.071798747570719,0.201576333405312,0
u_3739,0,0,0,0,0,0,0,0,0.737,0,0,0,0,0,0,1,0,12,12,0,0.0723385877780177,0.1993090045346577,0
u_466,0,0,0,0,0,0,0,0,0.783,0,1,0,0,0,0,1,0,3,3,1,0.0739581083999136,0.1993090045346577,0
u_9136,0,1,1,1,1,0,1,1,1.0,0,1,1,1,0,0,3,3,18,18,0,0.0681278341610883,0.1993090045346577,1
u_889,0,0,0,0,0,0,0,0,1.0,0,1,1,0,0,0,1,1,4,4,1,0.0684517382854675,0.2020082055711509,0
u_2200,0,0,0,0,0,0,0,0,0.833,0,0,1,0,0,0,1,0,14,14,0,0.0739581083999136,0.1993090045346577,0
u_6222,0,0,0,0,0,0,0,0,0.727,0,1,1,0,0,0,1,0,10,10,0,0.0736342042755344,0.2020082055711509,0
u_2571,0,0,0,0,0,0,0,0,0.947,0,1,0,0,0,0,1,1,0,0,1,0.0755776290218095,0.1994169725761174,0
u_392,0,0,0,0,0,0,0,0,0.857,0,0,0,0,0,0,1,1,13,13,0,0.0709350032390412,0.1976894839127618,0
u_3809,0,0,0,0,0,0,0,0,1.0,0,1,0,0,0,0,1,1,7,7,0,0.0736342042755344,0.1994169725761174,0
u_1932,0,0,0,0,0,0,0,0,0.833,0,1,0,0,0,0,1,0,13,13,0,0.0674800259123299,0.201576333405312,0
u_4056,0,0,0,0,0,0,0,0,0.786,0,1,1,0,0,0,1,0,9,9,0,0.0750377888145109,0.1976894839127618,0
u_1818,0,0,0,0,0,0,0,0,1.0,0,1,0,0,0,0,1,1,19,19,0,0.0730943640682358,0.1993090045346577,0
u_4089,0,0,0,0,0,0,0,0,0.75,0,1,0,0,0,0,1,0,10,10,0,0.0709350032390412,0.201576333405312,0
u_6762,1,0,3,2,1,1,2,3,0.96,1,0,0,0,0,0,6,4,3,3,1,0.0739581083999136,0.1993090045346577,1
u_6882,0,0,3,1,1,0,1,3,1.0,1,0,1,0,0,0,5,3,19,19,0,0.0681278341610883,0.1993090045346577,1
u_5457,0,0,0,0,0,0,0,0,0.75,0,1,0,0,0,0,1,0,13,13,0,0.0750377888145109,0.1993090045346577,0
u_4762,0,0,0,0,0,0,0,0,0.8,0,1,0,0,0,0,1,0,7,7,0,0.0674800259123299,0.201576333405312,0
u_3124,0,0,0,0,0,0,0,0,0.75,0,1,0,0,0,0,1,0,0,0,1,0.0755776290218095,0.2020082055711509,0
u_7533,0,0,0,0,0,0,0,0,0.9,0,1,1,0,0,0,1,1,12,12,0,0.0739581083999136,0.1993090045346577,1
u_4377,0,0,0,0,0,0,0,0,0.727,0,1,1,0,0,0,1,0,16,16,0,0.0736342042755344,0.1993090045346577,0
u_7437,0,0,2,0,0,0,0,2,1.0,0,1,0,0,0,0,5,2,4,4,1,0.0730943640682358,0.1994169725761174,1
u_5228,0,0,0,0,0,0,0,0,1.0,0,0,0,0,0,0,1,1,5,5,1,0.0730943640682358,0.1994169725761174,0
u_3097,0,0,0,0,0,0,0,0,0.8,0,1,0,0,0,0,1,0,5,5,1,0.0674800259123299,0.201576333405312,0
u_7312,3,1,4,3,0,3,3,4,1.0,1,0,1,0,1,1,5,4,20,20,0,0.0750377888145109,0.1993090045346577,1
u_6201,0,0,0,0,0,0,0,0,0.727,0,0,0,0,0,0,1,0,13,13,0,0.0739581083999136,0.201576333405312,0
u_1033,0,0,0,0,0,0,0,0,0.8,0,1,0,0,0,0,1,0,0,0,1,0.0674800259123299,0.1993090045346577,0
u_837,0,0,0,0,0,0,0,0,0.667,0,1,0,0,0,0,1,0,15,15,0,0.0730943640682358,0.1993090045346577,0
u_7464,3,0,5,0,0,3,0,5,0.889,0,1,0,0,0,0,6,3,19,19,0,0.0730943640682358,0.1994169725761174,1
u_7781,0,3,4,3,0,0,3,4,1.0,0,0,1,1,0,0,5,3,8,8,0,0.0730943640682358,0.2020082055711509,1
u_2407,0,0,0,0,0,0,0,0,1.0,0,0,0,0,0,0,1,1,22,22,0,0.0709350032390412,0.1994169725761174,0
u_4340,0,0,0,0,0,0,0,0,0.72,0,0,0,0,0,0,1,0,16,16,0,0.0739581083999136,0.1993090045346577,0
u_7279,4,0,5,4,0,4,4,5,0.762,0,1,0,0,0,0,5,3,15,15,0,0.0709350032390412,0.1976894839127618,1
u_3270,0,0,0,0,0,0,0,0,0.818,0,1,0,0,0,0,1,0,0,0,1,0.0709350032390412,0.201576333405312,0
u_6536,1,0,2,2,2,1,2,2,0.96,0,1,1,1,0,0,4,4,13,13,0,0.0684517382854675,0.1976894839127618,1
u_2325,0,0,0,0,0,0,0,0,0.75,0,1,0,0,0,0,1,0,17,17,0,0.0750377888145109,0.1994169725761174,0
u_3563,0,0,0,0,0,0,0,0,0.947,0,1,0,0,0,0,1,1,4,4,1,0.0712589073634204,0.2020082055711509,0
u_6427,0,0,0,0,0,0,0,0,0.72,0,1,0,0,0,0,1,0,6,6,0,0.0712589073634204,0.2020082055711509,0
u_2472,0,0,0,0,0,0,0,0,0.737,0,1,0,0,0,0,1,0,3,3,1,0.0674800259123299,0.1993090045346577,0
u_2869,0,0,0,0,0,0,0,0,0.842,0,1,1,0,0,0,1,0,22,22,0,0.0750377888145109,0.1976894839127618,0
u_2007,0,0,0,0,0,0,0,0,0.857,0,1,0,0,0,0,1,1,3,3,1,0.0730943640682358,0.1993090045346577,0
u_5560,0,0,0,0,0,0,0,0,0.75,0,1,1,0,0,0,1,0,17,17,0,0.0723385877780177,0.1993090045346577,0
u_1591,0,0,0,0,0,0,0,0,0.7,0,1,0,0,0,0,1,0,4,4,1,0.0739581083999136,0.1976894839127618,0
u_2161,0,0,0,0,0,0,0,0,0.727,0,0,1,0,0,0,1,0,23,23,0,0.0739581083999136,0.2020082055711509,0
u_4800,0,0,0,0,0,0,0,0,0.696,0,0,0,0,1,1,1,0,6,6,0,0.0712589073634204,0.1993090045346577,0
u_4461,0,0,0,0,0,0,0,0,0.75,0,1,0,0,0,0,1,0,23,23,0,0.0712589073634204,0.1976894839127618,0
u_5809,0,0,0,0,0,0,0,0,0.727,0,0,0,0,0,0,1,0,16,16,0,0.0723385877780177,0.201576333405312,0
u_5158,0,0,0,0,0,0,0,0,1.0,0,1,0,0,0,0,1,1,6,6,0,0.071798747570719,0.1993090045346577,0
u_9135,0,0,0,0,0,0,0,0,0.7,0,1,1,0,0,0,1,0,18,18,0,0.0681278341610883,0.2020082055711509,1
u_3414,0,0,0,0,0,0,0,0,1.0,0,0,0,0,0,0,1,1,10,10,0,0.0723385877780177,0.2020082055711509,0
u_6305,0,0,0,0,0,0,0,0,0.762,0,1,0,0,0,0,1,0,10,10,0,0.0736342042755344,0.1976894839127618,0
u_8781,1,1,1,0,0,1,0,1,1.0,0,0,1,1,0,0,3,3,20,20,0,0.0736342042755344,0.201576333405312,1
u_5927,0,0,0,0,0,0,0,0,0.783,0,1,0,0,0,0,1,0,17,17,0,0.0739581083999136,0.1994169725761174,0
u_3477,0,0,0,0,0,0,0,0,1.0,0,1,0,0,0,0,1,1,14,14,0,0.0712589073634204,0.1993090045346577,0
u_1474,0,0,0,0,0,0,0,0,0.8,0,1,0,0,0,0,1,0,9,9,0,0.0755776290218095,0.1994169725761174,0
u_5728,0,0,0,0,0,0,0,0,0.8,0,0,1,0,0,0,1,0,2,2,1,0.0739581083999136,0.1993090045346577,0
u_867,0,0,0,0,0,0,0,0,1.0,0,1,1,0,0,0,1,1,7,7,0,0.0643489527099978,0.2020082055711509,0
u_2518,0,0,0,0,0,0,0,0,0.727,0,0,1,0,0,0,1,0,19,19,0,0.0681278341610883,0.201576333405312,0
u_519,0,0,0,0,0,0,0,0,0.588,0,1,0,0,0,0,1,0,9,9,0,0.0712589073634204,0.201576333405312,0
u_8175,0,0,0,0,0,0,0,0,0.737,0,1,0,0,0,0,1,0,11,11,0,0.071798747570719,0.201576333405312,1
u_91,0,0,0,0,0,0,0,0,0.8,0,1,0,0,0,0,1,0,11,11,0,0.0739581083999136,0.1994169725761174,0
u_2205,0,0,0,0,0,0,0,0,0.737,0,0,0,0,0,0,1,0,4,4,1,0.0709350032390412,0.1976894839127618,0
u_241,0,0,0,0,0,0,0,0,0.769,0,0,0,0,0,0,1,0,23,23,0,0.0730943640682358,0.2020082055711509,0
u_5486,0,0,0,0,0,0,0,0,0.8,0,1,0,0,0,0,1,0,6,6,0,0.0681278341610883,0.1994169725761174,0
u_8369,2,0,3,2,0,2,2,3,1.0,1,0,0,0,0,0,5,4,8,8,0,0.0681278341610883,0.1994169725761174,1
u_5003,0,0,0,0,0,0,0,0,0.75,0,0,0,0,0,0,1,0,5,5,1,0.0739581083999136,0.1993090045346577,0
u_4418,0,0,0,0,0,0,0,0,0.75,0,1,1,0,0,0,1,0,14,14,0,0.0750377888145109,0.201576333405312,0
u_1272,0,0,0,0,0,0,0,0,0.957,0,1,0,0,0,0,1,1,21,21,0,0.0723385877780177,0.2020082055711509,0
u_4820,0,0,0,0,0,0,0,0,0.963,0,0,0,0,0,0,1,1,4,4,1,0.0739581083999136,0.201576333405312,0
u_3852,0,0,0,0,0,0,0,0,0.667,0,1,0,0,0,0,1,0,18,18,0,0.0750377888145109,0.201576333405312,0
u_5179,0,0,0,0,0,0,0,0,0.762,0,1,1,0,0,0,1,0,12,12,0,0.0739581083999136,0.1976894839127618,0
u_3524,0,0,0,0,0,0,0,0,0.8,0,0,0,0,0,0,1,0,0,0,1,0.0739581083999136,0.1976894839127618,0
u_985,0,0,0,0,0,0,0,0,0.737,0,0,0,0,0,0,1,0,16,16,0,0.0684517382854675,0.1993090045346577,0
u_5355,0,0,0,0,0,0,0,0,0.783,0,0,1,0,0,0,1,0,0,0,1,0.0712589073634204,0.2020082055711509,0
u_8034,0,0,0,0,0,0,0,0,0.842,1,0,1,1,0,0,1,0,2,2,1,0.0730943640682358,0.201576333405312,1
u_1893,0,0,0,0,0,0,0,0,0.9,0,0,0,0,0,0,1,1,0,0,1,0.071798747570719,0.1993090045346577,0
u_4639,0,0,0,0,0,0,0,0,0.762,0,1,0,0,0,0,1,0,21,21,0,0.0723385877780177,0.201576333405312,0
u_2587,0,0,0,0,0,0,0,0,0.727,0,0,0,0,0,0,1,0,22,22,0,0.0736342042755344,0.201576333405312,0
u_6240,0,0,0,0,0,0,0,0,0.625,0,0,1,0,0,0,1,0,18,18,0,0.0681278341610883,0.2020082055711509,0
u_8471,0,0,0,0,0,0,0,0,1.0,0,1,0,0,0,0,1,1,13,13,0,0.0730943640682358,0.2020082055711509,1
u_7600,0,0,0,0,0,0,0,0,0.667,0,1,1,1,0,0,1,0,7,7,0,0.0750377888145109,0.1976894839127618,1
u_2596,0,0,0,0,0,0,0,0,0.75,0,1,1,0,0,0,1,0,7,7,0,0.0674800259123299,0.1993090045346577,0
u_3394,0,0,0,0,0,0,0,0,0.833,0,0,1,0,0,0,1,0,19,19,0,0.0739581083999136,0.1976894839127618,0
u_803,0,0,0,0,0,0,0,0,0.741,0,0,0,0,1,1,1,0,11,11,0,0.0643489527099978,0.2020082055711509,0
u_5335,0,0,0,0,0,0,0,0,1.0,0,1,0,0,0,0,1,1,6,6,0,0.0709350032390412,0.1976894839127618,0
u_6401,0,0,0,0,0,0,0,0,0.9,0,0,0,0,0,0,1,1,12,12,0,0.0739581083999136,0.1993090045346577,0
u_8449,0,0,0,0,0,0,0,0,0.727,0,0,0,0,0,0,1,0,7,7,0,0.071798747570719,0.201576333405312,1
u_3164,0,0,0,0,0,0,0,0,0.769,0,0,1,0,0,0,1,0,2,2,1,0.0643489527099978,0.2020082055711509,0
u_4975,0,0,0,0,0,0,0,0,0.727,0,1,0,0,0,0,1,0,15,15,0,0.0755776290218095,0.201576333405312,0
u_22,0,0,0,0,0,0,0,0,0.8,0,0,0,0,0,0,1,0,7,7,0,0.0755776290218095,0.2020082055711509,0
u_613,0,0,0,0,0,0,0,0,0.783,0,1,0,0,0,0,1,0,1,1,1,0.0684517382854675,0.1994169725761174,0
u_1101,0,0,0,0,0,0,0,0,0.667,0,0,0,0,0,0,1,0,5,5,1,0.0643489527099978,0.1993090045346577,0
u_4388,0,0,0,0,0,0,0,0,0.8,0,0,0,0,0,0,1,0,19,19,0,0.0709350032390412,0.1994169725761174,0
u_9062,0,0,1,0,0,0,0,1,0.96,0,1,1,1,0,0,3,2,23,23,0,0.0739581083999136,0.1994169725761174,1
u_8138,1,0,2,0,0,1,0,2,0.952,1,0,1,0,0,0,4,3,10,10,0,0.0643489527099978,0.1993090045346577,1
u_6422,0,0,0,0,0,0,0,0,0.762,0,1,1,0,0,0,1,0,23,23,0,0.0684517382854675,0.1994169725761174,0
u_2702,0,0,0,0,0,0,0,0,0.714,0,1,0,0,0,0,1,0,23,23,0,0.0730943640682358,0.1994169725761174,0
u_308,0,0,0,0,0,0,0,0,0.72,0,1,1,0,0,0,1,0,17,17,0,0.0712589073634204,0.201576333405312,0
u_1507,0,0,0,0,0,0,0,0,0.824,0,1,0,0,0,0,1,0,10,10,0,0.0739581083999136,0.2020082055711509,0
u_1129,0,0,0,0,0,0,0,0,0.571,0,1,0,0,0,0,1,0,4,4,1,0.0739581083999136,0.2020082055711509,0
u_3461,0,0,0,0,0,0,0,0,0.952,0,0,0,0,0,0,1,1,15,15,0,0.0730943640682358,0.2020082055711509,0
u_1424,0,0,0,0,0,0,0,0,0.667,0,1,1,0,0,0,1,0,14,14,0,0.0723385877780177,0.201576333405312,0
u_8278,0,2,3,1,1,0,1,3,0.875,0,1,1,1,0,0,6,3,19,19,0,0.0739581083999136,0.2020082055711509,1
u_6393,0,0,0,0,0,0,0,0,0.8,0,1,0,0,0,0,1,0,11,11,0,0.0712589073634204,0.1976894839127618,0
u_7554,0,0,0,0,0,0,0,0,0.957,0,1,1,1,0,0,1,1,19,19,0,0.0674800259123299,0.1993090045346577,1
u_5911,0,0,0,0,0,0,0,0,0.762,0,0,0,0,0,0,1,0,12,12,0,0.071798747570719,0.1994169725761174,0
u_8083,2,0,3,3,2,2,3,3,1.0,0,1,0,0,0,0,4,4,14,14,0,0.071798747570719,0.1976894839127618,1
u_290,0,0,0,0,0,0,0,0,0.714,0,1,0,0,0,0,1,0,9,9,0,0.0674800259123299,0.1976894839127618,0
u_7287,0,1,3,0,0,0,0,3,0.778,0,0,1,0,0,0,5,1,0,0,1,0.0643489527099978,0.1994169725761174,1
u_3957,0,0,0,0,0,0,0,0,0.778,0,1,0,0,0,0,1,0,15,15,0,0.0739581083999136,0.1993090045346577,0
u_9252,0,0,1,0,0,0,0,1,1.0,1,0,1,1,0,0,3,2,10,10,0,0.0730943640682358,0.1994169725761174,1
u_7054,1,0,1,0,0,1,0,1,0.8,0,1,1,0,0,0,3,2,14,14,0,0.0739581083999136,0.201576333405312,1
u_3527,0,0,0,0,0,0,0,0,0.741,0,1,0,0,0,0,1,0,19,19,0,0.0643489527099978,0.201576333405312,0
u_2758,0,0,0,0,0,0,0,0,0.769,0,1,0,0,0,0,1,0,0,0,1,0.0739581083999136,0.1993090045346577,0
u_2824,0,0,0,0,0,0,0,0,1.0,0,1,0,0,0,0,1,1,15,15,0,0.0723385877780177,0.201576333405312,0
u_5541,0,0,0,0,0,0,0,0,0.818,0,1,1,0,0,0,1,0,16,16,0,0.0643489527099978,0.2020082055711509,0
u_5526,0,0,0,0,0,0,0,0,0.769,0,1,1,0,0,0,1,0,1,1,1,0.0750377888145109,0.1976894839127618,0
u_3446,0,0,0,0,0,0,0,0,0.75,0,0,1,0,0,0,1,0,15,15,0,0.0739581083999136,0.2020082055711509,0
u_3611,0,0,0,0,0,0,0,0,0.727,0,1,0,0,0,0,1,0,21,21,0,0.0739581083999136,0.1993090045346577,0
u_4317,0,0,0,0,0,0,0,0,0.783,0,1,0,0,0,0,1,0,13,13,0,0.0709350032390412,0.1993090045346577,0
u_5051,0,0,0,0,0,0,0,0,0.727,0,1,1,0,0,0,1,0,10,10,0,0.0739581083999136,0.1993090045346577,0
u_326,0,0,0,0,0,0,0,0,0.818,0,1,0,0,0,0,1,0,17,17,0,0.0709350032390412,0.1994169725761174,0
u_8025,0,0,2,0,0,0,0,2,0.737,0,0,0,0,0,0,4,1,13,13,0,0.0712589073634204,0.201576333405312,1
u_4122,0,0,0,0,0,0,0,0,0.737,0,1,0,0,0,0,1,0,4,4,1,0.0674800259123299,0.1993090045346577,0
u_365,0,0,0,0,0,0,0,0,0.762,0,0,1,0,0,0,1,0,22,22,0,0.0755776290218095,0.1976894839127618,0
u_1576,0,0,0,0,0,0,0,0,0.762,0,1,0,0,0,0,1,0,20,20,0,0.0681278341610883,0.1976894839127618,0
u_730,0,0,0,0,0,0,0,0,0.783,0,1,1,0,0,0,1,0,1,1,1,0.0730943640682358,0.2020082055711509,0
u_1773,0,0,0,0,0,0,0,0,0.783,0,1,0,0,0,0,1,0,10,10,0,0.0709350032390412,0.1976894839127618,0
u_2329,0,0,0,0,0,0,0,0,0.667,0,1,1,0,0,0,1,0,6,6,0,0.0684517382854675,0.1993090045346577,0
u_278,0,0,0,0,0,0,0,0,0.727,0,0,0,0,0,0,1,0,4,4,1,0.0730943640682358,0.1994169725761174,0
u_3212,0,0,0,0,0,0,0,0,0.75,0,0,0,0,0,0,1,0,12,12,0,0.0755776290218095,0.201576333405312,0
u_7927,0,0,0,0,0,0,0,0,0.762,0,0,1,1,0,0,1,0,16,16,0,0.0750377888145109,0.201576333405312,1
u_5091,0,0,0,0,0,0,0,0,0.8,0,1,0,0,0,0,1,0,19,19,0,0.0709350032390412,0.201576333405312,0
u_5406,0,0,0,0,0,0,0,0,0.783,0,0,1,0,0,0,1,0,3,3,1,0.0750377888145109,0.1993090045346577,0
u_2979,0,0,0,0,0,0,0,0,0.8,0,0,1,0,0,0,1,0,21,21,0,0.0681278341610883,0.1993090045346577,0
u_5120,0,0,0,0,0,0,0,0,0.741,0,1,0,0,0,0,1,0,4,4,1,0.0674800259123299,0.1993090045346577,0
u_7357,0,0,1,0,0,0,0,1,0.947,0,1,1,1,0,0,3,2,6,6,0,0.0739581083999136,0.1994169725761174,1
u_4815,0,0,0,0,0,0,0,0,0.727,0,1,1,0,0,0,1,0,13,13,0,0.0739581083999136,0.1993090045346577,0
u_1115,0,0,0,0,0,0,0,0,0.75,0,1,0,0,0,0,1,0,9,9,0,0.0750377888145109,0.1993090045346577,0
u_280,0,0,0,0,0,0,0,0,0.696,0,0,0,0,0,0,1,0,7,7,0,0.0684517382854675,0.1976894839127618,0
u_1247,0,0,0,0,0,0,0,0,0.769,0,1,0,0,0,0,1,0,7,7,0,0.0709350032390412,0.1976894839127618,0
u_1234,0,0,0,0,0,0,0,0,0.846,0,1,0,0,0,0,1,0,14,14,0,0.0736342042755344,0.1994169725761174,0
u_1386,0,0,0,0,0,0,0,0,0.842,0,1,0,0,0,0,1,0,7,7,0,0.0730943640682358,0.201576333405312,0
u_3230,0,0,0,0,0,0,0,0,0.769,0,1,0,0,0,0,1,0,10,10,0,0.0730943640682358,0.1994169725761174,0
u_663,0,0,0,0,0,0,0,0,0.737,0,1,0,0,0,0,1,0,11,11,0,0.0739581083999136,0.1994169725761174,0
u_3689,0,0,0,0,0,0,0,0,0.941,0,0,1,0,0,0,1,1,22,22,0,0.0739581083999136,0.201576333405312,0
u_7241,0,0,1,1,0,0,1,1,0.818,0,1,0,0,0,0,3,2,17,17,0,0.0684517382854675,0.1993090045346577,1
u_5314,0,0,0,0,0,0,0,0,0.842,0,1,0,0,0,0,1,0,10,10,0,0.0681278341610883,0.1993090045346577,0
u_292,0,0,0,0,0,0,0,0,0.941,0,1,1,0,0,0,1,1,9,9,0,0.071798747570719,0.2020082055711509,0
u_4622,0,0,0,0,0,0,0,0,0.762,0,0,1,0,0,0,1,0,23,23,0,0.0730943640682358,0.201576333405312,0
u_6249,0,0,0,0,0,0,0,0,0.8,0,1,0,0,0,0,1,0,0,0,1,0.0712589073634204,0.2020082055711509,0
u_2841,0,0,0,0,0,0,0,0,0.75,0,1,1,0,0,0,1,0,21,21,0,0.0709350032390412,0.1976894839127618,0
u_5043,0,0,0,0,0,0,0,0,0.8,0,1,0,0,0,0,1,0,19,19,0,0.0730943640682358,0.201576333405312,0
u_8282,3,0,5,2,0,3,2,5,1.0,0,1,1,0,0,0,8,4,21,21,0,0.0709350032390412,0.2020082055711509,1
u_5866,0,0,0,0,0,0,0,0,1.0,0,1,0,0,0,0,1,1,13,13,0,0.0730943640682358,0.1976894839127618,0
u_1856,0,0,0,0,0,0,0,0,0.783,0,1,0,0,0,0,1,0,23,23,0,0.071798747570719,0.1976894839127618,0
u_9160,0,0,0,0,0,0,0,0,0.75,0,0,1,1,0,0,1,0,8,8,0,0.0681278341610883,0.2020082055711509,1
u_6148,0,0,0,0,0,0,0,0,0.667,0,1,0,0,0,0,1,0,11,11,0,0.0730943640682358,0.1994169725761174,0
u_7601,0,0,1,1,0,0,1,1,0.667,0,0,1,1,0,0,3,2,8,8,0,0.0709350032390412,0.1976894839127618,1
u_162,0,0,0,0,0,0,0,0,0.727,0,1,0,0,0,0,1,0,19,19,0,0.0739581083999136,0.2020082055711509,0
u_1318,0,0,0,0,0,0,0,0,0.706,0,1,1,0,0,0,1,0,16,16,0,0.0739581083999136,0.1976894839127618,0
u_8226,1,0,1,1,1,1,1,1,0.786,1,0,1,1,0,0,3,3,6,6,0,0.0730943640682358,0.1976894839127618,1
u_7708,0,0,0,0,0,0,0,0,0.737,1,0,1,1,0,0,1,0,5,5,1,0.0739581083999136,0.1976894839127618,1
u_5692,0,0,0,0,0,0,0,0,1.0,0,1,0,0,0,0,1,1,3,3,1,0.0739581083999136,0.1994169725761174,0
u_7672,1,0,4,4,0,1,4,4,0.857,0,1,1,1,0,0,6,4,14,14,0,0.0750377888145109,0.1976894839127618,1
u_4027,0,0,0,0,0,0,0,0,0.8,0,0,0,0,1,1,1,0,8,8,0,0.0643489527099978,0.201576333405312,0
u_998,0,0,0,0,0,0,0,0,1.0,0,1,1,0,0,0,1,1,10,10,0,0.0723385877780177,0.1976894839127618,0
u_7888,4,0,4,3,1,4,3,4,1.0,0,1,0,0,0,0,4,4,18,18,0,0.0736342042755344,0.1976894839127618,1
u_2745,0,0,0,0,0,0,0,0,0.952,0,0,0,0,0,0,1,1,18,18,0,0.0723385877780177,0.1993090045346577,0
u_8316,1,0,1,1,0,1,1,1,0.8,1,0,1,0,1,1,3,3,21,21,0,0.0730943640682358,0.1976894839127618,1
u_1277,0,0,0,0,0,0,0,0,1.0,0,1,0,0,1,1,1,1,19,19,0,0.0739581083999136,0.2020082055711509,0
u_5299,0,0,0,0,0,0,0,0,0.783,0,1,1,0,0,0,1,0,11,11,0,0.0739581083999136,0.2020082055711509,0
u_7727,2,0,2,0,0,2,0,2,0.818,1,0,1,0,0,0,3,2,7,7,0,0.0723385877780177,0.2020082055711509,1
u_6774,2,3,3,2,0,2,2,3,0.957,1,0,1,0,0,0,5,4,5,5,1,0.0674800259123299,0.1994169725761174,1
u_8141,2,0,3,2,0,2,2,3,0.952,1,0,1,0,0,0,5,4,11,11,0,0.0643489527099978,0.2020082055711509,1
u_5227,0,0,0,0,0,0,0,0,0.786,0,1,0,0,0,0,1,0,17,17,0,0.0739581083999136,0.2020082055711509,0
u_1450,0,0,0,0,0,0,0,0,0.9,0,1,1,0,0,0,1,1,0,0,1,0.0681278341610883,0.1976894839127618,0
u_9105,0,1,3,0,0,0,0,3,0.857,0,0,1,0,0,0,7,2,10,10,0,0.0643489527099978,0.1976894839127618,1
u_7579,1,1,1,1,0,1,1,1,0.783,0,1,1,0,0,0,3,3,17,17,0,0.071798747570719,0.201576333405312,1
u_743,0,0,0,0,0,0,0,0,0.75,0,1,0,0,0,0,1,0,19,19,0,0.0681278341610883,0.1976894839127618,0
u_4061,0,0,0,0,0,0,0,0,0.778,0,1,1,0,0,0,1,0,8,8,0,0.0681278341610883,0.1994169725761174,0
u_6068,0,0,0,0,0,0,0,0,0.75,0,0,0,0,0,0,1,0,3,3,1,0.0750377888145109,0.201576333405312,0
u_5818,0,0,0,0,0,0,0,0,0.818,0,0,0,0,0,0,1,0,19,19,0,0.0723385877780177,0.1993090045346577,0
u_6757,2,1,3,0,0,2,0,3,0.737,1,0,1,0,0,0,5,2,3,3,1,0.0674800259123299,0.201576333405312,1
u_3978,0,0,0,0,0,0,0,0,0.762,0,1,1,0,0,0,1,0,3,3,1,0.0736342042755344,0.201576333405312,0
u_6182,0,0,0,0,0,0,0,0,0.75,0,1,1,0,0,0,1,0,15,15,0,0.0723385877780177,0.1993090045346577,0
u_756,0,0,0,0,0,0,0,0,0.8,0,0,0,0,0,0,1,0,6,6,0,0.0712589073634204,0.1993090045346577,0
u_4587,0,0,0,0,0,0,0,0,0.714,0,0,1,0,0,0,1,0,9,9,0,0.0739581083999136,0.1994169725761174,0
u_4291,0,0,0,0,0,0,0,0,0.75,0,1,0,0,0,0,1,0,9,9,0,0.0681278341610883,0.2020082055711509,0
u_1678,0,0,0,0,0,0,0,0,0.762,0,1,0,0,0,0,1,0,12,12,0,0.0730943640682358,0.2020082055711509,0
u_4595,0,0,0,0,0,0,0,0,0.857,0,0,1,0,0,0,1,1,2,2,1,0.0712589073634204,0.1976894839127618,0
u_5864,0,0,0,0,0,0,0,0,1.0,0,1,0,0,0,0,1,1,14,14,0,0.0643489527099978,0.1993090045346577,0
u_901,0,0,0,0,0,0,0,0,0.7,0,0,0,0,0,0,1,0,12,12,0,0.0684517382854675,0.201576333405312,0
u_7572,2,0,2,0,0,2,0,2,1.0,0,1,1,0,0,0,3,3,11,11,0,0.0739581083999136,0.1993090045346577,1
u_6333,0,0,0,0,0,0,0,0,0.778,0,1,0,0,0,0,1,0,1,1,1,0.0681278341610883,0.2020082055711509,0
u_417,0,0,0,0,0,0,0,0,0.824,0,0,0,0,0,0,1,0,5,5,1,0.0739581083999136,0.2020082055711509,0
u_3248,0,0,0,0,0,0,0,0,0.737,0,1,0,0,0,0,1,0,9,9,0,0.0730943640682358,0.1976894839127618,0
u_8504,3,1,3,1,0,3,1,3,0.952,1,0,1,0,0,0,5,4,11,11,0,0.0681278341610883,0.1994169725761174,1
u_6756,0,0,2,1,0,0,1,2,0.667,0,1,1,0,0,0,4,2,1,1,1,0.0674800259123299,0.1994169725761174,1
u_1669,0,0,0,0,0,0,0,0,0.762,0,1,1,0,0,0,1,0,3,3,1,0.0750377888145109,0.1976894839127618,0
u_8862,2,0,2,0,0,2,0,2,1.0,1,0,0,0,0,0,4,3,16,16,0,0.0739581083999136,0.2020082055711509,1
u_7077,3,0,4,0,0,3,0,4,1.0,1,0,0,0,1,1,5,3,7,7,0,0.0739581083999136,0.201576333405312,1
u_1205,0,0,0,0,0,0,0,0,0.7,0,1,0,0,0,0,1,0,1,1,1,0.0709350032390412,0.2020082055711509,0
u_3410,0,0,0,0,0,0,0,0,0.727,0,0,1,0,0,0,1,0,18,18,0,0.0739581083999136,0.201576333405312,0
u_8606,0,0,0,0,0,0,0,0,0.857,0,1,1,1,0,0,1,1,14,14,0,0.0755776290218095,0.1976894839127618,1
u_8607,0,0,1,1,0,0,1,1,1.0,0,1,0,0,0,0,3,3,15,15,0,0.0755776290218095,0.1976894839127618,1
u_7191,1,0,1,0,0,1,0,1,0.783,0,1,0,0,0,0,3,2,20,20,0,0.0755776290218095,0.2020082055711509,1
u_6237,0,0,0,0,0,0,0,0,0.7,0,1,0,0,0,0,1,0,5,5,1,0.0681278341610883,0.201576333405312,0
u_3382,0,0,0,0,0,0,0,0,0.72,0,1,1,0,0,0,1,0,22,22,0,0.071798747570719,0.1993090045346577,0
u_4443,0,0,0,0,0,0,0,0,0.667,0,1,0,0,0,0,1,0,17,17,0,0.0681278341610883,0.1993090045346577,0
u_3825,0,0,0,0,0,0,0,0,1.0,0,1,1,0,0,0,1,1,7,7,0,0.0736342042755344,0.2020082055711509,0
u_560,0,0,0,0,0,0,0,0,0.818,0,1,1,0,0,0,1,0,19,19,0,0.0736342042755344,0.1993090045346577,0
u_2296,0,0,0,0,0,0,0,0,0.818,0,0,0,0,0,0,1,0,4,4,1,0.0739581083999136,0.1976894839127618,0
u_8946,2,0,3,1,0,2,1,3,0.762,0,1,1,1,0,0,6,3,12,12,0,0.0674800259123299,0.2020082055711509,1
u_3014,0,0,0,0,0,0,0,0,0.762,0,0,0,0,0,0,1,0,11,11,0,0.0684517382854675,0.201576333405312,0
u_4568,0,0,0,0,0,0,0,0,0.522,0,1,1,0,0,0,1,0,4,4,1,0.0684517382854675,0.201576333405312,0
u_7396,1,0,1,1,0,1,1,1,0.875,1,0,0,0,0,0,3,4,10,10,0,0.0681278341610883,0.1976894839127618,1
u_9215,0,0,4,3,0,0,3,4,0.957,1,0,1,1,0,0,4,3,16,16,0,0.0736342042755344,0.2020082055711509,1
u_6160,0,0,0,0,0,0,0,0,0.769,0,0,1,0,1,1,1,0,16,16,0,0.0709350032390412,0.1993090045346577,0
u_5220,0,0,0,0,0,0,0,0,1.0,0,1,0,0,0,0,1,1,23,23,0,0.0684517382854675,0.2020082055711509,0
u_375,0,0,0,0,0,0,0,0,0.8,0,1,1,0,0,0,1,0,11,11,0,0.0684517382854675,0.1993090045346577,0
u_8200,0,0,0,0,0,0,0,0,0.818,1,0,1,0,0,0,1,0,16,16,0,0.071798747570719,0.1976894839127618,1
u_7583,0,0,0,0,0,0,0,0,0.875,0,1,1,1,0,0,1,1,13,13,0,0.071798747570719,0.201576333405312,1
u_6609,1,0,3,2,0,1,2,3,1.0,1,0,1,1,0,0,6,4,2,2,1,0.0681278341610883,0.1976894839127618,1
u_844,0,0,0,0,0,0,0,0,1.0,0,0,0,0,0,0,1,1,9,9,0,0.0712589073634204,0.1976894839127618,0
u_3510,0,0,0,0,0,0,0,0,0.762,0,1,0,0,0,0,1,0,14,14,0,0.0730943640682358,0.1976894839127618,0
u_3771,0,0,0,0,0,0,0,0,0.778,0,0,0,0,0,0,1,0,8,8,0,0.0684517382854675,0.1994169725761174,0
u_3241,0,0,0,0,0,0,0,0,0.783,0,0,0,0,0,0,1,0,21,21,0,0.0736342042755344,0.1994169725761174,0
u_2635,0,0,0,0,0,0,0,0,0.8,0,1,0,0,0,0,1,0,4,4,1,0.0712589073634204,0.2020082055711509,0
u_7986,0,0,1,0,0,0,0,1,1.0,1,0,1,1,0,0,3,2,9,9,0,0.0709350032390412,0.2020082055711509,1
u_7414,0,0,0,0,0,0,0,0,0.8,1,0,1,0,0,0,1,0,15,15,0,0.0712589073634204,0.1993090045346577,1
u_9175,0,0,1,0,0,0,0,1,0.72,1,0,1,1,0,0,3,1,1,1,1,0.0739581083999136,0.2020082055711509,1
u_2810,0,0,0,0,0,0,0,0,0.778,0,0,0,0,0,0,1,0,3,3,1,0.0730943640682358,0.1976894839127618,0
u_305,0,0,0,0,0,0,0,0,1.0,0,0,0,0,0,0,1,1,8,8,0,0.0755776290218095,0.1993090045346577,0
u_6887,0,0,0,0,0,0,0,0,0.778,0,1,0,0,0,0,1,0,0,0,1,0.0739581083999136,0.1994169725761174,1
u_1999,0,0,0,0,0,0,0,0,1.0,0,1,1,0,0,0,1,1,3,3,1,0.0730943640682358,0.2020082055711509,0
u_8036,0,0,0,0,0,0,0,0,1.0,1,0,1,0,0,0,1,1,10,10,0,0.0674800259123299,0.1994169725761174,1
u_568,0,0,0,0,0,0,0,0,0.714,0,1,0,0,0,0,1,0,9,9,0,0.0723385877780177,0.1994169725761174,0
u_6492,0,0,0,0,0,0,0,0,0.769,0,0,1,0,0,0,1,0,7,7,0,0.0681278341610883,0.1994169725761174,0
u_8082,0,0,0,0,0,0,0,0,0.75,1,0,1,1,0,0,1,0,13,13,0,0.071798747570719,0.1976894839127618,1
u_3118,0,0,0,0,0,0,0,0,0.8,0,1,0,0,0,0,1,0,7,7,0,0.0736342042755344,0.2020082055711509,0
u_4375,0,0,0,0,0,0,0,0,0.8,0,1,0,0,0,0,1,0,18,18,0,0.0709350032390412,0.1993090045346577,0
u_1966,0,0,0,0,0,0,0,0,0.7,0,1,1,0,0,0,1,0,3,3,1,0.0712589073634204,0.201576333405312,0
u_2297,0,0,0,0,0,0,0,0,0.952,0,1,0,0,0,0,1,1,7,7,0,0.0643489527099978,0.1994169725761174,0
u_7582,4,0,4,2,0,4,2,4,0.696,1,0,1,1,0,0,5,3,20,20,0,0.071798747570719,0.201576333405312,1
u_2558,0,0,0,0,0,0,0,0,0.75,0,1,0,0,0,0,1,0,4,4,1,0.0681278341610883,0.1993090045346577,0
u_7749,2,1,3,0,0,2,0,3,1.0,0,1,1,1,0,0,5,3,21,21,0,0.0643489527099978,0.1994169725761174,1
u_5908,0,0,0,0,0,0,0,0,0.762,0,1,1,0,0,0,1,0,21,21,0,0.0750377888145109,0.201576333405312,0
u_4102,0,0,0,0,0,0,0,0,0.778,0,0,0,0,0,0,1,0,17,17,0,0.0674800259123299,0.1976894839127618,0
u_4816,0,0,0,0,0,0,0,0,0.696,0,1,0,0,0,0,1,0,5,5,1,0.0684517382854675,0.201576333405312,0
u_1015,0,0,0,0,0,0,0,0,0.762,0,1,0,0,0,0,1,0,8,8,0,0.0709350032390412,0.1976894839127618,0
u_4034,0,0,0,0,0,0,0,0,0.769,0,1,0,0,0,0,1,0,17,17,0,0.0750377888145109,0.1976894839127618,0
u_3585,0,0,0,0,0,0,0,0,1.0,0,1,0,0,0,0,1,1,19,19,0,0.0643489527099978,0.201576333405312,0
u_1898,0,0,0,0,0,0,0,0,0.759,0,1,1,0,0,0,1,0,9,9,0,0.0674800259123299,0.1993090045346577,0
u_2641,0,0,0,0,0,0,0,0,0.833,0,0,0,0,0,0,1,0,8,8,0,0.0643489527099978,0.1993090045346577,0
u_1124,0,0,0,0,0,0,0,0,0.88,0,1,0,0,0,0,1,1,2,2,1,0.0684517382854675,0.2020082055711509,0
u_449,0,0,0,0,0,0,0,0,0.783,0,1,0,0,0,0,1,0,2,2,1,0.0723385877780177,0.1994169725761174,0
u_1649,0,0,0,0,0,0,0,0,0.727,0,1,0,0,0,0,1,0,6,6,0,0.0736342042755344,0.1994169725761174,0
u_4757,0,0,0,0,0,0,0,0,0.8,0,0,0,0,0,0,1,0,22,22,0,0.0681278341610883,0.201576333405312,0
u_3266,0,0,0,0,0,0,0,0,0.737,0,1,1,0,0,0,1,0,18,18,0,0.0755776290218095,0.1976894839127618,0
u_2093,0,0,0,0,0,0,0,0,1.0,0,0,0,0,0,0,1,1,14,14,0,0.0723385877780177,0.1993090045346577,0
u_7067,2,3,3,2,0,2,2,3,0.941,0,1,1,0,0,0,5,4,14,14,0,0.0736342042755344,0.2020082055711509,1
u_386,0,0,0,0,0,0,0,0,0.8,0,0,1,0,0,0,1,0,6,6,0,0.0674800259123299,0.1994169725761174,0
u_4074,0,0,0,0,0,0,0,0,0.737,0,1,0,0,0,0,1,0,11,11,0,0.0736342042755344,0.1994169725761174,0
u_1088,0,0,0,0,0,0,0,0,0.75,0,1,0,0,0,0,1,0,3,3,1,0.0755776290218095,0.1993090045346577,0
u_7449,4,3,4,3,0,4,3,4,0.87,0,0,1,0,0,0,4,4,15,15,0,0.0730943640682358,0.1993090045346577,1
u_3811,0,0,0,0,0,0,0,0,0.783,0,0,0,0,0,0,1,0,19,19,0,0.0723385877780177,0.1993090045346577,0
u_4717,0,0,0,0,0,0,0,0,0.667,0,1,0,0,0,0,1,0,10,10,0,0.0709350032390412,0.201576333405312,0
u_3873,0,0,0,0,0,0,0,0,0.842,0,0,0,0,0,0,1,0,23,23,0,0.071798747570719,0.201576333405312,0
u_4775,0,0,0,0,0,0,0,0,0.824,0,1,0,0,0,0,1,0,13,13,0,0.0739581083999136,0.1976894839127618,0
u_6809,1,1,1,1,0,1,1,1,1.0,0,0,1,0,0,0,3,4,15,15,0,0.0643489527099978,0.1994169725761174,1
u_1631,0,0,0,0,0,0,0,0,0.769,0,1,0,0,1,1,1,0,15,15,0,0.0739581083999136,0.1976894839127618,0
u_4005,0,0,0,0,0,0,0,0,1.0,0,1,0,0,0,0,1,1,4,4,1,0.0643489527099978,0.1994169725761174,0
u_446,0,0,0,0,0,0,0,0,0.75,0,1,0,0,0,0,1,0,23,23,0,0.0674800259123299,0.1994169725761174,0
u_2086,0,0,0,0,0,0,0,0,1.0,0,1,1,0,0,0,1,1,10,10,0,0.0684517382854675,0.1993090045346577,0
u_7271,1,0,1,0,0,1,0,1,0.625,1,0,1,1,1,1,3,2,11,11,0,0.0739581083999136,0.1994169725761174,1
u_4164,0,0,0,0,0,0,0,0,1.0,0,0,1,0,0,0,1,1,21,21,0,0.0643489527099978,0.1993090045346577,0
u_4582,0,0,0,0,0,0,0,0,0.75,0,1,1,0,0,0,1,0,6,6,0,0.0730943640682358,0.2020082055711509,0
u_5397,0,0,0,0,0,0,0,0,0.762,0,0,1,0,0,0,1,0,10,10,0,0.0739581083999136,0.201576333405312,0
u_7462,0,1,3,2,1,0,2,3,0.889,1,0,1,1,0,0,4,3,15,15,0,0.0730943640682358,0.1994169725761174,1
u_4995,0,0,0,0,0,0,0,0,0.8,0,0,0,0,0,0,1,0,2,2,1,0.0681278341610883,0.201576333405312,0
u_5700,0,0,0,0,0,0,0,0,0.696,0,0,0,0,0,0,1,0,18,18,0,0.0709350032390412,0.1994169725761174,0
u_7125,2,0,3,0,0,2,0,3,0.667,0,0,1,1,0,0,6,2,10,10,0,0.071798747570719,0.1976894839127618,1
u_1972,0,0,0,0,0,0,0,0,0.833,0,0,0,0,0,0,1,0,11,11,0,0.0709350032390412,0.201576333405312,0
u_4980,0,0,0,0,0,0,0,0,0.75,0,1,1,0,0,0,1,0,0,0,1,0.0736342042755344,0.1993090045346577,0
u_8501,0,0,0,0,0,0,0,0,0.727,0,1,1,1,0,0,1,0,9,9,0,0.071798747570719,0.1994169725761174,1
u_2468,0,0,0,0,0,0,0,0,0.87,0,1,0,0,0,0,1,1,4,4,1,0.0750377888145109,0.201576333405312,0
u_4970,0,0,0,0,0,0,0,0,0.875,0,1,0,0,0,0,1,1,20,20,0,0.0723385877780177,0.1976894839127618,0
u_6660,0,0,2,2,0,0,2,2,0.963,1,0,1,0,0,0,4,3,5,5,1,0.0684517382854675,0.1976894839127618,1
u_6905,0,0,2,0,0,0,0,2,0.737,1,0,1,1,0,0,5,1,12,12,0,0.0750377888145109,0.2020082055711509,1
u_7591,0,0,2,0,0,0,0,2,1.0,1,0,1,1,0,0,5,2,11,11,0,0.071798747570719,0.1976894839127618,1
u_3094,0,0,0,0,0,0,0,0,0.8,0,1,0,0,0,0,1,0,11,11,0,0.0681278341610883,0.1976894839127618,0
u_2954,0,0,0,0,0,0,0,0,0.824,0,1,0,0,0,0,1,0,14,14,0,0.0684517382854675,0.1994169725761174,0
u_6399,0,0,0,0,0,0,0,0,0.889,0,1,1,0,0,0,1,1,21,21,0,0.0730943640682358,0.201576333405312,0
u_374,0,0,0,0,0,0,0,0,1.0,0,1,0,0,0,0,1,1,11,11,0,0.0709350032390412,0.1993090045346577,0
u_7129,2,0,2,1,0,2,1,2,1.0,0,0,0,0,0,0,4,4,7,7,0,0.0674800259123299,0.1993090045346577,1
u_7793,1,2,2,2,1,1,2,2,0.72,0,1,1,1,0,0,4,3,16,16,0,0.0712589073634204,0.1993090045346577,1
u_3511,0,0,0,0,0,0,0,0,0.769,0,1,1,0,0,0,1,0,7,7,0,0.0681278341610883,0.1993090045346577,0
u_8154,0,0,0,0,0,0,0,0,0.8,1,0,0,0,0,0,1,0,8,8,0,0.0736342042755344,0.2020082055711509,1
u_8199,0,0,1,1,0,0,1,1,1.0,0,0,0,0,0,0,3,3,18,18,0,0.071798747570719,0.1993090045346577,1
u_9058,1,0,1,1,1,1,1,1,0.889,0,1,1,1,1,1,3,4,16,16,0,0.0750377888145109,0.1993090045346577,1
u_7873,1,0,2,0,0,1,0,2,0.818,1,0,1,1,0,0,5,2,6,6,0,0.071798747570719,0.1994169725761174,1
u_7500,0,0,1,0,0,0,0,1,0.857,0,1,1,1,0,0,3,2,9,9,0,0.071798747570719,0.201576333405312,1
u_1389,0,0,0,0,0,0,0,0,0.741,0,1,0,0,0,0,1,0,12,12,0,0.0739581083999136,0.2020082055711509,0
u_1668,0,0,0,0,0,0,0,0,0.778,0,1,0,0,0,0,1,0,4,4,1,0.0709350032390412,0.2020082055711509,0
u_2604,0,0,0,0,0,0,0,0,0.778,0,1,1,0,0,0,1,0,7,7,0,0.0755776290218095,0.1993090045346577,0
u_6244,0,0,0,0,0,0,0,0,0.833,0,0,1,0,0,0,1,0,11,11,0,0.0736342042755344,0.2020082055711509,0
u_8830,0,0,2,2,0,0,2,2,1.0,1,0,0,0,0,0,3,3,16,16,0,0.0643489527099978,0.2020082055711509,1
u_4358,0,0,0,0,0,0,0,0,0.786,0,0,0,0,0,0,1,0,9,9,0,0.0681278341610883,0.1993090045346577,0
u_7377,0,0,0,0,0,0,0,0,0.762,0,1,0,0,0,0,1,0,23,23,0,0.0739581083999136,0.201576333405312,1
u_4839,0,0,0,0,0,0,0,0,1.0,0,1,0,0,0,0,1,1,22,22,0,0.0712589073634204,0.1976894839127618,0
u_1484,0,0,0,0,0,0,0,0,0.842,0,1,0,0,0,0,1,0,21,21,0,0.0723385877780177,0.1993090045346577,0
u_1774,0,0,0,0,0,0,0,0,0.737,0,1,0,0,0,0,1,0,12,12,0,0.0684517382854675,0.2020082055711509,0
u_701,0,0,0,0,0,0,0,0,0.75,0,1,0,0,0,0,1,0,10,10,0,0.0681278341610883,0.201576333405312,0
u_6217,0,0,0,0,0,0,0,0,0.741,0,0,0,0,0,0,1,0,14,14,0,0.0681278341610883,0.1976894839127618,0
u_2082,0,0,0,0,0,0,0,0,0.737,0,1,0,0,0,0,1,0,11,11,0,0.0684517382854675,0.1976894839127618,0
u_3751,0,0,0,0,0,0,0,0,0.696,0,1,0,0,0,0,1,0,4,4,1,0.0712589073634204,0.1976894839127618,0
u_6919,0,0,0,0,0,0,0,0,0.667,1,0,1,1,0,0,1,0,7,7,0,0.0674800259123299,0.1993090045346577,1
u_7752,0,2,2,1,0,0,1,2,0.952,0,1,1,0,0,0,4,3,23,23,0,0.0755776290218095,0.2020082055711509,1
u_5247,0,0,0,0,0,0,0,0,0.737,0,1,1,0,0,0,1,0,22,22,0,0.0674800259123299,0.1993090045346577,0
u_276,0,0,0,0,0,0,0,0,0.783,0,1,0,0,0,0,1,0,9,9,0,0.0674800259123299,0.201576333405312,0
u_8580,1,0,1,1,0,1,1,1,1.0,0,1,1,1,0,0,3,4,12,12,0,0.0684517382854675,0.201576333405312,1
u_1031,0,0,0,0,0,0,0,0,0.857,0,1,0,0,0,0,1,1,23,23,0,0.0643489527099978,0.1993090045346577,0
u_5962,0,0,0,0,0,0,0,0,0.727,0,0,1,0,0,0,1,0,20,20,0,0.0739581083999136,0.2020082055711509,0
u_8337,0,0,0,0,0,0,0,0,0.762,0,1,1,1,0,0,1,0,23,23,0,0.0684517382854675,0.1976894839127618,1
u_5473,0,0,0,0,0,0,0,0,0.737,0,1,0,0,0,0,1,0,11,11,0,0.0674800259123299,0.2020082055711509,0
u_5475,0,0,0,0,0,0,0,0,0.75,0,1,0,0,0,0,1,0,0,0,1,0.0709350032390412,0.1993090045346577,0
u_9173,0,0,1,1,0,0,1,1,0.857,0,1,0,0,0,0,3,3,13,13,0,0.0739581083999136,0.1993090045346577,1
u_307,0,0,0,0,0,0,0,0,0.952,0,0,0,0,0,0,1,1,10,10,0,0.0730943640682358,0.1976894839127618,0
u_5736,0,0,0,0,0,0,0,0,0.667,0,1,1,0,0,0,1,0,8,8,0,0.0712589073634204,0.2020082055711509,0
u_8702,0,0,1,0,0,0,0,1,1.0,0,1,0,0,0,0,3,2,11,11,0,0.0681278341610883,0.2020082055711509,1
u_7800,0,3,5,2,0,0,2,5,1.0,1,0,0,0,0,0,7,3,16,16,0,0.0750377888145109,0.201576333405312,1
u_3777,0,0,0,0,0,0,0,0,0.75,0,1,1,0,0,0,1,0,11,11,0,0.0739581083999136,0.1976894839127618,0
u_5289,0,0,0,0,0,0,0,0,0.737,0,1,0,0,0,0,1,0,1,1,1,0.0643489527099978,0.201576333405312,0
u_8944,4,0,4,1,0,4,1,4,1.0,0,1,1,1,0,0,6,4,15,15,0,0.0736342042755344,0.2020082055711509,1
u_3093,0,0,0,0,0,0,0,0,0.696,0,0,0,0,0,0,1,0,15,15,0,0.0674800259123299,0.201576333405312,0
u_7463,0,0,4,3,0,0,3,4,0.966,1,0,0,0,0,0,5,3,16,16,0,0.0730943640682358,0.1994169725761174,1
u_5385,0,0,0,0,0,0,0,0,0.818,0,1,1,0,0,0,1,0,5,5,1,0.0739581083999136,0.201576333405312,0
u_267,0,0,0,0,0,0,0,0,0.778,0,1,1,0,0,0,1,0,12,12,0,0.0739581083999136,0.2020082055711509,0
u_6576,0,0,0,0,0,0,0,0,0.783,0,0,1,0,0,0,1,0,10,10,0,0.0712589073634204,0.1993090045346577,1
u_5660,0,0,0,0,0,0,0,0,0.706,0,1,1,0,0,0,1,0,2,2,1,0.071798747570719,0.1994169725761174,0
u_3256,0,0,0,0,0,0,0,0,0.957,0,1,0,0,0,0,1,1,18,18,0,0.0755776290218095,0.2020082055711509,0
u_472,0,0,0,0,0,0,0,0,0.818,0,1,0,0,0,0,1,0,4,4,1,0.0755776290218095,0.1994169725761174,0
u_3681,0,0,0,0,0,0,0,0,0.75,0,1,1,0,0,0,1,0,14,14,0,0.0684517382854675,0.1993090045346577,0
u_1089,0,0,0,0,0,0,0,0,0.783,0,1,1,0,0,0,1,0,23,23,0,0.0723385877780177,0.1993090045346577,0
u_4789,0,0,0,0,0,0,0,0,0.727,0,1,0,0,0,0,1,0,9,9,0,0.0739581083999136,0.1994169725761174,0
u_1552,0,0,0,0,0,0,0,0,0.737,0,0,0,0,0,0,1,0,21,21,0,0.0739581083999136,0.1976894839127618,0
u_5912,0,0,0,0,0,0,0,0,0.75,0,0,0,0,0,0,1,0,7,7,0,0.0684517382854675,0.1994169725761174,0
u_7137,0,0,4,4,0,0,4,4,1.0,1,0,1,1,0,0,3,3,0,0,1,0.0739581083999136,0.1976894839127618,1
u_8194,1,3,4,2,2,1,2,4,0.818,0,0,1,1,1,1,8,3,11,11,0,0.0739581083999136,0.1993090045346577,1
u_642,0,0,0,0,0,0,0,0,0.8,0,1,0,0,0,0,1,0,17,17,0,0.0709350032390412,0.2020082055711509,0
u_4107,0,0,0,0,0,0,0,0,0.75,0,0,1,0,0,0,1,0,0,0,1,0.0739581083999136,0.1994169725761174,0
u_3637,0,0,0,0,0,0,0,0,0.645,0,0,1,0,0,0,1,0,1,1,1,0.0709350032390412,0.1993090045346577,0
u_6294,0,0,0,0,0,0,0,0,0.833,0,1,0,0,0,0,1,0,16,16,0,0.0730943640682358,0.1993090045346577,0
u_9189,0,0,5,0,0,0,0,5,1.0,0,1,1,1,0,0,5,2,2,2,1,0.0709350032390412,0.1976894839127618,1
u_9236,0,0,1,1,1,0,1,1,0.933,0,1,1,1,0,0,3,3,9,9,0,0.071798747570719,0.1994169725761174,1
u_5503,0,0,0,0,0,0,0,0,0.818,0,0,0,0,1,1,1,0,1,1,1,0.0736342042755344,0.1976894839127618,0
u_5446,0,0,0,0,0,0,0,0,0.889,0,1,1,0,0,0,1,1,0,0,1,0.0730943640682358,0.1976894839127618,0
u_5479,0,0,0,0,0,0,0,0,0.762,0,0,0,0,0,0,1,0,20,20,0,0.0730943640682358,0.201576333405312,0
u_691,0,0,0,0,0,0,0,0,0.8,0,1,0,0,0,0,1,0,11,11,0,0.0709350032390412,0.201576333405312,0
u_7293,0,2,4,0,0,0,0,4,0.957,1,0,1,0,0,0,5,2,11,11,0,0.0674800259123299,0.1994169725761174,1
u_5602,0,0,0,0,0,0,0,0,0.696,0,1,1,0,0,0,1,0,2,2,1,0.0755776290218095,0.2020082055711509,0
u_2454,0,0,0,0,0,0,0,0,0.769,0,0,0,0,0,0,1,0,18,18,0,0.0643489527099978,0.201576333405312,0
u_6624,2,0,2,0,0,2,0,2,0.818,0,0,1,1,0,0,3,2,0,0,1,0.0674800259123299,0.2020082055711509,1
u_7811,2,0,2,1,0,2,1,2,0.947,0,1,1,1,0,0,4,4,14,14,0,0.0755776290218095,0.2020082055711509,1
u_650,0,0,0,0,0,0,0,0,0.727,0,1,0,0,0,0,1,0,12,12,0,0.0736342042755344,0.2020082055711509,0
u_6043,0,0,0,0,0,0,0,0,0.88,0,0,1,0,0,0,1,1,11,11,0,0.071798747570719,0.1976894839127618,0
u_3673,0,0,0,0,0,0,0,0,0.75,0,1,0,0,0,0,1,0,12,12,0,0.0643489527099978,0.1994169725761174,0
u_8927,1,0,2,1,0,1,1,2,1.0,0,1,1,1,0,0,5,4,17,17,0,0.0739581083999136,0.201576333405312,1
u_3856,0,0,0,0,0,0,0,0,0.7,0,1,0,0,0,0,1,0,0,0,1,0.0736342042755344,0.201576333405312,0
u_1444,0,0,0,0,0,0,0,0,0.818,0,0,0,0,0,0,1,0,21,21,0,0.0755776290218095,0.1976894839127618,0
u_4096,0,0,0,0,0,0,0,0,0.783,0,0,1,0,0,0,1,0,5,5,1,0.0684517382854675,0.1976894839127618,0
u_7171,2,1,3,0,0,2,0,3,0.72,1,0,0,0,0,0,5,2,22,22,0,0.071798747570719,0.1976894839127618,1
u_5737,0,0,0,0,0,0,0,0,0.778,0,0,1,0,0,0,1,0,16,16,0,0.0750377888145109,0.2020082055711509,0
u_174,0,0,0,0,0,0,0,0,0.667,0,1,0,0,0,0,1,0,0,0,1,0.0736342042755344,0.1976894839127618,0
u_5174,0,0,0,0,0,0,0,0,0.783,0,1,0,0,0,0,1,0,2,2,1,0.0684517382854675,0.2020082055711509,0
u_8678,1,0,1,1,1,1,1,1,0.833,1,0,1,1,0,0,3,3,12,12,0,0.0739581083999136,0.1993090045346577,1
u_6661,0,0,0,0,0,0,0,0,0.875,0,1,0,0,0,0,1,1,13,13,0,0.0723385877780177,0.1994169725761174,1
u_2597,0,0,0,0,0,0,0,0,0.727,0,1,0,0,0,0,1,0,22,22,0,0.0643489527099978,0.1976894839127618,0
u_489,0,0,0,0,0,0,0,0,0.778,0,0,0,0,0,0,1,0,5,5,1,0.0723385877780177,0.201576333405312,0
u_1725,0,0,0,0,0,0,0,0,0.762,0,1,0,0,0,0,1,0,20,20,0,0.0681278341610883,0.1993090045346577,0
u_3595,0,0,0,0,0,0,0,0,0.778,0,0,0,0,0,0,1,0,3,3,1,0.0755776290218095,0.201576333405312,0
u_6924,1,1,1,0,0,1,0,1,0.762,0,1,1,1,1,1,3,2,13,13,0,0.0681278341610883,0.2020082055711509,1
u_1506,0,0,0,0,0,0,0,0,0.727,0,0,0,0,0,0,1,0,0,0,1,0.0739581083999136,0.2020082055711509,0
u_1452,0,0,0,0,0,0,0,0,0.706,0,1,0,0,0,0,1,0,6,6,0,0.0750377888145109,0.1993090045346577,0
u_974,0,0,0,0,0,0,0,0,0.778,0,1,1,0,0,0,1,0,0,0,1,0.0684517382854675,0.1994169725761174,0
u_3701,0,0,0,0,0,0,0,0,0.75,0,1,0,0,0,0,1,0,4,4,1,0.0755776290218095,0.1994169725761174,0
u_8044,0,1,1,0,0,0,0,1,0.889,1,0,0,0,0,0,3,2,12,12,0,0.071798747570719,0.1976894839127618,1
u_3428,0,0,0,0,0,0,0,0,0.778,0,0,1,0,1,1,1,0,0,0,1,0.0674800259123299,0.201576333405312,0
u_1777,0,0,0,0,0,0,0,0,0.727,0,1,0,0,0,0,1,0,7,7,0,0.0723385877780177,0.2020082055711509,0
u_5131,0,0,0,0,0,0,0,0,0.778,0,0,0,0,1,1,1,0,6,6,0,0.0739581083999136,0.1994169725761174,0
u_876,0,0,0,0,0,0,0,0,0.727,0,1,1,0,0,0,1,0,17,17,0,0.0755776290218095,0.201576333405312,0
u_6754,1,0,1,0,0,1,0,1,0.8,0,0,1,0,0,0,3,2,1,1,1,0.0674800259123299,0.1994169725761174,1
u_5105,0,0,0,0,0,0,0,0,0.667,0,0,0,0,0,0,1,0,14,14,0,0.0643489527099978,0.201576333405312,0
u_6673,1,0,1,1,0,1,1,1,0.8,1,0,1,1,0,0,3,3,20,20,0,0.0684517382854675,0.1994169725761174,1
u_2791,0,0,0,0,0,0,0,0,0.778,0,1,1,0,0,0,1,0,9,9,0,0.071798747570719,0.2020082055711509,0
u_5532,0,0,0,0,0,0,0,0,0.7,0,0,0,0,0,0,1,0,7,7,0,0.0684517382854675,0.201576333405312,0
u_8624,1,0,1,1,1,1,1,1,0.875,1,0,1,1,0,0,3,4,4,4,1,0.0739581083999136,0.2020082055711509,1
u_4001,0,0,0,0,0,0,0,0,0.762,0,1,1,0,0,0,1,0,11,11,0,0.0739581083999136,0.1976894839127618,0
u_2228,0,0,0,0,0,0,0,0,0.778,0,0,0,0,0,0,1,0,6,6,0,0.0723385877780177,0.1994169725761174,0
u_9088,0,2,2,1,1,0,1,2,0.762,0,0,1,0,0,0,4,2,22,22,0,0.0750377888145109,0.2020082055711509,1
u_4402,0,0,0,0,0,0,0,0,0.875,0,0,0,0,0,0,1,1,3,3,1,0.0723385877780177,0.1994169725761174,0
u_4715,0,0,0,0,0,0,0,0,0.727,0,1,0,0,0,0,1,0,21,21,0,0.0739581083999136,0.201576333405312,0
u_1860,0,0,0,0,0,0,0,0,0.786,0,0,1,0,0,0,1,0,12,12,0,0.0739581083999136,0.2020082055711509,0
u_4398,0,0,0,0,0,0,0,0,0.762,0,1,1,0,0,0,1,0,3,3,1,0.0723385877780177,0.1976894839127618,0
u_3822,0,0,0,0,0,0,0,0,0.818,0,1,0,0,0,0,1,0,2,2,1,0.0730943640682358,0.1994169725761174,0
u_8136,0,0,1,0,0,0,0,1,0.857,0,1,0,0,0,0,3,2,20,20,0,0.0736342042755344,0.2020082055711509,1
u_4442,0,0,0,0,0,0,0,0,0.72,0,1,0,0,0,0,1,0,21,21,0,0.0709350032390412,0.1993090045346577,0
u_6553,2,1,3,0,0,2,0,3,1.0,0,1,1,1,0,0,5,3,19,19,0,0.0736342042755344,0.1994169725761174,1
u_6950,0,0,1,1,1,0,1,1,0.947,1,0,1,1,0,0,3,3,22,22,0,0.0709350032390412,0.2020082055711509,1
u_2455,0,0,0,0,0,0,0,0,1.0,0,1,0,0,0,0,1,1,6,6,0,0.0755776290218095,0.1994169725761174,0
u_3068,0,0,0,0,0,0,0,0,0.778,0,0,1,0,0,0,1,0,14,14,0,0.071798747570719,0.1994169725761174,0
u_5258,0,0,0,0,0,0,0,0,0.737,0,1,0,0,0,0,1,0,13,13,0,0.0674800259123299,0.2020082055711509,0
u_2017,0,0,0,0,0,0,0,0,0.75,0,0,0,0,0,0,1,0,2,2,1,0.0736342042755344,0.1976894839127618,0
u_4866,0,0,0,0,0,0,0,0,0.952,0,1,0,0,0,0,1,1,21,21,0,0.0674800259123299,0.1993090045346577,0
u_5342,0,0,0,0,0,0,0,0,0.706,0,1,0,0,1,1,1,0,13,13,0,0.0723385877780177,0.1994169725761174,0
u_143,0,0,0,0,0,0,0,0,0.783,0,1,0,0,0,0,1,0,11,11,0,0.0739581083999136,0.1993090045346577,0
u_118,0,0,0,0,0,0,0,0,0.7,0,0,1,0,0,0,1,0,20,20,0,0.0674800259123299,0.1993090045346577,0
u_3096,0,0,0,0,0,0,0,0,0.636,0,1,0,0,0,0,1,0,2,2,1,0.0750377888145109,0.1993090045346577,0
u_7431,1,0,3,3,0,1,3,3,0.941,0,1,1,1,1,1,5,4,6,6,0,0.0684517382854675,0.1993090045346577,1
u_71,0,0,0,0,0,0,0,0,0.75,0,0,0,0,1,1,1,0,14,14,0,0.0750377888145109,0.1976894839127618,0
u_3734,0,0,0,0,0,0,0,0,1.0,0,1,1,0,0,0,1,1,22,22,0,0.0739581083999136,0.1994169725761174,0
u_3311,0,0,0,0,0,0,0,0,0.783,0,1,0,0,0,0,1,0,12,12,0,0.0709350032390412,0.201576333405312,0
u_8539,0,0,1,0,0,0,0,1,0.857,1,0,1,1,0,0,3,2,21,21,0,0.0750377888145109,0.1994169725761174,1
u_6016,0,0,0,0,0,0,0,0,0.8,0,0,1,0,0,0,1,0,2,2,1,0.0643489527099978,0.2020082055711509,0
u_866,0,0,0,0,0,0,0,0,0.87,0,1,0,0,0,0,1,1,0,0,1,0.0730943640682358,0.1976894839127618,0
u_6229,0,0,0,0,0,0,0,0,0.7,0,1,0,0,0,0,1,0,10,10,0,0.0643489527099978,0.1993090045346577,0
u_921,0,0,0,0,0,0,0,0,0.696,0,1,0,0,0,0,1,0,17,17,0,0.0643489527099978,0.201576333405312,0
u_5595,0,0,0,0,0,0,0,0,0.75,0,1,0,0,0,0,1,0,20,20,0,0.0739581083999136,0.1994169725761174,0
u_7528,0,0,0,0,0,0,0,0,0.727,1,0,1,1,0,0,1,0,11,11,0,0.0643489527099978,0.2020082055711509,1
u_3423,0,0,0,0,0,0,0,0,0.762,0,0,0,0,0,0,1,0,8,8,0,0.0712589073634204,0.1993090045346577,0
u_2072,0,0,0,0,0,0,0,0,0.818,0,0,0,0,0,0,1,0,22,22,0,0.0674800259123299,0.1994169725761174,0
u_3992,0,0,0,0,0,0,0,0,0.818,0,1,0,0,0,0,1,0,3,3,1,0.0750377888145109,0.1994169725761174,0
u_4407,0,0,0,0,0,0,0,0,1.0,0,0,1,0,0,0,1,1,3,3,1,0.0736342042755344,0.2020082055711509,0
u_7059,1,1,3,3,0,1,3,3,1.0,1,0,0,0,0,0,5,4,23,23,0,0.071798747570719,0.201576333405312,1
u_3220,0,0,0,0,0,0,0,0,0.737,0,0,0,0,0,0,1,0,5,5,1,0.0736342042755344,0.1976894839127618,0
u_8156,0,0,0,0,0,0,0,0,0.818,0,1,1,1,0,0,1,0,8,8,0,0.0674800259123299,0.1993090045346577,1
u_1428,0,0,0,0,0,0,0,0,0.783,0,0,0,0,0,0,1,0,7,7,0,0.0674800259123299,0.201576333405312,0
u_7658,0,1,1,0,0,0,0,1,0.833,0,0,1,1,0,0,3,1,14,14,0,0.0709350032390412,0.2020082055711509,1
u_1448,0,0,0,0,0,0,0,0,0.8,0,0,0,0,0,0,1,0,9,9,0,0.0730943640682358,0.201576333405312,0
u_3982,0,0,0,0,0,0,0,0,0.741,0,1,0,0,0,0,1,0,7,7,0,0.0681278341610883,0.1976894839127618,0
u_7836,5,3,5,3,0,5,3,5,0.857,1,0,1,1,1,1,5,4,23,23,0,0.0674800259123299,0.201576333405312,1
u_1504,0,0,0,0,0,0,0,0,0.842,0,1,0,0,0,0,1,0,7,7,0,0.0684517382854675,0.201576333405312,0
u_1940,0,0,0,0,0,0,0,0,1.0,0,0,1,0,0,0,1,1,10,10,0,0.0712589073634204,0.1993090045346577,0
u_7234,1,0,2,1,1,1,1,2,0.8,1,0,1,1,0,0,5,3,16,16,0,0.071798747570719,0.1993090045346577,1
u_7243,2,0,4,0,0,2,0,4,0.966,1,0,1,1,0,0,6,3,19,19,0,0.0684517382854675,0.1994169725761174,1
u_8684,2,2,4,4,0,2,4,4,0.7,1,0,1,1,0,0,5,3,18,18,0,0.0750377888145109,0.1993090045346577,1
u_1459,0,0,0,0,0,0,0,0,0.727,0,0,0,0,0,0,1,0,8,8,0,0.0755776290218095,0.1994169725761174,0
u_6199,0,0,0,0,0,0,0,0,0.8,0,1,0,0,0,0,1,0,16,16,0,0.0739581083999136,0.1993090045346577,0
u_4817,0,0,0,0,0,0,0,0,0.762,0,1,0,0,1,1,1,0,9,9,0,0.0736342042755344,0.201576333405312,0
u_5060,0,0,0,0,0,0,0,0,0.769,0,0,0,0,0,0,1,0,16,16,0,0.0674800259123299,0.1976894839127618,0
u_7235,2,1,3,2,0,2,2,3,0.737,0,1,0,0,0,0,5,3,18,18,0,0.071798747570719,0.1993090045346577,1
u_1997,0,0,0,0,0,0,0,0,0.786,0,1,0,0,0,0,1,0,1,1,1,0.0736342042755344,0.2020082055711509,0
u_2340,0,0,0,0,0,0,0,0,0.818,0,0,1,0,0,0,1,0,22,22,0,0.0712589073634204,0.1976894839127618,0
u_5123,0,0,0,0,0,0,0,0,0.8,0,1,0,0,0,0,1,0,7,7,0,0.0730943640682358,0.201576333405312,0
u_6528,3,0,4,2,0,3,2,4,1.0,0,1,1,1,1,1,6,4,3,3,1,0.0739581083999136,0.2020082055711509,1
u_3503,0,0,0,0,0,0,0,0,0.762,0,0,1,0,0,0,1,0,7,7,0,0.0755776290218095,0.1993090045346577,0
u_3733,0,0,0,0,0,0,0,0,0.786,0,1,1,0,0,0,1,0,11,11,0,0.0674800259123299,0.2020082055711509,0
u_5689,0,0,0,0,0,0,0,0,0.769,0,1,0,0,0,0,1,0,5,5,1,0.0723385877780177,0.2020082055711509,0
u_3025,0,0,0,0,0,0,0,0,0.783,0,0,0,0,0,0,1,0,16,16,0,0.0736342042755344,0.2020082055711509,0
u_1087,0,0,0,0,0,0,0,0,0.818,0,1,0,0,0,0,1,0,15,15,0,0.0709350032390412,0.2020082055711509,0
u_2291,0,0,0,0,0,0,0,0,0.87,0,1,0,0,0,0,1,1,20,20,0,0.0684517382854675,0.1993090045346577,0
u_5930,0,0,0,0,0,0,0,0,0.737,0,1,0,0,0,0,1,0,11,11,0,0.0723385877780177,0.1994169725761174,0
u_8589,0,0,0,0,0,0,0,0,0.909,0,0,1,1,0,0,1,1,17,17,0,0.0750377888145109,0.2020082055711509,1
u_5416,0,0,0,0,0,0,0,0,1.0,0,1,1,0,0,0,1,1,20,20,0,0.0739581083999136,0.201576333405312,0
u_8965,3,0,3,0,0,3,0,3,1.0,1,0,1,1,0,0,4,3,13,13,0,0.0750377888145109,0.2020082055711509,1
u_8864,0,2,3,1,0,0,1,3,0.957,0,1,1,1,0,0,5,3,17,17,0,0.0739581083999136,0.2020082055711509,1
u_149,0,0,0,0,0,0,0,0,0.818,0,1,0,0,0,0,1,0,14,14,0,0.0736342042755344,0.1976894839127618,0
u_7348,1,0,3,0,0,1,0,3,1.0,0,1,0,0,0,0,5,3,12,12,0,0.0750377888145109,0.201576333405312,1
u_7319,1,0,1,0,0,1,0,1,1.0,1,0,1,1,0,0,3,3,16,16,0,0.071798747570719,0.1976894839127618,1
u_4233,0,0,0,0,0,0,0,0,0.8,0,0,0,0,0,0,1,0,3,3,1,0.0739581083999136,0.2020082055711509,0
u_6306,0,0,0,0,0,0,0,0,0.818,0,1,1,0,0,0,1,0,17,17,0,0.0739581083999136,0.1976894839127618,0
u_4531,0,0,0,0,0,0,0,0,0.727,0,0,1,0,0,0,1,0,19,19,0,0.0712589073634204,0.1994169725761174,0
u_6166,0,0,0,0,0,0,0,0,0.762,0,0,1,0,1,1,1,0,5,5,1,0.0755776290218095,0.2020082055711509,0
u_4969,0,0,0,0,0,0,0,0,0.786,0,1,1,0,0,0,1,0,3,3,1,0.0730943640682358,0.1976894839127618,0
u_7491,2,2,2,0,0,2,0,2,0.75,1,0,1,1,0,0,4,2,20,20,0,0.0674800259123299,0.2020082055711509,1
u_7777,0,0,0,0,0,0,0,0,0.667,1,0,0,0,0,0,1,0,4,4,1,0.0730943640682358,0.2020082055711509,1
u_2138,0,0,0,0,0,0,0,0,0.8,0,0,1,0,0,0,1,0,15,15,0,0.0723385877780177,0.1994169725761174,0
u_7728,4,2,4,3,1,4,3,4,0.818,0,1,1,1,0,0,4,3,7,7,0,0.0723385877780177,0.1976894839127618,1
u_5467,0,0,0,0,0,0,0,0,0.737,0,0,0,0,0,0,1,0,1,1,1,0.0736342042755344,0.201576333405312,0
u_5240,0,0,0,0,0,0,0,0,0.824,0,1,0,0,0,0,1,0,15,15,0,0.0684517382854675,0.1993090045346577,0
u_6410,0,0,0,0,0,0,0,0,0.696,0,1,0,0,0,0,1,0,17,17,0,0.0739581083999136,0.1993090045346577,0
u_662,0,0,0,0,0,0,0,0,0.727,0,1,0,0,0,0,1,0,4,4,1,0.0730943640682358,0.1994169725761174,0
u_5002,0,0,0,0,0,0,0,0,0.842,0,1,1,0,0,0,1,0,13,13,0,0.0736342042755344,0.201576333405312,0
u_6403,0,0,0,0,0,0,0,0,0.762,0,1,0,0,0,0,1,0,2,2,1,0.0739581083999136,0.1993090045346577,0
u_2219,0,0,0,0,0,0,0,0,0.857,0,1,0,0,0,0,1,1,9,9,0,0.0684517382854675,0.201576333405312,0
u_3953,0,0,0,0,0,0,0,0,0.947,0,1,1,0,0,0,1,1,15,15,0,0.0736342042755344,0.1993090045346577,0
u_1681,0,0,0,0,0,0,0,0,0.8,0,1,0,0,0,0,1,0,4,4,1,0.0674800259123299,0.1994169725761174,0
u_6116,0,0,0,0,0,0,0,0,1.0,0,1,0,0,0,0,1,1,8,8,0,0.0712589073634204,0.1993090045346577,0
u_4139,0,0,0,0,0,0,0,0,1.0,0,1,0,0,0,0,1,1,9,9,0,0.0674800259123299,0.1976894839127618,0
u_6455,0,0,0,0,0,0,0,0,0.8,0,0,1,0,0,0,1,0,12,12,0,0.0750377888145109,0.1976894839127618,0
u_3046,0,0,0,0,0,0,0,0,0.815,0,0,0,0,0,0,1,0,11,11,0,0.0755776290218095,0.2020082055711509,0
u_2466,0,0,0,0,0,0,0,0,0.87,0,1,0,0,0,0,1,1,22,22,0,0.0739581083999136,0.1994169725761174,0
u_9199,2,1,2,0,0,2,0,2,0.933,1,0,1,0,0,0,3,3,18,18,0,0.0750377888145109,0.1994169725761174,1
u_6914,1,0,1,0,0,1,0,1,0.947,0,1,1,1,0,0,3,3,1,1,1,0.0723385877780177,0.201576333405312,1
u_969,0,0,0,0,0,0,0,0,0.778,0,1,1,0,0,0,1,0,18,18,0,0.0684517382854675,0.1993090045346577,0
u_8857,1,1,1,1,0,1,1,1,0.8,1,0,0,0,0,0,3,3,2,2,1,0.0681278341610883,0.2020082055711509,1
u_4222,0,0,0,0,0,0,0,0,0.778,0,1,0,0,0,0,1,0,18,18,0,0.0739581083999136,0.1976894839127618,0
u_6184,0,0,0,0,0,0,0,0,0.737,0,1,0,0,0,0,1,0,11,11,0,0.0739581083999136,0.1976894839127618,0
u_184,0,0,0,0,0,0,0,0,0.824,0,1,0,0,0,0,1,0,21,21,0,0.071798747570719,0.201576333405312,0
u_6498,0,0,0,0,0,0,0,0,0.762,0,1,1,0,1,1,1,0,18,18,0,0.0739581083999136,0.2020082055711509,0
u_2309,0,0,0,0,0,0,0,0,0.778,0,0,0,0,0,0,1,0,15,15,0,0.0736342042755344,0.2020082055711509,0
u_2127,0,0,0,0,0,0,0,0,0.778,0,1,0,0,0,0,1,0,10,10,0,0.0739581083999136,0.2020082055711509,0
u_5924,0,0,0,0,0,0,0,0,0.8,0,1,0,0,1,1,1,0,0,0,1,0.0723385877780177,0.1994169725761174,0
u_8795,2,0,2,0,0,2,0,2,0.778,0,1,1,0,0,0,4,2,14,14,0,0.0712589073634204,0.1994169725761174,1
u_8081,0,2,5,4,0,0,4,5,1.0,1,0,1,1,0,0,7,3,18,18,0,0.0755776290218095,0.1993090045346577,1
u_1505,0,0,0,0,0,0,0,0,0.696,0,0,0,0,0,0,1,0,21,21,0,0.0730943640682358,0.1993090045346577,0
u_6776,1,1,1,0,0,1,0,1,0.857,1,0,1,0,0,0,3,3,3,3,1,0.071798747570719,0.1976894839127618,1
u_3084,0,0,0,0,0,0,0,0,0.741,0,0,1,0,0,0,1,0,0,0,1,0.0739581083999136,0.2020082055711509,0
u_5612,0,0,0,0,0,0,0,0,0.824,0,1,1,0,0,0,1,0,17,17,0,0.0643489527099978,0.1994169725761174,0
u_2264,0,0,0,0,0,0,0,0,1.0,0,1,0,0,0,0,1,1,19,19,0,0.0739581083999136,0.1994169725761174,0
u_8686,0,0,0,0,0,0,0,0,1.0,1,0,1,1,0,0,1,1,2,2,1,0.0750377888145109,0.1993090045346577,1
u_8991,3,2,4,3,0,3,3,4,0.778,1,0,1,1,0,0,5,3,8,8,0,0.0681278341610883,0.2020082055711509,1
u_262,0,0,0,0,0,0,0,0,1.0,0,0,0,0,0,0,1,1,17,17,0,0.0712589073634204,0.1993090045346577,0
u_7447,1,0,1,1,0,1,1,1,0.769,0,1,1,1,0,0,3,3,10,10,0,0.0730943640682358,0.1993090045346577,1
u_5767,0,0,0,0,0,0,0,0,0.824,0,1,1,0,0,0,1,0,14,14,0,0.0712589073634204,0.1994169725761174,0
u_8323,0,2,3,0,0,0,0,3,0.857,0,1,0,0,0,0,4,2,2,2,1,0.0750377888145109,0.1993090045346577,1
u_6270,0,0,0,0,0,0,0,0,1.0,0,1,0,0,0,0,1,1,16,16,0,0.0709350032390412,0.2020082055711509,0
u_3796,0,0,0,0,0,0,0,0,0.8,0,1,0,0,0,0,1,0,13,13,0,0.0681278341610883,0.201576333405312,0
u_9120,0,0,1,0,0,0,0,1,0.706,1,0,0,0,0,0,3,1,2,2,1,0.0643489527099978,0.2020082055711509,1
u_4330,0,0,0,0,0,0,0,0,0.818,0,1,1,0,0,0,1,0,0,0,1,0.0739581083999136,0.1993090045346577,0
u_2767,0,0,0,0,0,0,0,0,0.8,0,1,1,0,0,0,1,0,2,2,1,0.0674800259123299,0.2020082055711509,0
u_7648,0,0,1,1,0,0,1,1,0.87,1,0,1,1,0,0,3,3,5,5,1,0.0712589073634204,0.1994169725761174,1
u_7249,0,0,0,0,0,0,0,0,0.833,1,0,0,0,0,0,1,0,3,3,1,0.071798747570719,0.2020082055711509,1
u_3232,0,0,0,0,0,0,0,0,0.941,0,1,0,0,0,0,1,1,8,8,0,0.0681278341610883,0.1994169725761174,0
u_9115,1,1,1,0,0,1,0,1,0.778,1,0,1,0,0,0,3,2,14,14,0,0.0739581083999136,0.1976894839127618,1
u_5665,0,0,0,0,0,0,0,0,0.727,0,1,0,0,0,0,1,0,0,0,1,0.0643489527099978,0.201576333405312,0
u_3133,0,0,0,0,0,0,0,0,0.714,0,0,0,0,0,0,1,0,19,19,0,0.0709350032390412,0.1993090045346577,0
u_1572,0,0,0,0,0,0,0,0,0.7,0,1,1,0,0,0,1,0,15,15,0,0.0684517382854675,0.1993090045346577,0
u_7322,0,0,0,0,0,0,0,0,0.815,1,0,1,1,0,0,1,0,3,3,1,0.0709350032390412,0.1994169725761174,1
u_3735,0,0,0,0,0,0,0,0,0.727,0,0,0,0,0,0,1,0,22,22,0,0.0730943640682358,0.201576333405312,0
u_8546,0,0,1,0,0,0,0,1,0.833,1,0,1,0,1,1,3,1,6,6,0,0.0736342042755344,0.2020082055711509,1
u_725,0,0,0,0,0,0,0,0,0.727,0,0,0,0,1,1,1,0,9,9,0,0.0674800259123299,0.1994169725761174,0
u_2400,0,0,0,0,0,0,0,0,0.8,0,0,1,0,0,0,1,0,18,18,0,0.0755776290218095,0.1993090045346577,0
u_573,0,0,0,0,0,0,0,0,0.8,0,1,0,0,0,0,1,0,4,4,1,0.071798747570719,0.1994169725761174,0
u_7498,3,0,3,0,0,3,0,3,0.667,0,1,0,0,0,0,5,2,13,13,0,0.0750377888145109,0.1976894839127618,1
u_5415,0,0,0,0,0,0,0,0,0.769,0,0,0,0,0,0,1,0,10,10,0,0.0681278341610883,0.2020082055711509,0
u_3135,0,0,0,0,0,0,0,0,0.7,0,1,0,0,0,0,1,0,6,6,0,0.0684517382854675,0.201576333405312,0
u_2425,0,0,0,0,0,0,0,0,0.696,0,0,0,0,0,0,1,0,3,3,1,0.0739581083999136,0.2020082055711509,0
u_3990,0,0,0,0,0,0,0,0,0.842,0,1,0,0,0,0,1,0,4,4,1,0.0730943640682358,0.1993090045346577,0
u_206,0,0,0,0,0,0,0,0,0.7,0,1,0,0,0,0,1,0,13,13,0,0.0739581083999136,0.201576333405312,0
u_7227,0,0,1,0,0,0,0,1,0.833,1,0,1,0,0,0,3,1,18,18,0,0.0712589073634204,0.201576333405312,1
u_2142,0,0,0,0,0,0,0,0,0.706,0,1,1,0,0,0,1,0,0,0,1,0.0739581083999136,0.1993090045346577,0
u_1273,0,0,0,0,0,0,0,0,1.0,0,0,1,0,0,0,1,1,23,23,0,0.0723385877780177,0.201576333405312,0
u_7985,1,1,2,0,0,1,0,2,0.952,1,0,1,1,1,1,5,3,9,9,0,0.0739581083999136,0.201576333405312,1
u_2835,0,0,0,0,0,0,0,0,0.7,0,1,0,0,0,0,1,0,5,5,1,0.0739581083999136,0.2020082055711509,0
u_3853,0,0,0,0,0,0,0,0,0.727,0,0,1,0,0,0,1,0,16,16,0,0.0709350032390412,0.1976894839127618,0
u_8874,4,0,4,2,1,4,2,4,1.0,0,1,1,0,0,0,5,4,12,12,0,0.0643489527099978,0.1994169725761174,1
u_2622,0,0,0,0,0,0,0,0,0.846,0,1,0,0,0,0,1,0,17,17,0,0.0755776290218095,0.201576333405312,0
u_8349,0,0,1,1,0,0,1,1,0.727,1,0,1,0,0,0,3,2,21,21,0,0.0712589073634204,0.1994169725761174,1
u_7726,1,0,1,1,1,1,1,1,0.818,1,0,1,1,0,0,3,3,6,6,0,0.0723385877780177,0.1976894839127618,1
u_631,0,0,0,0,0,0,0,0,0.696,0,1,1,0,0,0,1,0,9,9,0,0.0709350032390412,0.1994169725761174,0
u_8653,0,0,0,0,0,0,0,0,0.8,1,0,1,1,0,0,1,0,13,13,0,0.0684517382854675,0.2020082055711509,1
u_5181,0,0,0,0,0,0,0,0,0.857,0,0,1,0,0,0,1,1,5,5,1,0.071798747570719,0.2020082055711509,0
u_8759,4,2,4,2,0,4,2,4,0.952,1,0,1,1,0,0,5,4,16,16,0,0.0674800259123299,0.201576333405312,1
u_7596,2,1,2,1,1,2,1,2,1.0,1,0,1,1,0,0,4,4,19,19,0,0.0712589073634204,0.2020082055711509,1
u_2848,0,0,0,0,0,0,0,0,0.75,0,1,0,0,0,0,1,0,21,21,0,0.0730943640682358,0.1976894839127618,0
u_1209,0,0,0,0,0,0,0,0,0.75,0,1,0,0,0,0,1,0,9,9,0,0.0712589073634204,0.201576333405312,0
u_3443,0,0,0,0,0,0,0,0,0.889,0,0,1,0,0,0,1,1,4,4,1,0.0681278341610883,0.2020082055711509,0
u_4114,0,0,0,0,0,0,0,0,0.818,0,1,0,0,0,0,1,0,19,19,0,0.0684517382854675,0.1994169725761174,0
u_7352,1,1,2,0,0,1,0,2,0.8,0,1,1,1,0,0,5,2,16,16,0,0.0643489527099978,0.1993090045346577,1
u_3284,0,0,0,0,0,0,0,0,0.8,0,1,0,0,0,0,1,0,9,9,0,0.0709350032390412,0.201576333405312,0
u_5280,0,0,0,0,0,0,0,0,0.818,0,0,0,0,0,0,1,0,23,23,0,0.0643489527099978,0.1976894839127618,0
u_4637,0,0,0,0,0,0,0,0,0.714,0,1,0,0,0,0,1,0,5,5,1,0.071798747570719,0.2020082055711509,0
u_4537,0,0,0,0,0,0,0,0,0.737,0,1,1,0,0,0,1,0,14,14,0,0.0681278341610883,0.1976894839127618,0
u_1286,0,0,0,0,0,0,0,0,0.857,0,1,0,0,0,0,1,1,20,20,0,0.0739581083999136,0.201576333405312,0
u_2775,0,0,0,0,0,0,0,0,0.667,0,1,0,0,0,0,1,0,1,1,1,0.0709350032390412,0.1994169725761174,0
u_317,0,0,0,0,0,0,0,0,0.75,0,1,0,0,0,0,1,0,2,2,1,0.0750377888145109,0.1993090045346577,0
u_4615,0,0,0,0,0,0,0,0,0.818,0,0,1,0,0,0,1,0,15,15,0,0.071798747570719,0.1993090045346577,0
u_6317,0,0,0,0,0,0,0,0,0.769,0,1,1,0,0,0,1,0,7,7,0,0.0709350032390412,0.2020082055711509,0
u_2691,0,0,0,0,0,0,0,0,0.8,0,1,0,0,0,0,1,0,21,21,0,0.0739581083999136,0.1994169725761174,0
u_5101,0,0,0,0,0,0,0,0,0.762,0,0,0,0,0,0,1,0,0,0,1,0.0684517382854675,0.1993090045346577,0
u_1018,0,0,0,0,0,0,0,0,0.952,0,1,0,0,0,0,1,1,2,2,1,0.0712589073634204,0.1976894839127618,0
u_266,0,0,0,0,0,0,0,0,0.8,0,1,0,0,0,0,1,0,16,16,0,0.0712589073634204,0.2020082055711509,0
u_5293,0,0,0,0,0,0,0,0,0.8,0,0,0,0,0,0,1,0,4,4,1,0.0739581083999136,0.201576333405312,0
u_530,0,0,0,0,0,0,0,0,0.769,0,1,0,0,1,1,1,0,21,21,0,0.0709350032390412,0.2020082055711509,0
u_549,0,0,0,0,0,0,0,0,0.762,0,1,0,0,0,0,1,0,22,22,0,0.0674800259123299,0.1976894839127618,0
u_361,0,0,0,0,0,0,0,0,0.72,0,1,0,0,0,0,1,0,13,13,0,0.0684517382854675,0.1993090045346577,0
u_4989,0,0,0,0,0,0,0,0,0.818,0,1,0,0,0,0,1,0,14,14,0,0.0681278341610883,0.2020082055711509,0
u_3372,0,0,0,0,0,0,0,0,0.778,0,1,0,0,0,0,1,0,12,12,0,0.0681278341610883,0.1976894839127618,0
u_6856,1,0,1,1,0,1,1,1,0.783,0,1,1,0,0,0,3,3,7,7,0,0.0736342042755344,0.1976894839127618,1
u_1179,0,0,0,0,0,0,0,0,0.762,0,1,1,0,1,1,1,0,1,1,1,0.0739581083999136,0.1976894839127618,0
u_3486,0,0,0,0,0,0,0,0,0.8,0,0,0,0,0,0,1,0,15,15,0,0.0723385877780177,0.2020082055711509,0
u_4000,0,0,0,0,0,0,0,0,0.783,0,0,1,0,0,0,1,0,9,9,0,0.0739581083999136,0.1994169725761174,0
u_8640,0,0,0,0,0,0,0,0,0.75,0,0,1,0,0,0,1,0,15,15,0,0.0750377888145109,0.2020082055711509,1
u_4387,0,0,0,0,0,0,0,0,0.857,0,1,0,0,0,0,1,1,7,7,0,0.0681278341610883,0.1994169725761174,0
u_7946,2,0,3,3,0,2,3,3,1.0,0,1,1,1,0,0,4,4,0,0,1,0.0739581083999136,0.1993090045346577,1
u_3262,0,0,0,0,0,0,0,0,0.846,0,1,1,0,0,0,1,0,14,14,0,0.0643489527099978,0.1994169725761174,0
u_7954,0,0,1,0,0,0,0,1,0.947,0,1,1,0,0,0,3,2,4,4,1,0.0723385877780177,0.1993090045346577,1
u_3564,0,0,0,0,0,0,0,0,0.75,0,0,0,0,0,0,1,0,0,0,1,0.0709350032390412,0.201576333405312,0
u_957,0,0,0,0,0,0,0,0,0.778,0,1,1,0,0,0,1,0,17,17,0,0.0739581083999136,0.1976894839127618,0
u_3820,0,0,0,0,0,0,0,0,0.786,0,1,0,0,0,0,1,0,11,11,0,0.0723385877780177,0.1994169725761174,0
u_1622,0,0,0,0,0,0,0,0,0.72,0,1,1,0,0,0,1,0,3,3,1,0.0709350032390412,0.2020082055711509,0
u_8993,0,0,0,0,0,0,0,0,0.857,1,0,0,0,0,0,1,1,15,15,0,0.0755776290218095,0.2020082055711509,1
u_3797,0,0,0,0,0,0,0,0,0.7,0,0,0,0,0,0,1,0,2,2,1,0.0739581083999136,0.2020082055711509,0
u_3069,0,0,0,0,0,0,0,0,1.0,0,0,1,0,0,0,1,1,8,8,0,0.0709350032390412,0.2020082055711509,0
u_8958,1,0,1,1,0,1,1,1,0.947,0,1,1,1,0,0,3,4,16,16,0,0.0674800259123299,0.1993090045346577,1
u_3842,0,0,0,0,0,0,0,0,0.762,0,1,0,0,0,0,1,0,17,17,0,0.0681278341610883,0.2020082055711509,0
u_4712,0,0,0,0,0,0,0,0,0.706,0,1,0,0,0,0,1,0,14,14,0,0.0709350032390412,0.1976894839127618,0
u_7771,4,1,4,3,1,4,3,4,0.857,0,0,1,1,0,0,4,4,3,3,1,0.0712589073634204,0.2020082055711509,1
u_5389,0,0,0,0,0,0,0,0,0.762,0,1,0,0,0,0,1,0,0,0,1,0.0730943640682358,0.1976894839127618,0
u_2103,0,0,0,0,0,0,0,0,1.0,0,1,1,0,0,0,1,1,12,12,0,0.0736342042755344,0.2020082055711509,0
u_1633,0,0,0,0,0,0,0,0,0.727,0,0,1,0,0,0,1,0,5,5,1,0.0739581083999136,0.201576333405312,0
u_9016,0,0,0,0,0,0,0,0,1.0,1,0,0,0,0,0,1,1,5,5,1,0.0723385877780177,0.201576333405312,1
u_5032,0,0,0,0,0,0,0,0,0.778,0,1,0,0,0,0,1,0,22,22,0,0.071798747570719,0.2020082055711509,0
u_3550,0,0,0,0,0,0,0,0,1.0,0,1,0,0,0,0,1,1,20,20,0,0.0739581083999136,0.2020082055711509,0
u_4038,0,0,0,0,0,0,0,0,0.75,0,1,1,0,0,0,1,0,19,19,0,0.0736342042755344,0.201576333405312,0
u_4449,0,0,0,0,0,0,0,0,0.818,0,0,0,0,0,0,1,0,0,0,1,0.0730943640682358,0.201576333405312,0
u_4125,0,0,0,0,0,0,0,0,0.733,0,0,0,0,0,0,1,0,15,15,0,0.0723385877780177,0.2020082055711509,0
u_2242,0,0,0,0,0,0,0,0,0.667,0,0,0,0,0,0,1,0,20,20,0,0.0739581083999136,0.1993090045346577,0
u_1026,0,0,0,0,0,0,0,0,1.0,0,1,1,0,0,0,1,1,12,12,0,0.0712589073634204,0.2020082055711509,0
u_1953,0,0,0,0,0,0,0,0,0.696,0,1,1,0,0,0,1,0,8,8,0,0.0681278341610883,0.1976894839127618,0
u_7075,2,3,3,2,0,2,2,3,1.0,0,1,1,0,0,0,5,4,6,6,0,0.0684517382854675,0.1994169725761174,1
u_5034,0,0,0,0,0,0,0,0,0.667,0,0,0,0,0,0,1,0,1,1,1,0.0739581083999136,0.2020082055711509,0
u_4895,0,0,0,0,0,0,0,0,0.778,0,1,0,0,0,0,1,0,22,22,0,0.0755776290218095,0.201576333405312,0
u_7539,1,0,1,1,0,1,1,1,0.667,0,0,1,1,0,0,3,3,5,5,1,0.0681278341610883,0.201576333405312,1
u_9169,1,1,2,0,0,1,0,2,0.947,0,1,0,0,1,1,5,3,21,21,0,0.071798747570719,0.1993090045346577,1
u_2079,0,0,0,0,0,0,0,0,0.8,0,1,0,0,0,0,1,0,13,13,0,0.0681278341610883,0.1994169725761174,0
u_4609,0,0,0,0,0,0,0,0,0.833,0,0,0,0,0,0,1,0,9,9,0,0.0755776290218095,0.1976894839127618,0
u_4130,0,0,0,0,0,0,0,0,0.846,0,0,0,0,0,0,1,0,3,3,1,0.0739581083999136,0.1994169725761174,0
u_6724,0,3,3,0,0,0,0,3,1.0,1,0,1,1,0,0,6,2,14,14,0,0.0709350032390412,0.1994169725761174,1
u_3546,0,0,0,0,0,0,0,0,0.909,0,0,1,0,0,0,1,1,0,0,1,0.0750377888145109,0.1976894839127618,0
u_7968,0,0,1,0,0,0,0,1,0.706,0,0,1,1,0,0,3,1,20,20,0,0.0739581083999136,0.1994169725761174,1
u_102,0,0,0,0,0,0,0,0,0.778,0,1,0,0,0,0,1,0,4,4,1,0.0736342042755344,0.1993090045346577,0
u_3062,0,0,0,0,0,0,0,0,0.706,0,1,0,0,0,0,1,0,23,23,0,0.0736342042755344,0.1976894839127618,0
u_1942,0,0,0,0,0,0,0,0,0.727,0,1,0,0,0,0,1,0,4,4,1,0.0736342042755344,0.201576333405312,0
u_6040,0,0,0,0,0,0,0,0,0.609,0,0,1,0,0,0,1,0,9,9,0,0.0684517382854675,0.201576333405312,0
u_1456,0,0,0,0,0,0,0,0,0.8,0,1,0,0,0,0,1,0,19,19,0,0.071798747570719,0.201576333405312,0
u_8998,0,0,0,0,0,0,0,0,0.8,0,0,0,0,0,0,1,0,21,21,0,0.0755776290218095,0.1993090045346577,1
u_6328,0,0,0,0,0,0,0,0,0.818,0,0,0,0,0,0,1,0,6,6,0,0.0709350032390412,0.1994169725761174,0
u_7275,0,0,2,1,1,0,1,2,0.833,1,0,1,1,0,0,5,2,21,21,0,0.0681278341610883,0.2020082055711509,1
u_9225,0,2,3,3,2,0,3,3,1.0,0,1,1,1,0,0,4,3,0,0,1,0.0755776290218095,0.1994169725761174,1
u_913,0,0,0,0,0,0,0,0,0.818,0,1,0,0,0,0,1,0,17,17,0,0.0739581083999136,0.2020082055711509,0
u_9007,5,1,5,0,0,5,0,5,1.0,1,0,0,0,0,0,5,3,16,16,0,0.0684517382854675,0.1993090045346577,1
u_7281,1,1,2,0,0,1,0,2,0.818,1,0,0,0,0,0,4,2,14,14,0,0.0755776290218095,0.1994169725761174,1
u_2567,0,0,0,0,0,0,0,0,1.0,0,1,0,0,0,0,1,1,21,21,0,0.0739581083999136,0.1993090045346577,0
u_1605,0,0,0,0,0,0,0,0,0.783,0,0,0,0,0,0,1,0,20,20,0,0.0643489527099978,0.1976894839127618,0
u_6975,4,0,5,3,0,4,3,5,1.0,0,1,1,1,0,0,6,4,12,12,0,0.0709350032390412,0.1994169725761174,1
u_6257,0,0,0,0,0,0,0,0,0.783,0,0,1,0,0,0,1,0,23,23,0,0.0755776290218095,0.2020082055711509,0
u_1471,0,0,0,0,0,0,0,0,0.762,0,1,0,0,0,0,1,0,3,3,1,0.0712589073634204,0.2020082055711509,0
u_320,0,0,0,0,0,0,0,0,0.783,0,1,0,0,0,0,1,0,11,11,0,0.0750377888145109,0.1976894839127618,0
u_1166,0,0,0,0,0,0,0,0,0.842,0,1,0,0,0,0,1,0,15,15,0,0.0674800259123299,0.2020082055711509,0
u_2722,0,0,0,0,0,0,0,0,0.933,0,1,0,0,0,0,1,1,18,18,0,0.0755776290218095,0.201576333405312,0
u_4325,0,0,0,0,0,0,0,0,0.667,0,1,0,0,0,0,1,0,20,20,0,0.0684517382854675,0.1976894839127618,0
u_3384,0,0,0,0,0,0,0,0,0.667,0,0,0,0,0,0,1,0,19,19,0,0.0730943640682358,0.1976894839127618,0
u_2624,0,0,0,0,0,0,0,0,0.769,0,0,1,0,0,0,1,0,10,10,0,0.0739581083999136,0.2020082055711509,0
u_1899,0,0,0,0,0,0,0,0,0.667,0,1,0,0,0,0,1,0,5,5,1,0.0750377888145109,0.201576333405312,0
u_7545,2,1,2,1,1,2,1,2,0.818,1,0,1,0,0,0,4,3,12,12,0,0.0709350032390412,0.1976894839127618,1
u_9020,0,0,1,1,0,0,1,1,0.957,1,0,1,0,0,0,3,3,22,22,0,0.0712589073634204,0.1994169725761174,1
u_9069,0,0,2,0,0,0,0,2,0.64,1,0,1,1,1,1,4,1,22,22,0,0.0723385877780177,0.1976894839127618,1
u_5132,0,0,0,0,0,0,0,0,0.833,0,0,0,0,0,0,1,0,1,1,1,0.0684517382854675,0.2020082055711509,0
u_8433,2,1,2,0,0,2,0,2,0.889,0,1,1,0,0,0,3,3,22,22,0,0.0730943640682358,0.1976894839127618,1
u_6049,0,0,0,0,0,0,0,0,0.737,0,1,0,0,0,0,1,0,0,0,1,0.0643489527099978,0.1994169725761174,0
u_5474,0,0,0,0,0,0,0,0,0.737,0,0,0,0,0,0,1,0,19,19,0,0.0723385877780177,0.1976894839127618,0
u_7435,0,0,1,1,0,0,1,1,0.833,1,0,1,1,0,0,3,2,6,6,0,0.0739581083999136,0.1976894839127618,1
u_6788,2,0,3,2,0,2,2,3,1.0,0,1,1,1,0,0,5,4,3,3,1,0.0723385877780177,0.1976894839127618,1
u_4528,0,0,0,0,0,0,0,0,0.727,0,0,0,0,0,0,1,0,15,15,0,0.0723385877780177,0.201576333405312,0
u_6024,0,0,0,0,0,0,0,0,0.8,0,1,0,0,0,0,1,0,10,10,0,0.0730943640682358,0.1993090045346577,0
u_8304,2,0,2,1,0,2,1,2,1.0,0,0,1,1,0,0,4,4,20,20,0,0.071798747570719,0.2020082055711509,1
u_939,0,0,0,0,0,0,0,0,0.917,0,0,0,0,0,0,1,1,1,1,1,0.0674800259123299,0.201576333405312,0
u_6650,0,0,1,0,0,0,0,1,0.947,0,1,1,0,0,0,3,2,11,11,0,0.0712589073634204,0.201576333405312,1
u_9056,3,0,4,3,0,3,3,4,0.947,0,0,1,0,0,0,5,4,13,13,0,0.0681278341610883,0.1976894839127618,1
u_4140,0,0,0,0,0,0,0,0,0.762,0,1,0,0,0,0,1,0,14,14,0,0.0674800259123299,0.1993090045346577,0
u_7792,0,1,1,1,0,0,1,1,0.72,1,0,0,0,0,0,3,2,16,16,0,0.0712589073634204,0.1993090045346577,1
u_5493,0,0,0,0,0,0,0,0,0.706,0,1,1,0,0,0,1,0,7,7,0,0.071798747570719,0.201576333405312,0
u_147,0,0,0,0,0,0,0,0,0.762,0,1,1,0,0,0,1,0,4,4,1,0.0684517382854675,0.1994169725761174,0
u_4885,0,0,0,0,0,0,0,0,0.9,0,0,1,0,0,0,1,1,19,19,0,0.0709350032390412,0.201576333405312,0
u_3966,0,0,0,0,0,0,0,0,0.769,0,1,1,0,0,0,1,0,18,18,0,0.0736342042755344,0.1993090045346577,0
u_7467,1,0,2,2,0,1,2,2,0.957,1,0,1,0,0,0,4,4,4,4,1,0.0681278341610883,0.1993090045346577,1
u_8042,2,1,2,2,0,2,2,2,1.0,0,1,0,0,0,0,3,4,4,4,1,0.0739581083999136,0.1993090045346577,1
u_2019,0,0,0,0,0,0,0,0,0.8,0,1,0,0,0,0,1,0,16,16,0,0.0681278341610883,0.201576333405312,0
u_2068,0,0,0,0,0,0,0,0,0.952,0,1,0,0,0,0,1,1,5,5,1,0.0643489527099978,0.201576333405312,0
u_9142,0,0,1,0,0,0,0,1,1.0,0,1,1,1,0,0,3,2,6,6,0,0.0755776290218095,0.1976894839127618,1
u_6391,0,0,0,0,0,0,0,0,0.778,0,1,1,0,0,0,1,0,8,8,0,0.0643489527099978,0.1976894839127618,0
u_8669,0,0,0,0,0,0,0,0,0.727,1,0,1,1,0,0,1,0,1,1,1,0.0674800259123299,0.2020082055711509,1
u_5702,0,0,0,0,0,0,0,0,0.87,0,1,0,0,0,0,1,1,15,15,0,0.0755776290218095,0.1976894839127618,0
u_8232,0,0,0,0,0,0,0,0,0.833,0,1,1,0,0,0,1,0,1,1,1,0.0684517382854675,0.1976894839127618,1
u_2572,0,0,0,0,0,0,0,0,0.667,0,1,1,0,0,0,1,0,5,5,1,0.0643489527099978,0.1976894839127618,0
u_4837,0,0,0,0,0,0,0,0,0.706,0,0,0,0,0,0,1,0,7,7,0,0.0709350032390412,0.2020082055711509,0
u_9211,0,0,0,0,0,0,0,0,0.857,0,1,1,1,1,1,1,1,10,10,0,0.0739581083999136,0.2020082055711509,1
u_4324,0,0,0,0,0,0,0,0,0.857,0,1,0,0,0,0,1,1,11,11,0,0.071798747570719,0.2020082055711509,0
u_1922,0,0,0,0,0,0,0,0,0.75,0,1,0,0,0,0,1,0,7,7,0,0.0709350032390412,0.201576333405312,0
u_7858,1,1,1,0,0,1,0,1,0.842,0,0,1,1,0,0,3,2,10,10,0,0.0643489527099978,0.2020082055711509,1
u_4922,0,0,0,0,0,0,0,0,0.875,0,0,0,0,0,0,1,1,22,22,0,0.0712589073634204,0.1994169725761174,0
u_7931,2,0,2,1,1,2,1,2,1.0,0,0,1,0,0,0,4,4,11,11,0,0.0730943640682358,0.201576333405312,1
u_4203,0,0,0,0,0,0,0,0,0.727,0,0,1,0,0,0,1,0,0,0,1,0.0750377888145109,0.1976894839127618,0
u_2001,0,0,0,0,0,0,0,0,0.8,0,1,1,0,0,0,1,0,6,6,0,0.0755776290218095,0.2020082055711509,0
u_7642,1,1,1,0,0,1,0,1,0.857,0,1,1,1,1,1,3,3,10,10,0,0.0712589073634204,0.1993090045346577,1
u_2764,0,0,0,0,0,0,0,0,1.0,0,1,0,0,0,0,1,1,16,16,0,0.0723385877780177,0.1994169725761174,0
u_8253,3,0,3,2,0,3,2,3,1.0,0,1,1,1,0,0,4,4,2,2,1,0.0681278341610883,0.2020082055711509,1
u_29,0,0,0,0,0,0,0,0,0.762,0,1,0,0,0,0,1,0,23,23,0,0.0709350032390412,0.1976894839127618,0
u_7613,1,0,2,1,0,1,1,2,0.933,0,1,1,0,0,0,5,4,13,13,0,0.0709350032390412,0.1994169725761174,1
u_9187,2,1,2,1,0,2,1,2,1.0,0,1,1,1,0,0,4,4,22,22,0,0.0681278341610883,0.1976894839127618,1
u_6892,4,0,4,2,0,4,2,4,0.941,1,0,0,0,0,0,5,4,3,3,1,0.0739581083999136,0.1994169725761174,1
u_7822,0,0,0,0,0,0,0,0,0.667,1,0,1,1,0,0,1,0,9,9,0,0.0674800259123299,0.1994169725761174,1
u_3758,0,0,0,0,0,0,0,0,0.625,0,1,1,0,0,0,1,0,11,11,0,0.0739581083999136,0.1976894839127618,0
u_3737,0,0,0,0,0,0,0,0,1.0,0,1,0,0,0,0,1,1,2,2,1,0.0681278341610883,0.1994169725761174,0
u_7034,3,0,5,1,0,3,1,5,0.857,0,1,1,0,0,0,9,4,8,8,0,0.0739581083999136,0.2020082055711509,1
u_2046,0,0,0,0,0,0,0,0,0.875,0,0,1,0,1,1,1,1,0,0,1,0.0755776290218095,0.201576333405312,0
u_3101,0,0,0,0,0,0,0,0,0.667,0,1,0,0,0,0,1,0,12,12,0,0.0684517382854675,0.1976894839127618,0
u_5682,0,0,0,0,0,0,0,0,0.7,0,1,0,0,0,0,1,0,8,8,0,0.0750377888145109,0.2020082055711509,0
u_5456,0,0,0,0,0,0,0,0,0.8,0,1,0,0,0,0,1,0,16,16,0,0.0674800259123299,0.201576333405312,0
u_8727,0,0,1,1,0,0,1,1,0.727,0,0,1,1,0,0,3,2,21,21,0,0.0739581083999136,0.1976894839127618,1
u_3175,0,0,0,0,0,0,0,0,0.75,0,0,0,0,0,0,1,0,20,20,0,0.0750377888145109,0.1976894839127618,0
u_4653,0,0,0,0,0,0,0,0,0.75,0,1,1,0,0,0,1,0,22,22,0,0.071798747570719,0.201576333405312,0
u_6862,1,0,1,0,0,1,0,1,0.952,0,1,1,1,0,0,3,3,14,14,0,0.0739581083999136,0.1976894839127618,1
u_7510,0,0,0,0,0,0,0,0,1.0,0,0,1,1,0,0,1,1,11,11,0,0.0643489527099978,0.1993090045346577,1
u_8627,1,1,1,1,0,1,1,1,1.0,0,0,1,1,0,0,3,4,15,15,0,0.0755776290218095,0.1994169725761174,1
u_7970,1,0,3,1,0,1,1,3,0.952,1,0,1,1,0,0,7,4,21,21,0,0.0739581083999136,0.2020082055711509,1
u_1901,0,0,0,0,0,0,0,0,0.737,0,1,0,0,0,0,1,0,23,23,0,0.0681278341610883,0.1993090045346577,0
u_8039,0,0,0,0,0,0,0,0,0.692,0,1,0,0,0,0,1,0,2,2,1,0.0739581083999136,0.1993090045346577,1
u_2675,0,0,0,0,0,0,0,0,0.762,0,1,1,0,0,0,1,0,12,12,0,0.0643489527099978,0.1993090045346577,0
u_2630,0,0,0,0,0,0,0,0,0.667,0,1,0,0,0,0,1,0,13,13,0,0.0712589073634204,0.1993090045346577,0
u_1497,0,0,0,0,0,0,0,0,0.727,0,0,0,0,0,0,1,0,9,9,0,0.0755776290218095,0.1993090045346577,0
u_1372,0,0,0,0,0,0,0,0,0.75,0,1,0,0,0,0,1,0,7,7,0,0.0681278341610883,0.1994169725761174,0
u_3570,0,0,0,0,0,0,0,0,0.9,0,1,1,0,0,0,1,1,10,10,0,0.0712589073634204,0.1993090045346577,0
u_6446,0,0,0,0,0,0,0,0,1.0,0,1,0,0,0,0,1,1,22,22,0,0.0750377888145109,0.1993090045346577,0
u_5008,0,0,0,0,0,0,0,0,0.667,0,1,1,0,0,0,1,0,18,18,0,0.0755776290218095,0.201576333405312,0
u_4821,0,0,0,0,0,0,0,0,0.667,0,1,0,0,0,0,1,0,11,11,0,0.071798747570719,0.1994169725761174,0
u_271,0,0,0,0,0,0,0,0,0.941,0,1,0,0,0,0,1,1,17,17,0,0.0750377888145109,0.1976894839127618,0
u_1736,0,0,0,0,0,0,0,0,0.737,0,0,0,0,0,0,1,0,7,7,0,0.0681278341610883,0.1994169725761174,0
u_1930,0,0,0,0,0,0,0,0,0.8,0,1,0,0,1,1,1,0,9,9,0,0.0750377888145109,0.1976894839127618,0
u_1067,0,0,0,0,0,0,0,0,0.8,0,0,0,0,0,0,1,0,3,3,1,0.0684517382854675,0.201576333405312,0
u_273,0,0,0,0,0,0,0,0,0.7,0,1,1,0,0,0,1,0,0,0,1,0.0750377888145109,0.201576333405312,0
u_3740,0,0,0,0,0,0,0,0,0.8,0,1,0,0,0,0,1,0,8,8,0,0.0755776290218095,0.1976894839127618,0
u_8524,0,0,0,0,0,0,0,0,0.75,0,1,1,0,0,0,1,0,16,16,0,0.071798747570719,0.1994169725761174,1
u_2186,0,0,0,0,0,0,0,0,0.667,0,0,0,0,0,0,1,0,1,1,1,0.0730943640682358,0.1976894839127618,0
u_8863,3,0,5,2,0,3,2,5,1.0,0,0,1,1,0,0,8,4,21,21,0,0.0739581083999136,0.2020082055711509,1
u_6832,2,1,2,0,0,2,0,2,1.0,0,1,1,1,0,0,4,3,9,9,0,0.0681278341610883,0.1976894839127618,1
u_413,0,0,0,0,0,0,0,0,0.824,0,1,0,0,0,0,1,0,8,8,0,0.0712589073634204,0.2020082055711509,0
u_7549,3,0,4,0,0,3,0,4,1.0,0,1,1,1,0,0,5,3,9,9,0,0.0755776290218095,0.201576333405312,1
u_9137,0,0,0,0,0,0,0,0,0.667,0,1,1,1,0,0,1,0,4,4,1,0.0750377888145109,0.2020082055711509,1
u_3804,0,0,0,0,0,0,0,0,1.0,0,1,1,0,0,0,1,1,21,21,0,0.0723385877780177,0.1993090045346577,0
u_9111,0,3,5,3,1,0,3,5,1.0,0,1,1,0,0,0,6,3,2,2,1,0.071798747570719,0.201576333405312,1
u_7121,2,0,3,2,0,2,2,3,0.7,0,1,1,1,0,0,5,3,22,22,0,0.0739581083999136,0.1976894839127618,1
u_1210,0,0,0,0,0,0,0,0,0.727,0,1,1,0,0,0,1,0,0,0,1,0.0684517382854675,0.1993090045346577,0
u_6140,0,0,0,0,0,0,0,0,0.778,0,1,0,0,0,0,1,0,4,4,1,0.071798747570719,0.1993090045346577,0
u_4334,0,0,0,0,0,0,0,0,0.762,0,0,1,0,0,0,1,0,12,12,0,0.0739581083999136,0.2020082055711509,0
u_8260,0,0,0,0,0,0,0,0,0.875,0,1,1,1,0,0,1,1,23,23,0,0.0643489527099978,0.201576333405312,1
u_857,0,0,0,0,0,0,0,0,0.7,0,1,0,0,0,0,1,0,2,2,1,0.0730943640682358,0.2020082055711509,0
u_8720,0,0,1,0,0,0,0,1,1.0,1,0,0,0,0,0,3,2,1,1,1,0.0755776290218095,0.1993090045346577,1
u_8406,0,0,0,0,0,0,0,0,1.0,0,1,0,0,0,0,1,1,6,6,0,0.0750377888145109,0.1994169725761174,1
u_1325,0,0,0,0,0,0,0,0,0.783,0,1,0,0,0,0,1,0,1,1,1,0.0709350032390412,0.1993090045346577,0
u_4252,0,0,0,0,0,0,0,0,0.741,0,1,0,0,0,0,1,0,6,6,0,0.0684517382854675,0.201576333405312,0
u_3721,0,0,0,0,0,0,0,0,0.75,0,0,1,0,0,0,1,0,7,7,0,0.0739581083999136,0.1976894839127618,0
u_476,0,0,0,0,0,0,0,0,0.783,0,1,0,0,0,0,1,0,17,17,0,0.0723385877780177,0.2020082055711509,0
u_4535,0,0,0,0,0,0,0,0,0.778,0,1,1,0,0,0,1,0,21,21,0,0.071798747570719,0.1994169725761174,0
u_3821,0,0,0,0,0,0,0,0,0.8,0,0,0,0,0,0,1,0,11,11,0,0.0643489527099978,0.1993090045346577,0
u_6417,0,0,0,0,0,0,0,0,0.727,0,1,1,0,0,0,1,0,15,15,0,0.0739581083999136,0.201576333405312,0
u_404,0,0,0,0,0,0,0,0,0.737,0,1,1,0,0,0,1,0,15,15,0,0.0643489527099978,0.2020082055711509,0
u_6716,1,1,1,0,0,1,0,1,0.824,1,0,0,0,0,0,3,2,20,20,0,0.0709350032390412,0.201576333405312,1
u_3497,0,0,0,0,0,0,0,0,0.778,0,0,0,0,0,0,1,0,17,17,0,0.0723385877780177,0.2020082055711509,0
u_7682,0,0,0,0,0,0,0,0,0.8,0,1,1,0,1,1,1,0,11,11,0,0.0681278341610883,0.1994169725761174,1
u_2137,0,0,0,0,0,0,0,0,0.786,0,1,0,0,0,0,1,0,22,22,0,0.0755776290218095,0.1976894839127618,0
u_1623,0,0,0,0,0,0,0,0,0.706,0,0,1,0,0,0,1,0,15,15,0,0.0750377888145109,0.2020082055711509,0
u_2192,0,0,0,0,0,0,0,0,0.818,0,1,0,0,0,0,1,0,19,19,0,0.0684517382854675,0.201576333405312,0
u_2485,0,0,0,0,0,0,0,0,1.0,0,0,1,0,0,0,1,1,14,14,0,0.0750377888145109,0.1994169725761174,0
u_8415,0,0,3,1,0,0,1,3,0.778,1,0,1,1,0,0,7,2,19,19,0,0.0723385877780177,0.1994169725761174,1
u_7411,2,2,2,2,0,2,2,2,0.857,0,1,1,1,0,0,3,4,18,18,0,0.0739581083999136,0.1993090045346577,1
u_7232,0,0,0,0,0,0,0,0,0.8,1,0,1,0,0,0,1,0,15,15,0,0.071798747570719,0.1993090045346577,1
u_4277,0,0,0,0,0,0,0,0,0.8,0,0,0,0,0,0,1,0,13,13,0,0.0736342042755344,0.201576333405312,0
u_8822,0,0,0,0,0,0,0,0,0.778,1,0,1,1,0,0,1,0,19,19,0,0.0755776290218095,0.201576333405312,1
u_4454,0,0,0,0,0,0,0,0,0.875,0,1,0,0,0,0,1,1,7,7,0,0.0684517382854675,0.1993090045346577,0
u_547,0,0,0,0,0,0,0,0,0.737,0,1,0,0,0,0,1,0,1,1,1,0.0755776290218095,0.2020082055711509,0
u_8255,2,0,2,0,0,2,0,2,1.0,0,1,1,0,0,0,3,3,2,2,1,0.0681278341610883,0.2020082055711509,1
u_2239,0,0,0,0,0,0,0,0,0.7,0,1,0,0,0,0,1,0,17,17,0,0.0723385877780177,0.1993090045346577,0
u_1173,0,0,0,0,0,0,0,0,0.762,0,1,0,0,0,0,1,0,1,1,1,0.0730943640682358,0.201576333405312,0
u_4295,0,0,0,0,0,0,0,0,0.762,0,1,0,0,0,0,1,0,21,21,0,0.0739581083999136,0.1994169725761174,0
u_420,0,0,0,0,0,0,0,0,0.75,0,1,0,0,0,0,1,0,2,2,1,0.0730943640682358,0.1994169725761174,0
u_4157,0,0,0,0,0,0,0,0,0.857,0,1,1,0,0,0,1,1,13,13,0,0.0755776290218095,0.1993090045346577,0
u_2221,0,0,0,0,0,0,0,0,0.737,0,1,1,0,0,0,1,0,6,6,0,0.0736342042755344,0.1994169725761174,0
u_289,0,0,0,0,0,0,0,0,0.818,0,0,0,0,0,0,1,0,20,20,0,0.0730943640682358,0.1976894839127618,0
u_6469,0,0,0,0,0,0,0,0,0.75,0,0,1,0,0,0,1,0,18,18,0,0.0674800259123299,0.201576333405312,0
u_8204,0,0,1,1,0,0,1,1,0.706,0,1,1,0,0,0,3,2,11,11,0,0.0712589073634204,0.1993090045346577,1
u_8290,0,2,3,0,0,0,0,3,1.0,0,1,1,1,0,0,4,2,0,0,1,0.0755776290218095,0.1976894839127618,1
u_8003,0,0,0,0,0,0,0,0,0.727,1,0,0,0,0,0,1,0,20,20,0,0.0712589073634204,0.2020082055711509,1
u_6414,0,0,0,0,0,0,0,0,0.75,0,1,0,0,0,0,1,0,7,7,0,0.0709350032390412,0.1994169725761174,0
u_4564,0,0,0,0,0,0,0,0,0.522,0,1,0,0,0,0,1,0,20,20,0,0.0755776290218095,0.1994169725761174,0
u_2540,0,0,0,0,0,0,0,0,1.0,0,1,0,0,0,0,1,1,1,1,1,0.0674800259123299,0.201576333405312,0
u_4964,0,0,0,0,0,0,0,0,0.833,0,0,0,0,0,0,1,0,2,2,1,0.0750377888145109,0.2020082055711509,0
u_5739,0,0,0,0,0,0,0,0,0.72,0,0,0,0,0,0,1,0,1,1,1,0.0709350032390412,0.1993090045346577,0
u_4973,0,0,0,0,0,0,0,0,0.737,0,1,1,0,0,0,1,0,8,8,0,0.0709350032390412,0.2020082055711509,0
u_3001,0,0,0,0,0,0,0,0,0.762,0,1,0,0,0,0,1,0,12,12,0,0.0674800259123299,0.2020082055711509,0
u_2336,0,0,0,0,0,0,0,0,0.909,0,1,1,0,0,0,1,1,12,12,0,0.0750377888145109,0.1994169725761174,0
u_7058,0,0,1,1,0,0,1,1,1.0,1,0,1,0,0,0,3,3,20,20,0,0.071798747570719,0.201576333405312,1
u_2337,0,0,0,0,0,0,0,0,0.737,0,1,0,0,0,0,1,0,12,12,0,0.0709350032390412,0.2020082055711509,0
u_8839,2,2,3,0,0,2,0,3,1.0,1,0,0,0,0,0,5,3,7,7,0,0.071798747570719,0.1976894839127618,1
u_1948,0,0,0,0,0,0,0,0,0.727,0,1,1,0,0,0,1,0,7,7,0,0.0739581083999136,0.2020082055711509,0
u_3937,0,0,0,0,0,0,0,0,0.783,0,0,1,0,0,0,1,0,8,8,0,0.0750377888145109,0.1976894839127618,0
u_3308,0,0,0,0,0,0,0,0,0.778,0,1,0,0,0,0,1,0,23,23,0,0.0739581083999136,0.1994169725761174,0
u_4028,0,0,0,0,0,0,0,0,0.762,0,0,0,0,0,0,1,0,18,18,0,0.0739581083999136,0.2020082055711509,0
u_7715,0,0,1,0,0,0,0,1,0.857,0,1,1,1,0,0,3,2,15,15,0,0.0674800259123299,0.2020082055711509,1
u_5500,0,0,0,0,0,0,0,0,0.696,0,1,1,0,0,0,1,0,13,13,0,0.0681278341610883,0.201576333405312,0
u_4165,0,0,0,0,0,0,0,0,0.833,0,1,1,0,0,0,1,0,14,14,0,0.0643489527099978,0.1993090045346577,0
u_3247,0,0,0,0,0,0,0,0,0.778,0,0,0,0,0,0,1,0,10,10,0,0.0750377888145109,0.1976894839127618,0
u_5623,0,0,0,0,0,0,0,0,0.727,0,0,0,0,0,0,1,0,9,9,0,0.0739581083999136,0.1994169725761174,0
u_5438,0,0,0,0,0,0,0,0,0.8,0,1,1,0,0,0,1,0,18,18,0,0.0750377888145109,0.2020082055711509,0
u_3346,0,0,0,0,0,0,0,0,1.0,0,1,0,0,0,0,1,1,12,12,0,0.0739581083999136,0.1993090045346577,0
u_5234,0,0,0,0,0,0,0,0,0.818,0,1,0,0,0,0,1,0,16,16,0,0.0712589073634204,0.1976894839127618,0
u_623,0,0,0,0,0,0,0,0,0.963,0,0,0,0,0,0,1,1,20,20,0,0.0750377888145109,0.2020082055711509,0
u_3010,0,0,0,0,0,0,0,0,1.0,0,0,1,0,0,0,1,1,7,7,0,0.071798747570719,0.201576333405312,0
u_8383,0,0,2,1,0,0,1,2,0.762,1,0,0,0,0,0,5,2,20,20,0,0.0739581083999136,0.201576333405312,1
u_8854,1,1,2,2,0,1,2,2,0.842,1,0,0,0,0,0,4,3,7,7,0,0.0643489527099978,0.1993090045346577,1
u_1802,0,0,0,0,0,0,0,0,0.783,0,1,0,0,0,0,1,0,17,17,0,0.0730943640682358,0.201576333405312,0
u_6473,0,0,0,0,0,0,0,0,0.842,0,1,1,0,0,0,1,0,7,7,0,0.0709350032390412,0.2020082055711509,0
u_685,0,0,0,0,0,0,0,0,1.0,0,1,1,0,0,0,1,1,21,21,0,0.0723385877780177,0.201576333405312,0
u_7988,0,0,0,0,0,0,0,0,0.857,1,0,0,0,0,0,1,1,13,13,0,0.0736342042755344,0.1994169725761174,1
u_5257,0,0,0,0,0,0,0,0,0.783,0,1,0,0,0,0,1,0,16,16,0,0.0684517382854675,0.1994169725761174,0
u_3426,0,0,0,0,0,0,0,0,0.733,0,1,0,0,0,0,1,0,23,23,0,0.0755776290218095,0.201576333405312,0
u_4463,0,0,0,0,0,0,0,0,0.8,0,1,1,0,0,0,1,0,23,23,0,0.0730943640682358,0.201576333405312,0
u_5842,0,0,0,0,0,0,0,0,0.8,0,1,0,0,0,0,1,0,16,16,0,0.0755776290218095,0.1976894839127618,0
u_3286,0,0,0,0,0,0,0,0,0.778,0,1,0,0,0,0,1,0,6,6,0,0.0736342042755344,0.1976894839127618,0
u_6766,0,0,0,0,0,0,0,0,0.696,1,0,1,1,0,0,1,0,15,15,0,0.0755776290218095,0.201576333405312,1
u_5674,0,0,0,0,0,0,0,0,0.762,0,1,0,0,0,0,1,0,10,10,0,0.0750377888145109,0.1994169725761174,0
u_4681,0,0,0,0,0,0,0,0,0.75,0,1,0,0,0,0,1,0,2,2,1,0.0674800259123299,0.201576333405312,0
u_8158,0,0,0,0,0,0,0,0,1.0,0,0,1,0,0,0,1,1,5,5,1,0.0709350032390412,0.1994169725761174,1
u_1842,0,0,0,0,0,0,0,0,0.737,0,1,0,0,0,0,1,0,20,20,0,0.0712589073634204,0.1993090045346577,0
u_7902,0,0,2,2,0,0,2,2,0.8,0,1,1,0,0,0,3,2,8,8,0,0.0750377888145109,0.2020082055711509,1
u_1329,0,0,0,0,0,0,0,0,0.857,0,1,0,0,0,0,1,1,3,3,1,0.0739581083999136,0.1993090045346577,0
u_7945,0,0,1,1,1,0,1,1,1.0,0,1,0,0,0,0,3,3,20,20,0,0.0739581083999136,0.1993090045346577,1
u_2644,0,0,0,0,0,0,0,0,1.0,0,1,0,0,0,0,1,1,20,20,0,0.0723385877780177,0.2020082055711509,0
u_5445,0,0,0,0,0,0,0,0,0.846,0,1,1,0,0,0,1,0,5,5,1,0.0684517382854675,0.2020082055711509,0
u_232,0,0,0,0,0,0,0,0,1.0,0,1,0,0,0,0,1,1,17,17,0,0.0684517382854675,0.201576333405312,0
u_3172,0,0,0,0,0,0,0,0,0.0,0,1,1,0,0,0,1,0,0,0,1,0.0709350032390412,0.1994169725761174,0
u_53,0,0,0,0,0,0,0,0,0.842,0,1,0,0,0,0,1,0,18,18,0,0.0755776290218095,0.201576333405312,0
u_1888,0,0,0,0,0,0,0,0,0.8,0,0,1,0,0,0,1,0,6,6,0,0.0684517382854675,0.201576333405312,0
u_9000,1,0,1,1,0,1,1,1,0.8,0,0,0,0,0,0,3,3,22,22,0,0.0755776290218095,0.1993090045346577,1
u_2755,0,0,0,0,0,0,0,0,0.706,0,0,1,0,1,1,1,0,8,8,0,0.071798747570719,0.1993090045346577,0
u_7894,3,0,3,0,0,3,0,3,1.0,0,0,0,0,0,0,4,3,14,14,0,0.071798747570719,0.1994169725761174,1
u_1123,0,0,0,0,0,0,0,0,0.762,0,1,0,0,0,0,1,0,11,11,0,0.0750377888145109,0.1993090045346577,0
u_5274,0,0,0,0,0,0,0,0,0.75,0,0,1,0,1,1,1,0,7,7,0,0.0712589073634204,0.1976894839127618,0
u_7721,2,2,2,2,0,2,2,2,1.0,0,1,1,1,0,0,3,4,11,11,0,0.071798747570719,0.1993090045346577,1
u_7849,1,0,1,1,0,1,1,1,0.857,0,1,1,0,0,0,3,4,0,0,1,0.0709350032390412,0.1976894839127618,1
u_7359,2,2,3,0,0,2,0,3,0.947,0,1,1,1,1,1,6,3,9,9,0,0.0643489527099978,0.1994169725761174,1
u_3708,0,0,0,0,0,0,0,0,0.75,0,0,0,0,0,0,1,0,6,6,0,0.0712589073634204,0.1993090045346577,0
u_2703,0,0,0,0,0,0,0,0,0.632,0,1,0,0,1,1,1,0,2,2,1,0.0712589073634204,0.2020082055711509,0
u_4392,0,0,0,0,0,0,0,0,0.783,0,0,1,0,0,0,1,0,2,2,1,0.0736342042755344,0.1993090045346577,0
u_2177,0,0,0,0,0,0,0,0,0.8,0,1,1,0,0,0,1,0,2,2,1,0.071798747570719,0.2020082055711509,0
u_9125,0,0,0,0,0,0,0,0,0.783,1,0,1,1,0,0,1,0,17,17,0,0.0712589073634204,0.1976894839127618,1
u_8918,0,0,0,0,0,0,0,0,0.857,1,0,0,0,0,0,1,1,3,3,1,0.0684517382854675,0.1993090045346577,1
u_6720,4,3,5,3,1,4,3,5,1.0,0,1,1,0,0,0,6,4,0,0,1,0.0709350032390412,0.201576333405312,1
u_5090,0,0,0,0,0,0,0,0,1.0,0,1,0,0,0,0,1,1,8,8,0,0.0730943640682358,0.2020082055711509,0
u_3923,0,0,0,0,0,0,0,0,0.8,0,1,0,0,0,0,1,0,23,23,0,0.0681278341610883,0.201576333405312,0
u_4451,0,0,0,0,0,0,0,0,0.762,0,0,0,0,0,0,1,0,0,0,1,0.0739581083999136,0.1976894839127618,0
u_9037,4,2,5,4,0,4,4,5,0.947,1,0,1,0,0,0,5,4,10,10,0,0.0723385877780177,0.1993090045346577,1
u_7439,0,0,0,0,0,0,0,0,0.8,0,1,0,0,0,0,1,0,18,18,0,0.0681278341610883,0.1976894839127618,1
u_3387,0,0,0,0,0,0,0,0,0.727,0,1,0,0,0,0,1,0,20,20,0,0.0709350032390412,0.201576333405312,0
u_836,0,0,0,0,0,0,0,0,0.72,0,1,0,0,0,0,1,0,15,15,0,0.0684517382854675,0.201576333405312,0
u_7030,0,0,0,0,0,0,0,0,0.833,1,0,1,0,0,0,1,0,4,4,1,0.0739581083999136,0.2020082055711509,1
u_442,0,0,0,0,0,0,0,0,0.75,0,0,1,0,0,0,1,0,8,8,0,0.0712589073634204,0.1976894839127618,0
u_9092,1,0,1,0,0,1,0,1,0.8,0,1,1,1,0,0,3,2,18,18,0,0.0643489527099978,0.1993090045346577,1
u_5303,0,0,0,0,0,0,0,0,0.8,0,1,0,0,0,0,1,0,16,16,0,0.0684517382854675,0.1976894839127618,0
u_5604,0,0,0,0,0,0,0,0,1.0,0,1,0,0,0,0,1,1,4,4,1,0.0712589073634204,0.1993090045346577,0
u_1717,0,0,0,0,0,0,0,0,0.9,0,1,0,0,0,0,1,1,6,6,0,0.0723385877780177,0.2020082055711509,0
u_5224,0,0,0,0,0,0,0,0,0.833,0,0,0,0,0,0,1,0,18,18,0,0.0643489527099978,0.1976894839127618,0
u_622,0,0,0,0,0,0,0,0,0.625,0,0,0,0,0,0,1,0,8,8,0,0.0736342042755344,0.1994169725761174,0
u_8177,0,0,0,0,0,0,0,0,1.0,0,0,1,0,0,0,1,1,4,4,1,0.0730943640682358,0.1994169725761174,1
u_1320,0,0,0,0,0,0,0,0,0.8,0,0,0,0,0,0,1,0,9,9,0,0.0723385877780177,0.201576333405312,0
u_3903,0,0,0,0,0,0,0,0,0.75,0,0,0,0,0,0,1,0,15,15,0,0.0755776290218095,0.1976894839127618,0
u_3312,0,0,0,0,0,0,0,0,0.9,0,1,1,0,0,0,1,1,18,18,0,0.0736342042755344,0.2020082055711509,0
u_3440,0,0,0,0,0,0,0,0,0.842,0,0,1,0,0,0,1,0,13,13,0,0.0755776290218095,0.1994169725761174,0
u_2643,0,0,0,0,0,0,0,0,0.8,0,1,1,0,0,0,1,0,3,3,1,0.0674800259123299,0.1976894839127618,0
u_689,0,0,0,0,0,0,0,0,0.762,0,0,0,0,0,0,1,0,9,9,0,0.0684517382854675,0.1993090045346577,0
u_6462,0,0,0,0,0,0,0,0,0.783,0,0,1,0,0,0,1,0,7,7,0,0.0755776290218095,0.2020082055711509,0
u_4287,0,0,0,0,0,0,0,0,0.8,0,1,1,0,0,0,1,0,12,12,0,0.0674800259123299,0.1976894839127618,0
u_8717,0,0,4,2,0,0,2,4,1.0,0,1,1,1,0,0,6,3,2,2,1,0.0755776290218095,0.1993090045346577,1
u_7228,0,0,0,0,0,0,0,0,0.875,0,1,1,1,0,0,1,1,4,4,1,0.0739581083999136,0.1976894839127618,1
u_4563,0,0,0,0,0,0,0,0,0.783,0,1,0,0,0,0,1,0,1,1,1,0.0750377888145109,0.2020082055711509,0
u_6484,0,0,0,0,0,0,0,0,0.818,0,0,0,0,0,0,1,0,4,4,1,0.0684517382854675,0.2020082055711509,0
u_8184,0,0,0,0,0,0,0,0,0.889,0,1,0,0,0,0,1,1,14,14,0,0.0736342042755344,0.201576333405312,1
u_1194,0,0,0,0,0,0,0,0,0.75,0,1,1,0,0,0,1,0,21,21,0,0.0739581083999136,0.1994169725761174,0
u_7951,4,1,4,0,0,4,0,4,1.0,1,0,1,1,0,0,4,3,0,0,1,0.0739581083999136,0.2020082055711509,1
u_5949,0,0,0,0,0,0,0,0,0.737,0,1,1,0,0,0,1,0,21,21,0,0.0723385877780177,0.201576333405312,0
u_4929,0,0,0,0,0,0,0,0,0.75,0,0,1,0,0,0,1,0,11,11,0,0.0739581083999136,0.201576333405312,0
u_8067,0,2,2,2,0,0,2,2,0.8,0,1,0,0,0,0,4,2,9,9,0,0.0755776290218095,0.1994169725761174,1
u_7424,0,0,1,1,0,0,1,1,0.857,0,0,0,0,0,0,3,3,0,0,1,0.0684517382854675,0.1993090045346577,1
u_416,0,0,0,0,0,0,0,0,0.769,0,1,1,0,0,0,1,0,3,3,1,0.0684517382854675,0.1976894839127618,0
u_8700,0,3,3,1,1,0,1,3,0.818,0,1,1,1,0,0,7,2,21,21,0,0.0739581083999136,0.1993090045346577,1
u_4894,0,0,0,0,0,0,0,0,0.737,0,1,0,0,0,0,1,0,0,0,1,0.0643489527099978,0.1993090045346577,0
u_7402,0,0,2,0,0,0,0,2,0.783,1,0,1,1,0,0,5,1,22,22,0,0.071798747570719,0.1976894839127618,1
u_5884,0,0,0,0,0,0,0,0,0.952,0,0,0,0,0,0,1,1,23,23,0,0.0750377888145109,0.1994169725761174,0
u_5888,0,0,0,0,0,0,0,0,0.8,0,1,0,0,0,0,1,0,0,0,1,0.0730943640682358,0.2020082055711509,0
u_2443,0,0,0,0,0,0,0,0,1.0,0,0,1,0,0,0,1,1,1,1,1,0.0681278341610883,0.1976894839127618,0
u_7769,1,0,1,0,0,1,0,1,0.667,0,1,0,0,1,1,3,2,0,0,1,0.0723385877780177,0.2020082055711509,1
u_8381,0,0,0,0,0,0,0,0,0.818,0,0,1,1,0,0,1,0,19,19,0,0.0739581083999136,0.201576333405312,1
u_1575,0,0,0,0,0,0,0,0,0.783,0,1,0,0,0,0,1,0,21,21,0,0.0684517382854675,0.1976894839127618,0
u_415,0,0,0,0,0,0,0,0,0.778,0,1,1,0,0,0,1,0,22,22,0,0.0684517382854675,0.201576333405312,0
u_8600,0,0,0,0,0,0,0,0,0.762,0,0,1,0,0,0,1,0,21,21,0,0.0674800259123299,0.1994169725761174,1
u_4380,0,0,0,0,0,0,0,0,0.875,0,0,0,0,0,0,1,1,13,13,0,0.0712589073634204,0.1993090045346577,0
u_540,0,0,0,0,0,0,0,0,0.75,0,1,0,0,1,1,1,0,22,22,0,0.0643489527099978,0.1993090045346577,0
u_2626,0,0,0,0,0,0,0,0,1.0,0,0,0,0,0,0,1,1,3,3,1,0.0723385877780177,0.1976894839127618,0
u_7490,3,3,3,1,0,3,1,3,0.667,1,0,1,1,0,0,5,3,21,21,0,0.0674800259123299,0.2020082055711509,1
u_1351,0,0,0,0,0,0,0,0,0.824,0,1,0,0,0,0,1,0,20,20,0,0.0709350032390412,0.1976894839127618,0
u_7514,0,0,0,0,0,0,0,0,0.824,0,1,1,1,0,0,1,0,22,22,0,0.0750377888145109,0.1976894839127618,1
u_4070,0,0,0,0,0,0,0,0,1.0,0,1,1,0,0,0,1,1,1,1,1,0.0674800259123299,0.1976894839127618,0
u_1237,0,0,0,0,0,0,0,0,0.833,0,1,0,0,0,0,1,0,10,10,0,0.0674800259123299,0.1994169725761174,0
u_2697,0,0,0,0,0,0,0,0,0.952,0,1,0,0,0,0,1,1,21,21,0,0.0674800259123299,0.1976894839127618,0
u_4809,0,0,0,0,0,0,0,0,0.741,0,1,1,0,0,0,1,0,1,1,1,0.0674800259123299,0.1976894839127618,0
u_7209,0,0,1,0,0,0,0,1,0.889,1,0,1,1,0,0,3,2,1,1,1,0.0730943640682358,0.1976894839127618,1
u_4942,0,0,0,0,0,0,0,0,0.762,0,1,0,0,1,1,1,0,18,18,0,0.0723385877780177,0.1994169725761174,0
u_5044,0,0,0,0,0,0,0,0,0.875,0,1,0,0,0,0,1,1,20,20,0,0.0674800259123299,0.1993090045346577,0
u_7538,0,0,0,0,0,0,0,0,0.667,0,1,1,0,0,0,1,0,4,4,1,0.0681278341610883,0.1976894839127618,1
u_7584,1,0,1,1,0,1,1,1,0.75,0,0,0,0,0,0,3,3,14,14,0,0.071798747570719,0.1994169725761174,1
u_117,0,0,0,0,0,0,0,0,0.857,0,1,0,0,0,0,1,1,5,5,1,0.0730943640682358,0.2020082055711509,0
u_6750,1,0,3,2,0,1,2,3,1.0,1,0,1,1,0,0,6,4,9,9,0,0.0723385877780177,0.2020082055711509,1
u_8387,0,0,3,2,0,0,2,3,0.96,0,1,1,1,0,0,6,3,10,10,0,0.0739581083999136,0.1993090045346577,1
u_8579,0,0,0,0,0,0,0,0,0.947,1,0,1,1,0,0,1,1,11,11,0,0.0684517382854675,0.201576333405312,1
u_794,0,0,0,0,0,0,0,0,0.8,0,0,1,0,0,0,1,0,14,14,0,0.0750377888145109,0.1976894839127618,0
u_6398,0,0,0,0,0,0,0,0,0.762,0,0,0,0,0,0,1,0,12,12,0,0.0674800259123299,0.1993090045346577,0
u_8029,2,1,2,1,1,2,1,2,1.0,1,0,0,0,0,0,4,4,0,0,1,0.0712589073634204,0.2020082055711509,1
u_8207,2,1,2,0,0,2,0,2,0.75,1,0,1,0,1,1,4,2,22,22,0,0.0736342042755344,0.1976894839127618,1
u_7503,2,3,4,0,0,2,0,4,0.842,1,0,1,1,0,0,7,2,12,12,0,0.071798747570719,0.201576333405312,1
u_7859,0,0,0,0,0,0,0,0,0.667,1,0,1,1,0,0,1,0,6,6,0,0.0681278341610883,0.201576333405312,1
u_853,0,0,0,0,0,0,0,0,0.8,0,1,0,0,0,0,1,0,6,6,0,0.0681278341610883,0.2020082055711509,0
u_2774,0,0,0,0,0,0,0,0,0.8,0,1,1,0,0,0,1,0,6,6,0,0.0730943640682358,0.201576333405312,0
u_5544,0,0,0,0,0,0,0,0,0.857,0,1,1,0,0,0,1,1,16,16,0,0.0684517382854675,0.201576333405312,0
u_7512,1,0,2,0,0,1,0,2,1.0,1,0,1,1,0,0,5,3,12,12,0,0.0643489527099978,0.1993090045346577,1
u_3706,0,0,0,0,0,0,0,0,0.737,0,1,0,0,0,0,1,0,11,11,0,0.0681278341610883,0.2020082055711509,0
u_8710,2,0,2,1,1,2,1,2,0.778,0,0,1,0,0,0,4,3,12,12,0,0.0739581083999136,0.1993090045346577,1
u_5217,0,0,0,0,0,0,0,0,0.857,0,1,0,0,0,0,1,1,5,5,1,0.0736342042755344,0.201576333405312,0
u_6168,0,0,0,0,0,0,0,0,0.947,0,1,0,0,0,0,1,1,13,13,0,0.0755776290218095,0.1976894839127618,0
u_5619,0,0,0,0,0,0,0,0,0.833,0,1,0,0,0,0,1,0,22,22,0,0.0755776290218095,0.2020082055711509,0
u_6693,0,0,0,0,0,0,0,0,0.857,1,0,1,1,0,0,1,1,1,1,1,0.0755776290218095,0.1993090045346577,1
u_1263,0,0,0,0,0,0,0,0,0.762,0,1,0,0,0,0,1,0,13,13,0,0.0755776290218095,0.2020082055711509,0
u_3276,0,0,0,0,0,0,0,0,1.0,0,1,0,0,0,0,1,1,12,12,0,0.0674800259123299,0.2020082055711509,0
u_7805,0,0,0,0,0,0,0,0,0.778,0,0,1,1,0,0,1,0,4,4,1,0.0739581083999136,0.1993090045346577,1
u_8165,0,0,3,0,0,0,0,3,1.0,0,0,0,0,0,0,4,2,0,0,1,0.0730943640682358,0.1976894839127618,1
u_4142,0,0,0,0,0,0,0,0,0.8,0,1,0,0,0,0,1,0,18,18,0,0.0674800259123299,0.1976894839127618,0
u_3968,0,0,0,0,0,0,0,0,0.87,0,1,0,0,0,0,1,1,0,0,1,0.0739581083999136,0.2020082055711509,0
u_4147,0,0,0,0,0,0,0,0,1.0,0,1,1,0,0,0,1,1,15,15,0,0.0755776290218095,0.201576333405312,0
u_7736,0,0,2,0,0,0,0,2,0.857,1,0,1,0,0,0,4,2,17,17,0,0.0684517382854675,0.1994169725761174,1
u_7848,0,0,0,0,0,0,0,0,0.857,0,1,1,0,0,0,1,1,23,23,0,0.0709350032390412,0.1993090045346577,1
u_3523,0,0,0,0,0,0,0,0,0.786,0,0,1,0,0,0,1,0,14,14,0,0.0736342042755344,0.1994169725761174,0
u_1427,0,0,0,0,0,0,0,0,0.8,0,0,0,0,0,0,1,0,2,2,1,0.0681278341610883,0.201576333405312,0
u_3772,0,0,0,0,0,0,0,0,0.909,0,0,0,0,0,0,1,1,15,15,0,0.071798747570719,0.201576333405312,0
u_6004,0,0,0,0,0,0,0,0,0.842,0,1,1,0,0,0,1,0,22,22,0,0.0755776290218095,0.1994169725761174,0
u_832,0,0,0,0,0,0,0,0,0.727,0,1,0,0,0,0,1,0,23,23,0,0.0709350032390412,0.1993090045346577,0
u_39,0,0,0,0,0,0,0,0,0.762,0,1,0,0,0,0,1,0,7,7,0,0.0712589073634204,0.2020082055711509,0
u_2709,0,0,0,0,0,0,0,0,0.75,0,1,0,0,0,0,1,0,22,22,0,0.0643489527099978,0.201576333405312,0
u_1612,0,0,0,0,0,0,0,0,0.75,0,1,1,0,0,0,1,0,5,5,1,0.0736342042755344,0.2020082055711509,0
u_8306,0,0,0,0,0,0,0,0,0.889,0,0,0,0,0,0,1,1,15,15,0,0.0736342042755344,0.1993090045346577,1
u_6337,0,0,0,0,0,0,0,0,0.8,0,1,0,0,0,0,1,0,11,11,0,0.0643489527099978,0.2020082055711509,0
u_2615,0,0,0,0,0,0,0,0,0.769,0,1,0,0,0,0,1,0,22,22,0,0.0739581083999136,0.1993090045346577,0
u_8287,0,0,1,1,1,0,1,1,0.957,1,0,1,1,0,0,3,3,23,23,0,0.0755776290218095,0.1976894839127618,1
u_2267,0,0,0,0,0,0,0,0,0.737,0,1,0,0,0,0,1,0,17,17,0,0.0730943640682358,0.201576333405312,0
u_6190,0,0,0,0,0,0,0,0,0.762,0,0,0,0,0,0,1,0,15,15,0,0.0736342042755344,0.1993090045346577,0
u_3535,0,0,0,0,0,0,0,0,0.737,0,0,0,0,0,0,1,0,9,9,0,0.0730943640682358,0.1994169725761174,0
u_3053,0,0,0,0,0,0,0,0,0.8,0,1,0,0,0,0,1,0,0,0,1,0.0739581083999136,0.1993090045346577,0
u_5022,0,0,0,0,0,0,0,0,0.857,0,1,1,0,0,0,1,1,3,3,1,0.0755776290218095,0.2020082055711509,0
u_7774,0,0,0,0,0,0,0,0,0.857,1,0,0,0,0,0,1,1,14,14,0,0.0755776290218095,0.2020082055711509,1
u_3745,0,0,0,0,0,0,0,0,0.762,0,1,0,0,0,0,1,0,8,8,0,0.0739581083999136,0.1976894839127618,0
u_3359,0,0,0,0,0,0,0,0,1.0,0,0,1,0,0,0,1,1,2,2,1,0.0739581083999136,0.1994169725761174,0
u_4033,0,0,0,0,0,0,0,0,0.762,0,1,1,0,0,0,1,0,20,20,0,0.0712589073634204,0.2020082055711509,0
u_7430,0,1,1,1,1,0,1,1,0.941,0,1,1,1,0,0,3,3,4,4,1,0.0712589073634204,0.1993090045346577,1
u_2147,0,0,0,0,0,0,0,0,0.783,0,1,1,0,0,0,1,0,10,10,0,0.0674800259123299,0.2020082055711509,0
u_2590,0,0,0,0,0,0,0,0,0.778,0,0,1,0,0,0,1,0,20,20,0,0.0750377888145109,0.2020082055711509,0
u_2651,0,0,0,0,0,0,0,0,0.75,0,0,1,0,0,0,1,0,21,21,0,0.0723385877780177,0.1976894839127618,0
u_1303,0,0,0,0,0,0,0,0,0.8,0,0,0,0,0,0,1,0,7,7,0,0.0712589073634204,0.1976894839127618,0
u_4634,0,0,0,0,0,0,0,0,0.727,0,0,1,0,0,0,1,0,5,5,1,0.0736342042755344,0.1994169725761174,0
u_3719,0,0,0,0,0,0,0,0,0.727,0,1,1,0,0,0,1,0,0,0,1,0.0736342042755344,0.1976894839127618,0
u_4519,0,0,0,0,0,0,0,0,0.769,0,1,1,0,0,0,1,0,22,22,0,0.0739581083999136,0.2020082055711509,0
u_3725,0,0,0,0,0,0,0,0,0.762,0,1,0,0,0,0,1,0,16,16,0,0.0750377888145109,0.2020082055711509,0
u_3922,0,0,0,0,0,0,0,0,0.696,0,1,1,0,0,0,1,0,23,23,0,0.0681278341610883,0.1993090045346577,0
u_2704,0,0,0,0,0,0,0,0,0.957,0,1,1,0,0,0,1,1,10,10,0,0.0730943640682358,0.1976894839127618,0
u_7206,0,0,0,0,0,0,0,0,0.778,0,1,1,1,0,0,1,0,0,0,1,0.0730943640682358,0.1976894839127618,1
u_6748,0,0,0,0,0,0,0,0,0.727,0,0,1,0,0,0,1,0,8,8,0,0.0723385877780177,0.2020082055711509,1
u_4804,0,0,0,0,0,0,0,0,0.818,0,1,0,0,0,0,1,0,1,1,1,0.0712589073634204,0.1994169725761174,0
u_2889,0,0,0,0,0,0,0,0,0.737,0,1,0,0,0,0,1,0,21,21,0,0.0674800259123299,0.201576333405312,0
u_3263,0,0,0,0,0,0,0,0,0.778,0,1,1,0,1,1,1,0,22,22,0,0.0739581083999136,0.1976894839127618,0
u_4022,0,0,0,0,0,0,0,0,0.842,0,0,0,0,0,0,1,0,22,22,0,0.0750377888145109,0.1994169725761174,0
u_4494,0,0,0,0,0,0,0,0,0.783,0,0,1,0,0,0,1,0,10,10,0,0.0684517382854675,0.1994169725761174,0
u_8691,1,0,1,0,0,1,0,1,0.783,0,1,1,1,0,0,3,2,0,0,1,0.0755776290218095,0.1993090045346577,1
u_5407,0,0,0,0,0,0,0,0,0.783,0,1,0,0,0,0,1,0,20,20,0,0.0681278341610883,0.1993090045346577,0
u_4301,0,0,0,0,0,0,0,0,0.952,0,1,1,0,1,1,1,1,11,11,0,0.0750377888145109,0.2020082055711509,0
u_812,0,0,0,0,0,0,0,0,0.783,0,1,0,0,0,0,1,0,22,22,0,0.0736342042755344,0.1994169725761174,0
u_2792,0,0,0,0,0,0,0,0,0.824,0,1,0,0,0,0,1,0,8,8,0,0.0709350032390412,0.2020082055711509,0
u_5667,0,0,0,0,0,0,0,0,0.8,0,0,1,0,0,0,1,0,12,12,0,0.0739581083999136,0.1976894839127618,0
u_4447,0,0,0,0,0,0,0,0,0.762,0,0,0,0,0,0,1,0,1,1,1,0.071798747570719,0.201576333405312,0
u_7272,0,0,2,1,0,0,1,2,0.762,1,0,1,1,0,0,4,2,12,12,0,0.0723385877780177,0.1993090045346577,1
u_6245,0,0,0,0,0,0,0,0,0.762,0,0,1,0,0,0,1,0,23,23,0,0.0643489527099978,0.1976894839127618,0
u_4772,0,0,0,0,0,0,0,0,0.778,0,0,1,0,0,0,1,0,1,1,1,0.0643489527099978,0.1993090045346577,0
u_2033,0,0,0,0,0,0,0,0,0.75,0,0,1,0,0,0,1,0,23,23,0,0.0739581083999136,0.1976894839127618,0
u_4711,0,0,0,0,0,0,0,0,0.727,0,1,0,0,1,1,1,0,23,23,0,0.0736342042755344,0.2020082055711509,0
u_3695,0,0,0,0,0,0,0,0,0.75,0,0,0,0,0,0,1,0,19,19,0,0.0723385877780177,0.1993090045346577,0
u_6076,0,0,0,0,0,0,0,0,0.842,0,1,0,0,0,0,1,0,23,23,0,0.0723385877780177,0.1993090045346577,0
u_4024,0,0,0,0,0,0,0,0,0.769,0,1,0,0,0,0,1,0,17,17,0,0.071798747570719,0.2020082055711509,0
u_615,0,0,0,0,0,0,0,0,0.783,0,0,0,0,0,0,1,0,12,12,0,0.0755776290218095,0.201576333405312,0
u_7884,1,0,1,1,0,1,1,1,0.952,1,0,1,0,0,0,3,4,17,17,0,0.071798747570719,0.2020082055711509,1
u_3422,0,0,0,0,0,0,0,0,0.737,0,1,0,0,0,0,1,0,2,2,1,0.0674800259123299,0.1976894839127618,0
u_3222,0,0,0,0,0,0,0,0,0.783,0,1,1,0,0,0,1,0,11,11,0,0.0755776290218095,0.1993090045346577,0
u_7187,0,1,3,1,0,0,1,3,0.706,1,0,1,1,0,0,7,2,13,13,0,0.0736342042755344,0.1976894839127618,1
u_3386,0,0,0,0,0,0,0,0,1.0,0,1,1,0,1,1,1,1,5,5,1,0.0674800259123299,0.2020082055711509,0
u_9208,0,0,1,0,0,0,0,1,0.875,0,0,0,0,0,0,3,2,19,19,0,0.0750377888145109,0.1976894839127618,1
u_3816,0,0,0,0,0,0,0,0,0.815,0,1,0,0,0,0,1,0,1,1,1,0.0730943640682358,0.1994169725761174,0
u_5159,0,0,0,0,0,0,0,0,0.727,0,0,1,0,0,0,1,0,21,21,0,0.0684517382854675,0.1994169725761174,0
u_3874,0,0,0,0,0,0,0,0,0.857,0,1,0,0,0,0,1,1,23,23,0,0.0750377888145109,0.1993090045346577,0
u_3407,0,0,0,0,0,0,0,0,0.762,0,0,0,0,0,0,1,0,22,22,0,0.0674800259123299,0.1994169725761174,0
u_170,0,0,0,0,0,0,0,0,0.667,0,1,0,0,0,0,1,0,3,3,1,0.071798747570719,0.1993090045346577,0
u_7575,2,0,2,0,0,2,0,2,0.933,1,0,1,1,1,1,4,3,0,0,1,0.0684517382854675,0.2020082055711509,1
u_1868,0,0,0,0,0,0,0,0,1.0,0,0,1,0,0,0,1,1,8,8,0,0.0712589073634204,0.201576333405312,0
u_5672,0,0,0,0,0,0,0,0,0.737,0,1,1,0,0,0,1,0,4,4,1,0.0681278341610883,0.2020082055711509,0
u_7982,4,1,4,3,0,4,3,4,1.0,0,1,1,1,0,0,4,4,0,0,1,0.0730943640682358,0.201576333405312,1
u_4393,0,0,0,0,0,0,0,0,1.0,0,1,0,0,0,0,1,1,20,20,0,0.071798747570719,0.1994169725761174,0
u_7481,1,0,1,0,0,1,0,1,0.857,0,1,0,0,0,0,3,3,22,22,0,0.0739581083999136,0.201576333405312,1
u_4511,0,0,0,0,0,0,0,0,0.87,0,0,0,0,0,0,1,1,16,16,0,0.0674800259123299,0.1976894839127618,0
u_5440,0,0,0,0,0,0,0,0,0.818,0,0,1,0,0,0,1,0,5,5,1,0.0736342042755344,0.201576333405312,0
u_5084,0,0,0,0,0,0,0,0,0.75,0,0,0,0,0,0,1,0,19,19,0,0.0684517382854675,0.2020082055711509,0
u_2203,0,0,0,0,0,0,0,0,1.0,0,1,0,0,0,0,1,1,6,6,0,0.0730943640682358,0.1976894839127618,0
u_8409,1,0,1,0,0,1,0,1,0.667,0,1,0,0,0,0,3,2,20,20,0,0.0684517382854675,0.1993090045346577,1
u_2510,0,0,0,0,0,0,0,0,0.75,0,0,1,0,0,0,1,0,21,21,0,0.0712589073634204,0.201576333405312,0
u_5232,0,0,0,0,0,0,0,0,0.857,0,1,0,0,0,0,1,1,4,4,1,0.0643489527099978,0.201576333405312,0
u_7057,0,0,2,2,1,0,2,2,1.0,0,0,1,1,0,0,4,3,20,20,0,0.071798747570719,0.1994169725761174,1
u_8392,0,0,3,1,0,0,1,3,1.0,0,1,0,0,0,0,6,3,8,8,0,0.0712589073634204,0.201576333405312,1
u_6722,1,1,1,0,0,1,0,1,1.0,1,0,1,1,0,0,3,3,13,13,0,0.0709350032390412,0.1994169725761174,1
u_6738,2,1,3,0,0,2,0,3,0.762,1,0,1,0,0,0,4,2,15,15,0,0.071798747570719,0.1976894839127618,1
u_3289,0,0,0,0,0,0,0,0,0.947,0,0,1,0,0,0,1,1,16,16,0,0.0712589073634204,0.1994169725761174,0
u_7416,2,2,3,2,0,2,2,3,0.875,0,0,0,0,0,0,5,4,18,18,0,0.0712589073634204,0.1993090045346577,1
u_5485,0,0,0,0,0,0,0,0,0.727,0,1,0,0,0,0,1,0,8,8,0,0.0681278341610883,0.1994169725761174,0
u_4366,0,0,0,0,0,0,0,0,0.727,0,1,0,0,0,0,1,0,16,16,0,0.0739581083999136,0.201576333405312,0
u_7637,0,0,0,0,0,0,0,0,0.714,0,0,0,0,0,0,1,0,3,3,1,0.0739581083999136,0.201576333405312,1
u_3977,0,0,0,0,0,0,0,0,0.72,0,1,0,0,0,0,1,0,0,0,1,0.0736342042755344,0.1976894839127618,0
u_7015,0,0,2,2,0,0,2,2,0.957,0,0,1,1,0,0,3,3,1,1,1,0.0712589073634204,0.2020082055711509,1
u_4643,0,0,0,0,0,0,0,0,0.8,0,1,0,0,0,0,1,0,13,13,0,0.0739581083999136,0.1993090045346577,0
u_4751,0,0,0,0,0,0,0,0,0.909,0,0,1,0,0,0,1,1,13,13,0,0.0723385877780177,0.201576333405312,0
u_2969,0,0,0,0,0,0,0,0,0.818,0,0,0,0,0,0,1,0,3,3,1,0.0643489527099978,0.1976894839127618,0
u_720,0,0,0,0,0,0,0,0,1.0,0,1,0,0,0,0,1,1,9,9,0,0.0739581083999136,0.2020082055711509,0
u_5587,0,0,0,0,0,0,0,0,0.727,0,1,0,0,0,0,1,0,8,8,0,0.0736342042755344,0.1976894839127618,0
u_7571,3,1,3,2,0,3,2,3,1.0,0,0,1,1,0,0,4,4,12,12,0,0.0739581083999136,0.1976894839127618,1
u_7386,1,3,3,2,2,1,2,3,1.0,1,0,1,0,0,0,6,4,11,11,0,0.0709350032390412,0.1993090045346577,1
u_2998,0,0,0,0,0,0,0,0,0.947,0,1,0,0,0,0,1,1,13,13,0,0.0681278341610883,0.201576333405312,0
u_7773,5,2,5,0,0,5,0,5,0.667,1,0,1,1,0,0,4,2,6,6,0,0.0712589073634204,0.1994169725761174,1
u_878,0,0,0,0,0,0,0,0,0.632,0,0,1,0,0,0,1,0,20,20,0,0.0750377888145109,0.1993090045346577,0
u_2236,0,0,0,0,0,0,0,0,0.875,0,1,0,0,0,0,1,1,18,18,0,0.0739581083999136,0.1993090045346577,0
u_2076,0,0,0,0,0,0,0,0,0.667,0,1,0,0,0,0,1,0,2,2,1,0.0723385877780177,0.2020082055711509,0
u_695,0,0,0,0,0,0,0,0,0.737,0,1,1,0,0,0,1,0,18,18,0,0.0755776290218095,0.1993090045346577,0
u_3839,0,0,0,0,0,0,0,0,0.9,0,1,0,0,0,0,1,1,7,7,0,0.0684517382854675,0.201576333405312,0
u_1787,0,0,0,0,0,0,0,0,1.0,0,1,0,0,0,0,1,1,22,22,0,0.0736342042755344,0.1993090045346577,0
u_6607,0,0,2,1,1,0,1,2,1.0,0,1,1,1,0,0,5,3,1,1,1,0.0681278341610883,0.1994169725761174,1
u_6507,4,0,5,0,0,4,0,5,1.0,0,0,1,0,0,0,5,3,17,17,0,0.0739581083999136,0.201576333405312,1
u_8611,0,0,0,0,0,0,0,0,0.24,1,0,1,1,0,0,1,0,0,0,1,0.071798747570719,0.1976894839127618,1
u_7196,0,0,1,0,0,0,0,1,1.0,1,0,0,0,0,0,3,2,16,16,0,0.0736342042755344,0.1976894839127618,1
u_6268,0,0,0,0,0,0,0,0,0.783,0,0,1,0,0,0,1,0,16,16,0,0.0674800259123299,0.1993090045346577,0
u_6011,0,0,0,0,0,0,0,0,0.769,0,1,0,0,0,0,1,0,6,6,0,0.0712589073634204,0.201576333405312,0
u_3931,0,0,0,0,0,0,0,0,0.696,0,1,0,0,0,0,1,0,5,5,1,0.0684517382854675,0.1994169725761174,0
u_4832,0,0,0,0,0,0,0,0,0.9,0,1,0,0,0,0,1,1,17,17,0,0.0739581083999136,0.201576333405312,0
u_5545,0,0,0,0,0,0,0,0,0.737,0,0,1,0,0,0,1,0,9,9,0,0.0750377888145109,0.201576333405312,0
u_1557,0,0,0,0,0,0,0,0,0.778,0,0,0,0,0,0,1,0,23,23,0,0.0723385877780177,0.1976894839127618,0
u_882,0,0,0,0,0,0,0,0,0.762,0,1,0,0,0,0,1,0,22,22,0,0.0643489527099978,0.1976894839127618,0
u_8168,1,0,1,0,0,1,0,1,0.857,1,0,1,0,0,0,3,3,15,15,0,0.0674800259123299,0.2020082055711509,1
u_2328,0,0,0,0,0,0,0,0,0.8,0,1,0,0,0,0,1,0,12,12,0,0.0755776290218095,0.1976894839127618,0
u_4259,0,0,0,0,0,0,0,0,0.769,0,1,0,0,0,0,1,0,12,12,0,0.0736342042755344,0.201576333405312,0
u_3851,0,0,0,0,0,0,0,0,0.824,0,0,0,0,0,0,1,0,5,5,1,0.0750377888145109,0.201576333405312,0
u_5264,0,0,0,0,0,0,0,0,0.762,0,0,0,0,0,0,1,0,13,13,0,0.0723385877780177,0.1976894839127618,0
u_7387,2,4,4,3,0,2,3,4,1.0,0,1,1,1,1,1,6,4,12,12,0,0.0736342042755344,0.1993090045346577,1
u_2568,0,0,0,0,0,0,0,0,0.783,0,1,0,0,0,0,1,0,3,3,1,0.0755776290218095,0.2020082055711509,0
u_3599,0,0,0,0,0,0,0,0,0.75,0,1,1,0,1,1,1,0,7,7,0,0.0736342042755344,0.1993090045346577,0
u_3932,0,0,0,0,0,0,0,0,0.762,0,1,1,0,0,0,1,0,18,18,0,0.0709350032390412,0.1994169725761174,0
u_2531,0,0,0,0,0,0,0,0,0.8,0,0,1,0,0,0,1,0,11,11,0,0.0709350032390412,0.201576333405312,0
u_452,0,0,0,0,0,0,0,0,0.706,0,0,1,0,0,0,1,0,12,12,0,0.0674800259123299,0.2020082055711509,0
u_339,0,0,0,0,0,0,0,0,0.75,0,1,1,0,0,0,1,0,21,21,0,0.0709350032390412,0.1976894839127618,0
u_2261,0,0,0,0,0,0,0,0,0.667,0,0,0,0,0,0,1,0,0,0,1,0.0755776290218095,0.1976894839127618,0
u_3494,0,0,0,0,0,0,0,0,0.8,0,0,0,0,0,0,1,0,16,16,0,0.0681278341610883,0.2020082055711509,0
u_6359,0,0,0,0,0,0,0,0,0.818,0,1,1,0,0,0,1,0,15,15,0,0.0709350032390412,0.201576333405312,0
u_8615,4,0,5,2,0,4,2,5,1.0,1,0,1,1,0,0,7,4,5,5,1,0.0643489527099978,0.1976894839127618,1
u_3576,0,0,0,0,0,0,0,0,0.8,0,1,1,0,0,0,1,0,15,15,0,0.0739581083999136,0.1976894839127618,0
u_4079,0,0,0,0,0,0,0,0,0.762,0,1,0,0,0,0,1,0,3,3,1,0.0723385877780177,0.1993090045346577,0
u_164,0,0,0,0,0,0,0,0,0.8,0,0,1,0,0,0,1,0,15,15,0,0.0709350032390412,0.201576333405312,0
u_1022,0,0,0,0,0,0,0,0,0.8,0,1,0,0,0,0,1,0,15,15,0,0.0736342042755344,0.2020082055711509,0
u_3150,0,0,0,0,0,0,0,0,0.706,0,1,0,0,0,0,1,0,14,14,0,0.0750377888145109,0.201576333405312,0
u_4246,0,0,0,0,0,0,0,0,0.842,0,1,0,0,0,0,1,0,11,11,0,0.0755776290218095,0.1993090045346577,0
u_517,0,0,0,0,0,0,0,0,1.0,0,1,0,0,0,0,1,1,17,17,0,0.0755776290218095,0.1976894839127618,0
u_406,0,0,0,0,0,0,0,0,0.778,0,1,1,0,0,0,1,0,21,21,0,0.0739581083999136,0.1993090045346577,0
u_7016,0,0,0,0,0,0,0,0,0.857,1,0,1,0,0,0,1,1,13,13,0,0.0739581083999136,0.201576333405312,1
u_1546,0,0,0,0,0,0,0,0,0.824,0,0,0,0,0,0,1,0,19,19,0,0.0681278341610883,0.1976894839127618,0
u_288,0,0,0,0,0,0,0,0,0.778,0,1,1,0,0,0,1,0,20,20,0,0.0736342042755344,0.201576333405312,0
u_2055,0,0,0,0,0,0,0,0,0.741,0,1,1,0,0,0,1,0,22,22,0,0.0739581083999136,0.1993090045346577,0
u_4296,0,0,0,0,0,0,0,0,0.75,0,1,0,0,0,0,1,0,7,7,0,0.0739581083999136,0.1976894839127618,0
u_6781,4,0,4,2,0,4,2,4,0.957,0,1,1,1,1,1,5,4,21,21,0,0.0736342042755344,0.1976894839127618,1
u_1788,0,0,0,0,0,0,0,0,0.7,0,0,0,0,0,0,1,0,0,0,1,0.0739581083999136,0.1994169725761174,0
u_4925,0,0,0,0,0,0,0,0,1.0,0,0,0,0,0,0,1,1,3,3,1,0.0712589073634204,0.201576333405312,0
u_1912,0,0,0,0,0,0,0,0,0.818,0,1,1,0,0,0,1,0,8,8,0,0.0736342042755344,0.2020082055711509,0
u_2222,0,0,0,0,0,0,0,0,0.783,0,1,1,0,0,0,1,0,3,3,1,0.0723385877780177,0.2020082055711509,0
u_8017,0,0,0,0,0,0,0,0,0.762,0,0,1,0,0,0,1,0,20,20,0,0.0709350032390412,0.1993090045346577,1
u_4493,0,0,0,0,0,0,0,0,0.696,0,1,1,0,0,0,1,0,7,7,0,0.0739581083999136,0.1976894839127618,0
u_4540,0,0,0,0,0,0,0,0,0.727,0,1,0,0,0,0,1,0,7,7,0,0.0723385877780177,0.1993090045346577,0
u_4062,0,0,0,0,0,0,0,0,0.75,0,1,0,0,0,0,1,0,7,7,0,0.0709350032390412,0.1976894839127618,0
u_7453,0,0,3,1,0,0,1,3,0.833,0,1,1,0,0,0,7,2,12,12,0,0.0736342042755344,0.2020082055711509,1
u_5573,0,0,0,0,0,0,0,0,0.741,0,1,0,0,1,1,1,0,1,1,1,0.0739581083999136,0.1976894839127618,0
u_3849,0,0,0,0,0,0,0,0,0.815,0,1,0,0,0,0,1,0,0,0,1,0.0709350032390412,0.201576333405312,0
u_2383,0,0,0,0,0,0,0,0,0.737,0,0,1,0,1,1,1,0,12,12,0,0.0755776290218095,0.2020082055711509,0
u_657,0,0,0,0,0,0,0,0,0.875,0,0,0,0,0,0,1,1,21,21,0,0.0643489527099978,0.201576333405312,0
u_7,0,0,0,0,0,0,0,0,0.818,0,1,1,0,0,0,1,0,17,17,0,0.0755776290218095,0.1976894839127618,0
u_4189,0,0,0,0,0,0,0,0,0.778,0,1,0,0,0,0,1,0,2,2,1,0.071798747570719,0.1993090045346577,0
u_487,0,0,0,0,0,0,0,0,0.667,0,1,0,0,0,0,1,0,8,8,0,0.0736342042755344,0.1993090045346577,0
u_936,0,0,0,0,0,0,0,0,0.9,0,0,0,0,0,0,1,1,14,14,0,0.0709350032390412,0.201576333405312,0
u_2371,0,0,0,0,0,0,0,0,0.75,0,1,0,0,0,0,1,0,8,8,0,0.0739581083999136,0.2020082055711509,0
u_4988,0,0,0,0,0,0,0,0,0.8,0,0,1,0,0,0,1,0,21,21,0,0.0723385877780177,0.2020082055711509,0
u_843,0,0,0,0,0,0,0,0,0.762,0,1,0,0,0,0,1,0,12,12,0,0.071798747570719,0.201576333405312,0
u_6041,0,0,0,0,0,0,0,0,0.8,0,0,1,0,0,0,1,0,18,18,0,0.0712589073634204,0.1976894839127618,0
u_8416,0,0,0,0,0,0,0,0,0.8,0,1,1,0,0,0,1,0,11,11,0,0.0755776290218095,0.1976894839127618,1
u_1333,0,0,0,0,0,0,0,0,1.0,0,1,1,0,1,1,1,1,6,6,0,0.0730943640682358,0.1994169725761174,0
u_1547,0,0,0,0,0,0,0,0,0.741,0,1,0,0,0,0,1,0,4,4,1,0.071798747570719,0.201576333405312,0
u_3672,0,0,0,0,0,0,0,0,0.778,0,1,0,0,0,0,1,0,10,10,0,0.0739581083999136,0.201576333405312,0
u_5206,0,0,0,0,0,0,0,0,0.636,0,0,0,0,0,0,1,0,2,2,1,0.0723385877780177,0.1976894839127618,0
u_6717,2,0,3,0,0,2,0,3,1.0,0,1,1,0,0,0,5,3,21,21,0,0.0709350032390412,0.201576333405312,1
u_8271,0,0,0,0,0,0,0,0,0.667,0,1,1,1,0,0,1,0,6,6,0,0.0681278341610883,0.1976894839127618,1
u_2928,0,0,0,0,0,0,0,0,0.762,0,0,0,0,0,0,1,0,13,13,0,0.0736342042755344,0.201576333405312,0
u_2663,0,0,0,0,0,0,0,0,1.0,0,1,1,0,0,0,1,1,20,20,0,0.0674800259123299,0.201576333405312,0
u_3547,0,0,0,0,0,0,0,0,0.783,0,1,0,0,0,0,1,0,5,5,1,0.0643489527099978,0.201576333405312,0
u_5266,0,0,0,0,0,0,0,0,0.8,0,1,0,0,0,0,1,0,15,15,0,0.0684517382854675,0.1993090045346577,0
u_7170,1,0,2,1,0,1,1,2,0.72,0,1,1,1,0,0,5,3,22,22,0,0.071798747570719,0.1993090045346577,1
u_2765,0,0,0,0,0,0,0,0,0.762,0,0,0,0,0,0,1,0,0,0,1,0.0730943640682358,0.2020082055711509,0
u_462,0,0,0,0,0,0,0,0,0.667,0,1,0,0,0,0,1,0,14,14,0,0.0643489527099978,0.1994169725761174,0
u_4927,0,0,0,0,0,0,0,0,0.667,0,1,0,0,0,0,1,0,5,5,1,0.071798747570719,0.1994169725761174,0
u_6304,0,0,0,0,0,0,0,0,0.778,0,1,1,0,0,0,1,0,21,21,0,0.0684517382854675,0.1993090045346577,0
u_4435,0,0,0,0,0,0,0,0,0.857,0,1,0,0,0,0,1,1,8,8,0,0.0674800259123299,0.201576333405312,0
u_152,0,0,0,0,0,0,0,0,0.706,0,1,0,0,0,0,1,0,1,1,1,0.0723385877780177,0.1976894839127618,0
u_2843,0,0,0,0,0,0,0,0,1.0,0,1,0,0,0,0,1,1,7,7,0,0.0730943640682358,0.2020082055711509,0
u_7253,0,0,2,0,0,0,0,2,0.8,0,0,0,0,1,1,4,1,3,3,1,0.0739581083999136,0.201576333405312,1
u_9093,2,0,2,1,0,2,1,2,0.8,1,0,1,1,0,0,4,3,19,19,0,0.0643489527099978,0.1993090045346577,1
u_8897,2,0,2,2,1,2,2,2,0.824,0,1,1,0,0,0,3,3,21,21,0,0.0723385877780177,0.2020082055711509,1
u_7706,5,0,5,3,0,5,3,5,1.0,0,1,1,0,0,0,5,4,5,5,1,0.0709350032390412,0.1976894839127618,1
u_3830,0,0,0,0,0,0,0,0,0.824,0,1,0,0,0,0,1,0,15,15,0,0.0643489527099978,0.1993090045346577,0
u_8739,1,1,1,1,0,1,1,1,1.0,0,1,1,1,0,0,3,4,0,0,1,0.0736342042755344,0.1976894839127618,1
u_2067,0,0,0,0,0,0,0,0,0.696,0,0,1,0,0,0,1,0,13,13,0,0.0681278341610883,0.1994169725761174,0
u_1823,0,0,0,0,0,0,0,0,1.0,0,1,1,0,0,0,1,1,16,16,0,0.0755776290218095,0.1994169725761174,0
u_1712,0,0,0,0,0,0,0,0,0.696,0,0,0,0,0,0,1,0,21,21,0,0.0643489527099978,0.201576333405312,0
u_2209,0,0,0,0,0,0,0,0,0.75,0,1,0,0,0,0,1,0,22,22,0,0.0739581083999136,0.2020082055711509,0
u_6684,0,0,2,1,1,0,1,2,0.957,1,0,1,0,1,1,5,3,0,0,1,0.0723385877780177,0.1976894839127618,1
u_8147,1,0,1,1,0,1,1,1,0.727,0,0,0,0,0,0,3,3,4,4,1,0.0674800259123299,0.1976894839127618,1
u_6868,0,1,2,1,0,0,1,2,1.0,1,0,1,1,0,0,5,3,15,15,0,0.0674800259123299,0.1994169725761174,1
u_1126,0,0,0,0,0,0,0,0,1.0,0,0,0,0,0,0,1,1,22,22,0,0.0681278341610883,0.1993090045346577,0
u_6873,0,1,2,0,0,0,0,2,0.889,0,1,1,1,1,1,5,2,6,6,0,0.0712589073634204,0.1976894839127618,1
u_8230,0,1,3,1,1,0,1,3,0.762,0,0,0,0,0,0,6,2,9,9,0,0.0736342042755344,0.201576333405312,1
u_806,0,0,0,0,0,0,0,0,0.714,0,1,0,0,0,0,1,0,7,7,0,0.0730943640682358,0.1976894839127618,0
u_7154,0,1,1,1,1,0,1,1,0.952,0,0,1,0,0,0,3,3,19,19,0,0.0674800259123299,0.1994169725761174,1
u_1431,0,0,0,0,0,0,0,0,0.727,0,0,0,0,0,0,1,0,10,10,0,0.0643489527099978,0.201576333405312,0
u_7242,0,0,3,2,0,0,2,3,0.966,0,0,1,0,0,0,5,3,19,19,0,0.0684517382854675,0.1994169725761174,1
u_1301,0,0,0,0,0,0,0,0,0.778,0,0,0,0,0,0,1,0,22,22,0,0.0750377888145109,0.2020082055711509,0
u_3430,0,0,0,0,0,0,0,0,0.8,0,0,1,0,0,0,1,0,1,1,1,0.0739581083999136,0.1993090045346577,0
u_3628,0,0,0,0,0,0,0,0,0.769,0,0,0,0,0,0,1,0,18,18,0,0.0730943640682358,0.2020082055711509,0
u_4741,0,0,0,0,0,0,0,0,0.889,0,1,0,0,0,0,1,1,18,18,0,0.0709350032390412,0.201576333405312,0
u_3761,0,0,0,0,0,0,0,0,0.857,0,1,0,0,0,0,1,1,2,2,1,0.0684517382854675,0.2020082055711509,0
u_208,0,0,0,0,0,0,0,0,0.696,0,1,1,0,0,0,1,0,23,23,0,0.0739581083999136,0.1993090045346577,0
u_8460,1,1,2,0,0,1,0,2,0.737,1,0,1,1,0,0,4,2,17,17,0,0.0723385877780177,0.1994169725761174,1
u_3245,0,0,0,0,0,0,0,0,0.75,0,0,1,0,0,0,1,0,19,19,0,0.0739581083999136,0.1976894839127618,0
u_5124,0,0,0,0,0,0,0,0,0.8,0,1,1,0,0,0,1,0,23,23,0,0.0739581083999136,0.1976894839127618,0
u_3006,0,0,0,0,0,0,0,0,0.818,0,0,0,0,0,0,1,0,0,0,1,0.0730943640682358,0.201576333405312,0
u_7901,1,0,1,1,0,1,1,1,0.8,1,0,1,1,0,0,3,3,7,7,0,0.0723385877780177,0.1993090045346577,1
u_2268,0,0,0,0,0,0,0,0,0.727,0,1,0,0,0,0,1,0,12,12,0,0.0739581083999136,0.201576333405312,0
u_7033,2,0,3,0,0,2,0,3,0.857,0,1,1,0,1,1,6,3,7,7,0,0.0736342042755344,0.2020082055711509,1
u_8628,0,0,0,0,0,0,0,0,0.737,0,1,1,1,0,0,1,0,6,6,0,0.0736342042755344,0.2020082055711509,1
u_7246,0,0,1,1,0,0,1,1,0.818,0,0,1,1,0,0,3,2,4,4,1,0.0709350032390412,0.201576333405312,1
u_583,0,0,0,0,0,0,0,0,0.87,0,0,0,0,0,0,1,1,18,18,0,0.0684517382854675,0.1994169725761174,0
u_9027,0,0,3,2,0,0,2,3,1.0,0,1,1,1,0,0,6,3,8,8,0,0.0755776290218095,0.1994169725761174,1
u_8382,0,0,1,0,0,0,0,1,0.818,1,0,1,0,0,0,3,1,19,19,0,0.0739581083999136,0.201576333405312,1
u_2714,0,0,0,0,0,0,0,0,0.952,0,1,0,0,0,0,1,1,7,7,0,0.0643489527099978,0.2020082055711509,0
u_2195,0,0,0,0,0,0,0,0,0.8,0,1,0,0,0,0,1,0,14,14,0,0.0739581083999136,0.201576333405312,0
u_6129,0,0,0,0,0,0,0,0,0.762,0,1,0,0,0,0,1,0,11,11,0,0.0736342042755344,0.1993090045346577,0
u_7110,0,0,0,0,0,0,0,0,0.783,0,1,1,1,0,0,1,0,23,23,0,0.0736342042755344,0.1993090045346577,1
u_534,0,0,0,0,0,0,0,0,0.783,0,1,0,0,0,0,1,0,8,8,0,0.0723385877780177,0.2020082055711509,0
u_2545,0,0,0,0,0,0,0,0,0.762,0,1,0,0,0,0,1,0,22,22,0,0.0736342042755344,0.1976894839127618,0
u_2166,0,0,0,0,0,0,0,0,0.8,0,1,1,0,0,0,1,0,6,6,0,0.0736342042755344,0.201576333405312,0
u_2420,0,0,0,0,0,0,0,0,0.759,0,0,0,0,0,0,1,0,21,21,0,0.0739581083999136,0.2020082055711509,0
u_6560,4,0,4,3,0,4,3,4,0.706,0,1,1,1,1,1,4,3,9,9,0,0.0736342042755344,0.1993090045346577,1
u_492,0,0,0,0,0,0,0,0,0.815,0,0,1,0,0,0,1,0,18,18,0,0.0739581083999136,0.1994169725761174,0
u_5138,0,0,0,0,0,0,0,0,0.696,0,1,0,0,0,0,1,0,16,16,0,0.0723385877780177,0.201576333405312,0
u_5223,0,0,0,0,0,0,0,0,0.7,0,0,0,0,0,0,1,0,14,14,0,0.0723385877780177,0.201576333405312,0
u_3787,0,0,0,0,0,0,0,0,0.8,0,1,0,0,0,0,1,0,8,8,0,0.0755776290218095,0.1976894839127618,0
u_1784,0,0,0,0,0,0,0,0,0.75,0,0,0,0,0,0,1,0,18,18,0,0.0681278341610883,0.1994169725761174,0
u_4881,0,0,0,0,0,0,0,0,0.947,0,0,0,0,0,0,1,1,9,9,0,0.071798747570719,0.1976894839127618,0
u_8749,2,0,2,0,0,2,0,2,1.0,1,0,1,1,0,0,4,3,4,4,1,0.071798747570719,0.1993090045346577,1
u_55,0,0,0,0,0,0,0,0,0.824,0,0,1,0,0,0,1,0,0,0,1,0.0712589073634204,0.2020082055711509,0
u_8021,0,0,0,0,0,0,0,0,0.952,1,0,1,1,0,0,1,1,23,23,0,0.0681278341610883,0.1976894839127618,1
u_4194,0,0,0,0,0,0,0,0,0.8,0,1,0,0,0,0,1,0,20,20,0,0.071798747570719,0.1993090045346577,0
u_6706,1,0,2,1,0,1,1,2,0.7,0,0,1,1,0,0,5,3,12,12,0,0.0739581083999136,0.201576333405312,1
u_4308,0,0,0,0,0,0,0,0,0.8,0,1,0,0,0,0,1,0,11,11,0,0.0755776290218095,0.1993090045346577,0
u_3854,0,0,0,0,0,0,0,0,1.0,0,0,0,0,0,0,1,1,19,19,0,0.0684517382854675,0.1994169725761174,0
u_6005,0,0,0,0,0,0,0,0,0.636,0,0,0,0,0,0,1,0,2,2,1,0.0755776290218095,0.201576333405312,0
u_1589,0,0,0,0,0,0,0,0,0.741,0,1,0,0,0,0,1,0,22,22,0,0.0739581083999136,0.1976894839127618,0
u_3226,0,0,0,0,0,0,0,0,0.815,0,1,0,0,0,0,1,0,23,23,0,0.0712589073634204,0.1994169725761174,0
u_3453,0,0,0,0,0,0,0,0,0.75,0,1,0,0,0,0,1,0,18,18,0,0.0684517382854675,0.1994169725761174,0
u_6585,0,0,3,0,0,0,0,3,0.842,0,1,1,0,0,0,4,1,23,23,0,0.0736342042755344,0.1994169725761174,1
u_2920,0,0,0,0,0,0,0,0,0.8,0,1,0,0,0,0,1,0,14,14,0,0.0736342042755344,0.201576333405312,0
u_6578,3,1,3,0,0,3,0,3,1.0,0,1,0,0,1,1,4,3,11,11,0,0.0709350032390412,0.1976894839127618,1
u_6438,0,0,0,0,0,0,0,0,0.815,0,0,1,0,0,0,1,0,6,6,0,0.0723385877780177,0.2020082055711509,0
u_6736,1,0,2,2,1,1,2,2,0.857,1,0,0,0,0,0,4,4,14,14,0,0.071798747570719,0.1976894839127618,1
u_5288,0,0,0,0,0,0,0,0,0.783,0,1,0,0,0,0,1,0,5,5,1,0.0739581083999136,0.1994169725761174,0
u_5957,0,0,0,0,0,0,0,0,0.696,0,1,1,0,0,0,1,0,6,6,0,0.0674800259123299,0.201576333405312,0
u_2438,0,0,0,0,0,0,0,0,0.741,0,1,0,0,0,0,1,0,20,20,0,0.0730943640682358,0.201576333405312,0
u_5838,0,0,0,0,0,0,0,0,0.7,0,1,0,0,0,0,1,0,18,18,0,0.0730943640682358,0.1976894839127618,0
u_3504,0,0,0,0,0,0,0,0,1.0,0,1,1,0,0,0,1,1,3,3,1,0.0730943640682358,0.1994169725761174,0
u_3367,0,0,0,0,0,0,0,0,0.778,0,0,0,0,0,0,1,0,17,17,0,0.0739581083999136,0.1976894839127618,0
u_2495,0,0,0,0,0,0,0,0,0.72,0,1,1,0,0,0,1,0,5,5,1,0.0736342042755344,0.1976894839127618,0
u_6798,0,0,0,0,0,0,0,0,0.667,1,0,1,1,0,0,1,0,9,9,0,0.0712589073634204,0.1993090045346577,1
u_512,0,0,0,0,0,0,0,0,0.8,0,0,1,0,0,0,1,0,2,2,1,0.0643489527099978,0.2020082055711509,0
u_3691,0,0,0,0,0,0,0,0,0.727,0,1,1,0,0,0,1,0,0,0,1,0.0681278341610883,0.1976894839127618,0
u_1473,0,0,0,0,0,0,0,0,0.769,0,1,1,0,0,0,1,0,20,20,0,0.0739581083999136,0.1994169725761174,0
u_3729,0,0,0,0,0,0,0,0,0.815,0,0,0,0,0,0,1,0,7,7,0,0.0739581083999136,0.1994169725761174,0
u_8388,0,1,2,1,0,0,1,2,0.889,1,0,1,1,0,0,5,3,9,9,0,0.0681278341610883,0.1994169725761174,1
u_6152,0,0,0,0,0,0,0,0,0.75,0,1,0,0,0,0,1,0,12,12,0,0.0736342042755344,0.1994169725761174,0
u_757,0,0,0,0,0,0,0,0,0.727,0,1,0,0,0,0,1,0,20,20,0,0.0709350032390412,0.201576333405312,0
u_9256,0,0,0,0,0,0,0,0,0.88,0,1,1,1,0,0,1,1,0,0,1,0.0643489527099978,0.1976894839127618,1
u_12,0,0,0,0,0,0,0,0,0.667,0,0,1,0,0,0,1,0,7,7,0,0.0755776290218095,0.1993090045346577,0
u_3572,0,0,0,0,0,0,0,0,0.762,0,0,0,0,1,1,1,0,2,2,1,0.0739581083999136,0.2020082055711509,0
u_7788,1,0,2,2,1,1,2,2,0.957,1,0,0,0,0,0,4,4,7,7,0,0.0723385877780177,0.2020082055711509,1
u_7699,2,0,3,1,0,2,1,3,0.737,1,0,0,0,0,0,6,3,8,8,0,0.0730943640682358,0.1994169725761174,1
u_4916,0,0,0,0,0,0,0,0,0.87,0,0,1,0,0,0,1,1,10,10,0,0.0723385877780177,0.201576333405312,0
u_7080,1,0,1,0,0,1,0,1,1.0,0,0,1,1,0,0,3,3,20,20,0,0.0674800259123299,0.1994169725761174,1
u_7101,0,0,0,0,0,0,0,0,0.8,1,0,1,1,0,0,1,0,9,9,0,0.0739581083999136,0.1993090045346577,1
u_4185,0,0,0,0,0,0,0,0,0.737,0,1,1,0,0,0,1,0,16,16,0,0.0643489527099978,0.201576333405312,0
u_8590,1,0,1,1,1,1,1,1,0.842,0,0,1,1,0,0,3,3,17,17,0,0.0750377888145109,0.2020082055711509,1
u_4064,0,0,0,0,0,0,0,0,1.0,0,0,0,0,0,0,1,1,18,18,0,0.0750377888145109,0.1993090045346577,0
u_3908,0,0,0,0,0,0,0,0,0.8,0,1,0,0,0,0,1,0,3,3,1,0.071798747570719,0.2020082055711509,0
u_8192,0,0,0,0,0,0,0,0,0.815,0,0,0,0,0,0,1,0,10,10,0,0.0643489527099978,0.1994169725761174,1
u_6548,0,1,2,1,0,0,1,2,1.0,1,0,0,0,0,0,5,3,1,1,1,0.0712589073634204,0.1976894839127618,1
u_9043,2,0,4,0,0,2,0,4,1.0,1,0,1,1,0,0,7,3,19,19,0,0.0755776290218095,0.201576333405312,1
u_5325,0,0,0,0,0,0,0,0,0.737,0,0,1,0,0,0,1,0,6,6,0,0.0755776290218095,0.1993090045346577,0
u_5882,0,0,0,0,0,0,0,0,0.769,0,1,0,0,0,0,1,0,2,2,1,0.0643489527099978,0.1993090045346577,0
u_4574,0,0,0,0,0,0,0,0,0.7,0,0,0,0,1,1,1,0,1,1,1,0.0684517382854675,0.201576333405312,0
u_8613,3,2,3,0,0,3,0,3,1.0,1,0,0,0,0,0,4,3,1,1,1,0.0643489527099978,0.1976894839127618,1
u_4677,0,0,0,0,0,0,0,0,0.889,0,1,0,0,0,0,1,1,0,0,1,0.0723385877780177,0.1993090045346577,0
u_6874,0,0,1,0,0,0,0,1,0.8,0,1,1,0,0,0,3,1,6,6,0,0.0709350032390412,0.1976894839127618,1
u_407,0,0,0,0,0,0,0,0,1.0,0,0,0,0,0,0,1,1,19,19,0,0.0681278341610883,0.2020082055711509,0
u_1618,0,0,0,0,0,0,0,0,0.696,0,1,0,0,0,0,1,0,21,21,0,0.0709350032390412,0.201576333405312,0
u_7245,0,0,0,0,0,0,0,0,0.818,1,0,0,0,0,0,1,0,3,3,1,0.0709350032390412,0.201576333405312,1
u_4810,0,0,0,0,0,0,0,0,1.0,0,1,0,0,0,0,1,1,11,11,0,0.0739581083999136,0.2020082055711509,0
u_7525,1,0,4,3,0,1,3,4,1.0,0,1,1,1,0,0,7,4,9,9,0,0.0643489527099978,0.1993090045346577,1
u_3254,0,0,0,0,0,0,0,0,0.8,0,1,1,0,0,0,1,0,8,8,0,0.0739581083999136,0.1994169725761174,0
u_7885,2,1,2,0,0,2,0,2,0.842,1,0,0,0,0,0,3,2,19,19,0,0.071798747570719,0.2020082055711509,1
u_2536,0,0,0,0,0,0,0,0,0.842,0,0,1,0,0,0,1,0,2,2,1,0.0674800259123299,0.1993090045346577,0
u_696,0,0,0,0,0,0,0,0,0.741,0,1,0,0,0,0,1,0,0,0,1,0.0730943640682358,0.201576333405312,0
u_2273,0,0,0,0,0,0,0,0,0.696,0,1,0,0,0,0,1,0,22,22,0,0.0643489527099978,0.1976894839127618,0
u_4620,0,0,0,0,0,0,0,0,0.519,0,0,0,0,0,0,1,0,17,17,0,0.0750377888145109,0.201576333405312,0
u_4104,0,0,0,0,0,0,0,0,0.727,0,0,1,0,0,0,1,0,22,22,0,0.0723385877780177,0.1993090045346577,0
u_159,0,0,0,0,0,0,0,0,0.769,0,0,0,0,0,0,1,0,1,1,1,0.0755776290218095,0.201576333405312,0
u_6878,0,1,3,3,0,0,3,3,1.0,0,1,1,1,0,0,4,3,4,4,1,0.0739581083999136,0.201576333405312,1
u_6273,0,0,0,0,0,0,0,0,0.667,0,1,0,0,0,0,1,0,6,6,0,0.0684517382854675,0.1993090045346577,0
u_3789,0,0,0,0,0,0,0,0,1.0,0,0,0,0,0,0,1,1,21,21,0,0.0755776290218095,0.2020082055711509,0
u_2956,0,0,0,0,0,0,0,0,0.8,0,0,1,0,0,0,1,0,1,1,1,0.0643489527099978,0.2020082055711509,0
u_7216,0,0,0,0,0,0,0,0,0.783,1,0,1,1,0,0,1,0,1,1,1,0.0674800259123299,0.1993090045346577,1
u_5937,0,0,0,0,0,0,0,0,0.778,0,0,1,0,0,0,1,0,14,14,0,0.0755776290218095,0.1993090045346577,0
u_2867,0,0,0,0,0,0,0,0,0.778,0,0,1,0,0,0,1,0,19,19,0,0.0736342042755344,0.1993090045346577,0
u_238,0,0,0,0,0,0,0,0,0.786,0,0,0,0,0,0,1,0,1,1,1,0.071798747570719,0.201576333405312,0
u_7251,2,0,2,0,0,2,0,2,1.0,1,0,1,1,0,0,4,3,6,6,0,0.071798747570719,0.2020082055711509,1
u_5695,0,0,0,0,0,0,0,0,0.7,0,1,0,0,0,0,1,0,21,21,0,0.0750377888145109,0.1994169725761174,0
u_3107,0,0,0,0,0,0,0,0,0.7,0,1,1,0,0,0,1,0,18,18,0,0.0730943640682358,0.201576333405312,0
u_6948,0,1,2,1,0,0,1,2,1.0,1,0,1,0,0,0,4,3,18,18,0,0.0709350032390412,0.201576333405312,1
u_7143,0,0,1,1,0,0,1,1,0.762,0,1,1,1,0,0,3,2,11,11,0,0.0643489527099978,0.1993090045346577,1
u_8320,0,0,4,2,0,0,2,4,0.857,1,0,1,1,0,0,6,3,3,3,1,0.0739581083999136,0.1993090045346577,1
u_1775,0,0,0,0,0,0,0,0,0.706,0,1,0,0,0,0,1,0,4,4,1,0.0709350032390412,0.1976894839127618,0
u_5787,0,0,0,0,0,0,0,0,0.778,0,1,0,0,0,0,1,0,17,17,0,0.0723385877780177,0.2020082055711509,0
u_2521,0,0,0,0,0,0,0,0,0.706,0,1,0,0,0,0,1,0,23,23,0,0.0643489527099978,0.201576333405312,0
u_4146,0,0,0,0,0,0,0,0,0.783,0,1,0,0,0,0,1,0,4,4,1,0.0723385877780177,0.1976894839127618,0
u_3219,0,0,0,0,0,0,0,0,0.8,0,1,1,0,0,0,1,0,1,1,1,0.0739581083999136,0.2020082055711509,0
u_3198,0,0,0,0,0,0,0,0,0.727,0,0,0,0,0,0,1,0,13,13,0,0.0736342042755344,0.1994169725761174,0
u_5512,0,0,0,0,0,0,0,0,1.0,0,1,0,0,0,0,1,1,13,13,0,0.0723385877780177,0.1993090045346577,0
u_5567,0,0,0,0,0,0,0,0,1.0,0,1,0,0,0,0,1,1,6,6,0,0.0723385877780177,0.1976894839127618,0
u_40,0,0,0,0,0,0,0,0,0.778,0,1,1,0,0,0,1,0,3,3,1,0.071798747570719,0.1993090045346577,0
u_8284,0,0,1,0,0,0,0,1,0.889,0,1,1,1,0,0,3,2,11,11,0,0.0739581083999136,0.1994169725761174,1
u_9260,0,0,1,0,0,0,0,1,0.783,1,0,1,1,0,0,3,1,8,8,0,0.0709350032390412,0.201576333405312,1
u_819,0,0,0,0,0,0,0,0,0.75,0,0,0,0,0,0,1,0,3,3,1,0.0723385877780177,0.2020082055711509,0
u_7513,0,1,3,0,0,0,0,3,0.957,0,1,1,0,0,0,6,2,14,14,0,0.0643489527099978,0.1993090045346577,1
u_3680,0,0,0,0,0,0,0,0,0.87,0,1,0,0,0,0,1,1,1,1,1,0.071798747570719,0.1976894839127618,0
u_2907,0,0,0,0,0,0,0,0,0.769,0,1,0,0,0,0,1,0,19,19,0,0.0643489527099978,0.2020082055711509,0
u_461,0,0,0,0,0,0,0,0,0.87,0,1,1,0,0,0,1,1,17,17,0,0.0684517382854675,0.1993090045346577,0
u_6250,0,0,0,0,0,0,0,0,0.737,0,1,0,0,0,0,1,0,17,17,0,0.0681278341610883,0.1993090045346577,0
u_1959,0,0,0,0,0,0,0,0,0.909,0,1,1,0,0,0,1,1,12,12,0,0.0739581083999136,0.201576333405312,0
u_2763,0,0,0,0,0,0,0,0,0.72,0,1,0,0,0,0,1,0,20,20,0,0.0739581083999136,0.201576333405312,0
u_2832,0,0,0,0,0,0,0,0,0.857,0,1,0,0,0,0,1,1,4,4,1,0.071798747570719,0.1994169725761174,0
u_4747,0,0,0,0,0,0,0,0,1.0,0,0,0,0,0,0,1,1,11,11,0,0.0739581083999136,0.201576333405312,0
u_4863,0,0,0,0,0,0,0,0,0.833,0,0,1,0,0,0,1,0,14,14,0,0.0712589073634204,0.201576333405312,0
u_6909,2,1,2,1,1,2,1,2,1.0,0,0,1,1,0,0,4,4,2,2,1,0.0723385877780177,0.1993090045346577,1
u_7953,0,0,0,0,0,0,0,0,0.632,0,1,1,1,0,0,1,0,3,3,1,0.0723385877780177,0.1993090045346577,1
u_6239,0,0,0,0,0,0,0,0,0.75,0,1,1,0,1,1,1,0,0,0,1,0.0739581083999136,0.1993090045346577,0
u_9010,0,2,2,2,0,0,2,2,0.737,0,1,1,0,0,0,4,2,10,10,0,0.0736342042755344,0.1994169725761174,1
u_4081,0,0,0,0,0,0,0,0,0.75,0,0,0,0,0,0,1,0,0,0,1,0.0684517382854675,0.1994169725761174,0
u_1106,0,0,0,0,0,0,0,0,0.8,0,1,0,0,0,0,1,0,8,8,0,0.0739581083999136,0.201576333405312,0
u_3269,0,0,0,0,0,0,0,0,1.0,0,1,0,0,0,0,1,1,22,22,0,0.0709350032390412,0.1993090045346577,0
u_3536,0,0,0,0,0,0,0,0,0.818,0,0,0,0,0,0,1,0,22,22,0,0.0730943640682358,0.201576333405312,0
u_8153,0,0,1,1,0,0,1,1,1.0,0,1,1,1,0,0,3,3,15,15,0,0.0723385877780177,0.2020082055711509,1
u_8435,5,0,5,4,0,5,4,5,1.0,0,1,1,0,0,0,4,4,23,23,0,0.0712589073634204,0.1976894839127618,1
u_2154,0,0,0,0,0,0,0,0,0.783,0,0,0,0,0,0,1,0,16,16,0,0.071798747570719,0.1993090045346577,0
u_8213,0,0,4,2,0,0,2,4,1.0,0,1,1,1,0,0,7,3,3,3,1,0.0755776290218095,0.2020082055711509,1
u_1074,0,0,0,0,0,0,0,0,0.783,0,0,0,0,0,0,1,0,23,23,0,0.0730943640682358,0.1994169725761174,0
u_3332,0,0,0,0,0,0,0,0,0.846,0,1,0,0,0,0,1,0,19,19,0,0.0739581083999136,0.1994169725761174,0
u_18,0,0,0,0,0,0,0,0,0.741,0,1,0,0,0,0,1,0,2,2,1,0.0684517382854675,0.1993090045346577,0
u_7240,0,0,0,0,0,0,0,0,0.692,0,1,1,1,0,0,1,0,16,16,0,0.0684517382854675,0.201576333405312,1
u_5035,0,0,0,0,0,0,0,0,0.75,0,1,0,0,0,0,1,0,13,13,0,0.0755776290218095,0.201576333405312,0
u_3709,0,0,0,0,0,0,0,0,0.762,0,1,0,0,0,0,1,0,13,13,0,0.0736342042755344,0.2020082055711509,0
u_7814,1,0,1,1,1,1,1,1,0.762,1,0,0,0,0,0,3,3,1,1,1,0.0739581083999136,0.201576333405312,1
u_8366,0,0,0,0,0,0,0,0,0.667,0,1,1,0,0,0,1,0,6,6,0,0.0681278341610883,0.1976894839127618,1
u_8761,1,1,1,0,0,1,0,1,0.824,1,0,1,0,0,0,3,2,22,22,0,0.0730943640682358,0.201576333405312,1
u_5646,0,0,0,0,0,0,0,0,0.75,0,0,0,0,0,0,1,0,16,16,0,0.0755776290218095,0.1976894839127618,0
u_6394,0,0,0,0,0,0,0,0,0.75,0,1,0,0,0,0,1,0,5,5,1,0.071798747570719,0.2020082055711509,0
u_3608,0,0,0,0,0,0,0,0,1.0,0,1,0,0,0,0,1,1,23,23,0,0.0730943640682358,0.1994169725761174,0
u_5195,0,0,0,0,0,0,0,0,0.727,0,1,0,0,0,0,1,0,10,10,0,0.0750377888145109,0.1993090045346577,0
u_5347,0,0,0,0,0,0,0,0,0.833,0,0,0,0,0,0,1,0,13,13,0,0.0730943640682358,0.1993090045346577,0
u_1650,0,0,0,0,0,0,0,0,0.8,0,1,0,0,0,0,1,0,12,12,0,0.0684517382854675,0.1994169725761174,0
u_1636,0,0,0,0,0,0,0,0,0.778,0,0,0,0,0,0,1,0,21,21,0,0.0709350032390412,0.201576333405312,0
u_3134,0,0,0,0,0,0,0,0,0.818,0,1,0,0,0,0,1,0,1,1,1,0.0730943640682358,0.1993090045346577,0
u_1836,0,0,0,0,0,0,0,0,0.667,0,1,1,0,0,0,1,0,19,19,0,0.0684517382854675,0.1976894839127618,0
u_7785,2,0,3,3,0,2,3,3,0.957,1,0,1,1,0,0,4,4,18,18,0,0.0750377888145109,0.1993090045346577,1
u_6949,0,0,0,0,0,0,0,0,0.889,0,1,1,1,0,0,1,1,22,22,0,0.0709350032390412,0.1976894839127618,1
u_4542,0,0,0,0,0,0,0,0,0.8,0,1,1,0,0,0,1,0,8,8,0,0.0709350032390412,0.2020082055711509,0
u_6728,3,0,3,2,0,3,2,3,1.0,0,1,1,0,0,0,4,4,10,10,0,0.0750377888145109,0.1994169725761174,1
u_5710,0,0,0,0,0,0,0,0,0.833,0,1,0,0,0,0,1,0,22,22,0,0.0674800259123299,0.1993090045346577,0
u_2735,0,0,0,0,0,0,0,0,1.0,0,0,0,0,0,0,1,1,15,15,0,0.0730943640682358,0.201576333405312,0
u_2305,0,0,0,0,0,0,0,0,1.0,0,1,1,0,0,0,1,1,5,5,1,0.0736342042755344,0.201576333405312,0
u_1937,0,0,0,0,0,0,0,0,0.833,0,1,0,0,1,1,1,0,1,1,1,0.0674800259123299,0.2020082055711509,0
u_3644,0,0,0,0,0,0,0,0,1.0,0,1,0,0,0,0,1,1,13,13,0,0.0750377888145109,0.1976894839127618,0
u_7230,3,0,3,2,0,3,2,3,1.0,1,0,0,0,0,0,4,4,5,5,1,0.0739581083999136,0.1976894839127618,1
u_2609,0,0,0,0,0,0,0,0,0.75,0,1,0,0,0,0,1,0,15,15,0,0.0755776290218095,0.1976894839127618,0
u_518,0,0,0,0,0,0,0,0,0.741,0,0,0,0,0,0,1,0,9,9,0,0.0736342042755344,0.1976894839127618,0
u_8730,1,0,1,1,0,1,1,1,1.0,0,0,1,1,0,0,3,4,14,14,0,0.071798747570719,0.201576333405312,1
u_6419,0,0,0,0,0,0,0,0,0.727,0,1,1,0,0,0,1,0,5,5,1,0.0712589073634204,0.1993090045346577,0
u_2373,0,0,0,0,0,0,0,0,0.9,0,1,0,0,0,0,1,1,7,7,0,0.0755776290218095,0.201576333405312,0
u_3987,0,0,0,0,0,0,0,0,0.8,0,1,0,0,0,0,1,0,23,23,0,0.0681278341610883,0.1994169725761174,0
u_5798,0,0,0,0,0,0,0,0,0.778,0,0,0,0,0,0,1,0,6,6,0,0.0709350032390412,0.1993090045346577,0
u_5690,0,0,0,0,0,0,0,0,0.941,0,1,1,0,0,0,1,1,9,9,0,0.0723385877780177,0.201576333405312,0
u_8519,0,0,0,0,0,0,0,0,0.941,0,1,0,0,0,0,1,1,7,7,0,0.0681278341610883,0.1993090045346577,1
u_5431,0,0,0,0,0,0,0,0,0.9,0,1,0,0,0,0,1,1,11,11,0,0.0750377888145109,0.201576333405312,0
u_7817,3,0,4,2,0,3,2,4,0.727,0,1,1,0,0,0,6,3,5,5,1,0.0739581083999136,0.201576333405312,1
u_4106,0,0,0,0,0,0,0,0,0.778,0,1,1,0,0,0,1,0,19,19,0,0.0730943640682358,0.201576333405312,0
u_3522,0,0,0,0,0,0,0,0,0.706,0,1,1,0,0,0,1,0,23,23,0,0.0684517382854675,0.1976894839127618,0
u_204,0,0,0,0,0,0,0,0,0.762,0,1,0,0,0,0,1,0,17,17,0,0.0730943640682358,0.1994169725761174,0
u_5361,0,0,0,0,0,0,0,0,0.818,0,1,0,0,0,0,1,0,0,0,1,0.0723385877780177,0.1976894839127618,0
u_130,0,0,0,0,0,0,0,0,0.762,0,1,0,0,0,0,1,0,11,11,0,0.0750377888145109,0.1993090045346577,0
u_2384,0,0,0,0,0,0,0,0,0.75,0,1,0,0,0,0,1,0,8,8,0,0.0736342042755344,0.2020082055711509,0
u_1658,0,0,0,0,0,0,0,0,0.8,0,1,0,0,0,0,1,0,7,7,0,0.0643489527099978,0.1993090045346577,0
u_5088,0,0,0,0,0,0,0,0,0.818,0,0,0,0,0,0,1,0,9,9,0,0.0681278341610883,0.2020082055711509,0
u_888,0,0,0,0,0,0,0,0,0.706,0,1,0,0,0,0,1,0,19,19,0,0.0712589073634204,0.1993090045346577,0
u_5677,0,0,0,0,0,0,0,0,0.72,0,1,0,0,0,0,1,0,3,3,1,0.0723385877780177,0.1993090045346577,0
u_2390,0,0,0,0,0,0,0,0,0.87,0,1,1,0,0,0,1,1,10,10,0,0.0674800259123299,0.201576333405312,0
u_4625,0,0,0,0,0,0,0,0,0.727,0,0,0,0,0,0,1,0,13,13,0,0.0684517382854675,0.1976894839127618,0
u_6645,1,2,3,0,0,1,0,3,1.0,0,1,0,0,0,0,7,3,6,6,0,0.0739581083999136,0.2020082055711509,1
u_1295,0,0,0,0,0,0,0,0,0.75,0,1,1,0,0,0,1,0,23,23,0,0.0643489527099978,0.2020082055711509,0
u_6019,0,0,0,0,0,0,0,0,0.8,0,0,0,0,0,0,1,0,22,22,0,0.0709350032390412,0.1994169725761174,0
u_3864,0,0,0,0,0,0,0,0,0.8,0,0,0,0,0,0,1,0,9,9,0,0.0674800259123299,0.201576333405312,0
u_5626,0,0,0,0,0,0,0,0,0.75,0,1,0,0,0,0,1,0,19,19,0,0.0723385877780177,0.1976894839127618,0
u_6258,0,0,0,0,0,0,0,0,1.0,0,0,0,0,0,0,1,1,1,1,1,0.0712589073634204,0.2020082055711509,0
u_333,0,0,0,0,0,0,0,0,0.737,0,0,0,0,0,0,1,0,7,7,0,0.0736342042755344,0.201576333405312,0
u_4200,0,0,0,0,0,0,0,0,0.72,0,0,0,0,0,0,1,0,5,5,1,0.0736342042755344,0.1993090045346577,0
u_2821,0,0,0,0,0,0,0,0,0.75,0,0,0,0,0,0,1,0,18,18,0,0.0736342042755344,0.1976894839127618,0
u_103,0,0,0,0,0,0,0,0,0.727,0,0,1,0,0,0,1,0,2,2,1,0.0643489527099978,0.1976894839127618,0
u_602,0,0,0,0,0,0,0,0,0.815,0,1,0,0,1,1,1,0,19,19,0,0.071798747570719,0.2020082055711509,0
u_5295,0,0,0,0,0,0,0,0,0.7,0,0,1,0,0,0,1,0,14,14,0,0.0755776290218095,0.2020082055711509,0
u_2170,0,0,0,0,0,0,0,0,0.815,0,1,0,0,0,0,1,0,3,3,1,0.0730943640682358,0.1993090045346577,0
u_2878,0,0,0,0,0,0,0,0,0.786,0,1,0,0,0,0,1,0,20,20,0,0.0736342042755344,0.2020082055711509,0
u_533,0,0,0,0,0,0,0,0,0.737,0,1,1,0,0,0,1,0,18,18,0,0.0684517382854675,0.1993090045346577,0
u_8498,0,0,2,1,1,0,1,2,0.8,0,1,1,0,0,0,5,2,2,2,1,0.0709350032390412,0.2020082055711509,1
u_3711,0,0,0,0,0,0,0,0,0.846,0,1,0,0,0,0,1,0,9,9,0,0.0723385877780177,0.1994169725761174,0
u_9159,0,0,2,0,0,0,0,2,0.933,1,0,1,1,0,0,4,2,17,17,0,0.0712589073634204,0.201576333405312,1
u_736,0,0,0,0,0,0,0,0,0.727,0,0,0,0,0,0,1,0,3,3,1,0.0684517382854675,0.2020082055711509,0
u_2083,0,0,0,0,0,0,0,0,0.857,0,1,1,0,1,1,1,1,10,10,0,0.0739581083999136,0.201576333405312,0
u_1782,0,0,0,0,0,0,0,0,0.727,0,1,0,0,0,0,1,0,12,12,0,0.0684517382854675,0.201576333405312,0
u_8117,0,0,2,0,0,0,0,2,1.0,0,1,1,1,0,0,5,2,17,17,0,0.0723385877780177,0.2020082055711509,1
u_1310,0,0,0,0,0,0,0,0,0.769,0,1,0,0,0,0,1,0,13,13,0,0.0739581083999136,0.1976894839127618,0
u_2623,0,0,0,0,0,0,0,0,0.824,0,1,0,0,0,0,1,0,3,3,1,0.0730943640682358,0.2020082055711509,0
u_7674,0,0,2,0,0,0,0,2,0.727,1,0,1,1,0,0,5,1,3,3,1,0.0709350032390412,0.1994169725761174,1
u_2374,0,0,0,0,0,0,0,0,0.8,0,1,0,0,1,1,1,0,1,1,1,0.0684517382854675,0.2020082055711509,0
u_2513,0,0,0,0,0,0,0,0,0.8,0,0,1,0,0,0,1,0,5,5,1,0.0730943640682358,0.201576333405312,0
u_6761,0,0,2,0,0,0,0,2,1.0,1,0,1,0,0,0,4,2,3,3,1,0.0739581083999136,0.1993090045346577,1
u_5765,0,0,0,0,0,0,0,0,0.8,0,1,0,0,0,0,1,0,20,20,0,0.0643489527099978,0.1994169725761174,0
u_2935,0,0,0,0,0,0,0,0,0.706,0,1,0,0,0,0,1,0,6,6,0,0.0674800259123299,0.201576333405312,0
u_6256,0,0,0,0,0,0,0,0,0.762,0,0,0,0,0,0,1,0,22,22,0,0.071798747570719,0.1993090045346577,0
u_2063,0,0,0,0,0,0,0,0,0.818,0,0,0,0,0,0,1,0,21,21,0,0.0739581083999136,0.1976894839127618,0
u_8336,1,0,1,0,0,1,0,1,1.0,0,0,1,0,0,0,3,3,9,9,0,0.0709350032390412,0.201576333405312,1
u_7204,0,4,4,0,0,0,0,4,0.769,1,0,1,1,0,0,6,1,14,14,0,0.0709350032390412,0.1976894839127618,1
u_8484,0,0,2,1,0,0,1,2,0.96,1,0,1,0,0,0,4,3,13,13,0,0.0739581083999136,0.1976894839127618,1
u_4492,0,0,0,0,0,0,0,0,0.842,0,1,0,0,0,0,1,0,13,13,0,0.0681278341610883,0.1976894839127618,0
u_679,0,0,0,0,0,0,0,0,1.0,0,1,0,0,0,0,1,1,15,15,0,0.0750377888145109,0.201576333405312,0
u_4651,0,0,0,0,0,0,0,0,0.818,0,1,0,0,0,0,1,0,7,7,0,0.0730943640682358,0.1993090045346577,0
u_9195,0,0,1,1,1,0,1,1,0.762,1,0,1,1,0,0,3,2,2,2,1,0.0712589073634204,0.201576333405312,1
u_7603,1,0,1,0,0,1,0,1,0.842,0,0,1,0,0,0,3,2,16,16,0,0.0736342042755344,0.1976894839127618,1
u_7516,1,0,1,0,0,1,0,1,1.0,1,0,0,0,0,0,3,3,22,22,0,0.0750377888145109,0.1976894839127618,1
u_2028,0,0,0,0,0,0,0,0,0.737,0,0,0,0,0,0,1,0,21,21,0,0.0674800259123299,0.1993090045346577,0
u_3891,0,0,0,0,0,0,0,0,0.824,0,0,0,0,0,0,1,0,21,21,0,0.0755776290218095,0.1994169725761174,0
u_6971,1,0,1,1,1,1,1,1,0.947,0,1,0,0,0,0,3,4,5,5,1,0.0709350032390412,0.1994169725761174,1
u_8979,0,1,1,0,0,0,0,1,0.727,1,0,1,1,0,0,3,1,2,2,1,0.0712589073634204,0.201576333405312,1
u_1161,0,0,0,0,0,0,0,0,0.783,0,0,0,0,0,0,1,0,9,9,0,0.0739581083999136,0.201576333405312,0
u_599,0,0,0,0,0,0,0,0,0.8,0,1,0,0,0,0,1,0,17,17,0,0.0684517382854675,0.1993090045346577,0
u_2358,0,0,0,0,0,0,0,0,0.727,0,0,0,0,0,0,1,0,6,6,0,0.071798747570719,0.1993090045346577,0
u_7687,0,0,0,0,0,0,0,0,0.8,1,0,0,0,0,0,1,0,23,23,0,0.0643489527099978,0.1976894839127618,1
u_7003,1,1,1,0,0,1,0,1,0.933,0,0,1,1,0,0,3,3,21,21,0,0.0674800259123299,0.1993090045346577,1
u_564,0,0,0,0,0,0,0,0,0.778,0,1,0,0,0,0,1,0,18,18,0,0.0684517382854675,0.1976894839127618,0
u_1570,0,0,0,0,0,0,0,0,0.824,0,0,0,0,0,0,1,0,8,8,0,0.0739581083999136,0.201576333405312,0
u_9124,3,0,5,3,0,3,3,5,1.0,0,0,0,0,0,0,7,4,9,9,0,0.0643489527099978,0.2020082055711509,1
u_5262,0,0,0,0,0,0,0,0,0.923,0,1,0,0,0,0,1,1,15,15,0,0.0736342042755344,0.1993090045346577,0
u_586,0,0,0,0,0,0,0,0,0.737,0,1,0,0,0,0,1,0,5,5,1,0.0709350032390412,0.1976894839127618,0
u_6521,1,0,1,1,0,1,1,1,1.0,0,1,1,0,0,0,3,4,22,22,0,0.0739581083999136,0.201576333405312,1
u_7998,0,0,0,0,0,0,0,0,0.7,0,1,0,0,0,0,1,0,19,19,0,0.0750377888145109,0.1994169725761174,1
u_2183,0,0,0,0,0,0,0,0,0.917,0,1,1,0,0,0,1,1,16,16,0,0.0643489527099978,0.201576333405312,0
u_8536,0,1,2,1,1,0,1,2,1.0,1,0,1,0,0,0,4,3,14,14,0,0.0739581083999136,0.2020082055711509,1
u_873,0,0,0,0,0,0,0,0,0.778,0,1,0,0,0,0,1,0,11,11,0,0.0712589073634204,0.1976894839127618,0
u_3099,0,0,0,0,0,0,0,0,0.818,0,1,1,0,0,0,1,0,1,1,1,0.0674800259123299,0.1993090045346577,0
u_665,0,0,0,0,0,0,0,0,0.762,0,0,1,0,0,0,1,0,9,9,0,0.0736342042755344,0.1976894839127618,0
u_1935,0,0,0,0,0,0,0,0,0.762,0,1,0,0,0,0,1,0,10,10,0,0.0709350032390412,0.1994169725761174,0
u_8751,0,0,1,0,0,0,0,1,0.857,0,0,1,1,0,0,3,2,2,2,1,0.0730943640682358,0.2020082055711509,1
u_9149,2,0,2,2,1,2,2,2,0.783,1,0,1,0,0,0,3,3,0,0,1,0.0730943640682358,0.201576333405312,1
u_5693,0,0,0,0,0,0,0,0,0.762,0,1,0,0,0,0,1,0,4,4,1,0.071798747570719,0.2020082055711509,0
u_841,0,0,0,0,0,0,0,0,0.875,0,0,0,0,0,0,1,1,20,20,0,0.0730943640682358,0.1993090045346577,0
u_5904,0,0,0,0,0,0,0,0,0.72,0,1,1,0,0,0,1,0,18,18,0,0.0739581083999136,0.1994169725761174,0
u_6297,0,0,0,0,0,0,0,0,0.783,0,1,0,0,0,0,1,0,14,14,0,0.0643489527099978,0.1994169725761174,0
u_6281,0,0,0,0,0,0,0,0,0.727,0,0,0,0,0,0,1,0,5,5,1,0.0712589073634204,0.1993090045346577,0
u_8770,2,1,2,1,0,2,1,2,1.0,0,1,0,0,1,1,4,4,1,1,1,0.0712589073634204,0.1993090045346577,1
u_1048,0,0,0,0,0,0,0,0,0.842,0,0,1,0,0,0,1,0,22,22,0,0.0723385877780177,0.201576333405312,0
u_5547,0,0,0,0,0,0,0,0,0.737,0,0,1,0,0,0,1,0,9,9,0,0.0643489527099978,0.1993090045346577,0
u_3815,0,0,0,0,0,0,0,0,0.737,0,1,0,0,0,0,1,0,3,3,1,0.0730943640682358,0.2020082055711509,0
u_6063,0,0,0,0,0,0,0,0,0.957,0,1,1,0,0,0,1,1,14,14,0,0.0750377888145109,0.201576333405312,0
u_5466,0,0,0,0,0,0,0,0,0.778,0,1,1,0,0,0,1,0,19,19,0,0.0723385877780177,0.2020082055711509,0
u_8975,1,1,1,1,1,1,1,1,0.857,0,0,1,1,0,0,3,4,6,6,0,0.0755776290218095,0.1994169725761174,1
u_8985,0,0,1,0,0,0,0,1,0.8,0,0,1,1,0,0,3,1,18,18,0,0.0739581083999136,0.1994169725761174,1
u_6727,1,0,1,1,1,1,1,1,1.0,0,0,0,0,0,0,3,4,9,9,0,0.0750377888145109,0.1976894839127618,1
u_6860,0,0,0,0,0,0,0,0,0.7,0,1,1,1,0,0,1,0,13,13,0,0.0739581083999136,0.1976894839127618,1
u_2457,0,0,0,0,0,0,0,0,0.824,0,0,0,0,0,0,1,0,13,13,0,0.0681278341610883,0.1976894839127618,0
u_3532,0,0,0,0,0,0,0,0,0.769,0,1,0,0,0,0,1,0,22,22,0,0.0674800259123299,0.2020082055711509,0
u_5189,0,0,0,0,0,0,0,0,1.0,0,1,1,0,0,0,1,1,6,6,0,0.0684517382854675,0.2020082055711509,0
u_5825,0,0,0,0,0,0,0,0,1.0,0,1,0,0,0,0,1,1,5,5,1,0.0739581083999136,0.1994169725761174,0
u_8951,1,1,1,1,1,1,1,1,0.818,0,1,1,0,0,0,3,3,11,11,0,0.0739581083999136,0.1994169725761174,1
u_4328,0,0,0,0,0,0,0,0,0.75,0,1,0,0,0,0,1,0,11,11,0,0.0723385877780177,0.201576333405312,0
u_3778,0,0,0,0,0,0,0,0,0.783,0,1,0,0,0,0,1,0,13,13,0,0.0739581083999136,0.1993090045346577,0
u_2757,0,0,0,0,0,0,0,0,0.75,0,1,0,0,0,0,1,0,13,13,0,0.0739581083999136,0.201576333405312,0
u_9234,1,0,2,1,0,1,1,2,1.0,0,0,1,0,0,0,5,4,6,6,0,0.0750377888145109,0.1994169725761174,1
u_5111,0,0,0,0,0,0,0,0,0.762,0,1,1,0,0,0,1,0,23,23,0,0.0674800259123299,0.1994169725761174,0
u_6097,0,0,0,0,0,0,0,0,1.0,0,0,0,0,0,0,1,1,16,16,0,0.071798747570719,0.1976894839127618,0
u_1486,0,0,0,0,0,0,0,0,0.759,0,1,1,0,0,0,1,0,14,14,0,0.071798747570719,0.2020082055711509,0
u_6589,2,0,2,2,0,2,2,2,0.947,1,0,0,0,0,0,3,4,8,8,0,0.0723385877780177,0.2020082055711509,1
u_5403,0,0,0,0,0,0,0,0,1.0,0,1,0,0,0,0,1,1,20,20,0,0.0681278341610883,0.1994169725761174,0
u_5858,0,0,0,0,0,0,0,0,0.75,0,1,1,0,0,0,1,0,5,5,1,0.0755776290218095,0.1993090045346577,0
u_5251,0,0,0,0,0,0,0,0,0.783,0,1,1,0,0,0,1,0,14,14,0,0.0739581083999136,0.201576333405312,0
u_4120,0,0,0,0,0,0,0,0,0.824,0,0,0,0,0,0,1,0,15,15,0,0.0755776290218095,0.2020082055711509,0
u_4538,0,0,0,0,0,0,0,0,0.87,0,1,0,0,0,0,1,1,3,3,1,0.0709350032390412,0.1994169725761174,0
u_3002,0,0,0,0,0,0,0,0,0.818,0,0,0,0,0,0,1,0,23,23,0,0.0684517382854675,0.201576333405312,0
u_5807,0,0,0,0,0,0,0,0,0.75,0,1,0,0,0,0,1,0,20,20,0,0.0681278341610883,0.1993090045346577,0
u_1367,0,0,0,0,0,0,0,0,0.88,0,1,0,0,0,0,1,1,17,17,0,0.0674800259123299,0.1994169725761174,0
u_1958,0,0,0,0,0,0,0,0,0.75,0,0,1,0,0,0,1,0,17,17,0,0.0723385877780177,0.1976894839127618,0
u_3710,0,0,0,0,0,0,0,0,0.769,0,0,0,0,0,0,1,0,4,4,1,0.0712589073634204,0.2020082055711509,0
u_656,0,0,0,0,0,0,0,0,0.8,0,1,0,0,0,0,1,0,7,7,0,0.0712589073634204,0.1976894839127618,0
u_3549,0,0,0,0,0,0,0,0,0.8,0,1,1,0,0,0,1,0,8,8,0,0.0750377888145109,0.1976894839127618,0
u_4009,0,0,0,0,0,0,0,0,0.727,0,1,0,0,0,0,1,0,9,9,0,0.0736342042755344,0.2020082055711509,0
u_2189,0,0,0,0,0,0,0,0,0.737,0,1,0,0,0,0,1,0,1,1,1,0.0643489527099978,0.201576333405312,0
u_7612,0,0,1,0,0,0,0,1,1.0,1,0,1,1,0,0,3,2,12,12,0,0.0709350032390412,0.1994169725761174,1
u_4210,0,0,0,0,0,0,0,0,0.762,0,1,0,0,0,0,1,0,5,5,1,0.0750377888145109,0.2020082055711509,0
u_9246,0,0,0,0,0,0,0,0,1.0,1,0,1,1,1,1,1,1,0,0,1,0.0712589073634204,0.1994169725761174,1
u_4307,0,0,0,0,0,0,0,0,0.737,0,1,0,0,0,0,1,0,20,20,0,0.0750377888145109,0.1994169725761174,0
u_6227,0,0,0,0,0,0,0,0,0.75,0,0,0,0,0,0,1,0,18,18,0,0.0739581083999136,0.1976894839127618,0
u_7405,0,0,1,0,0,0,0,1,1.0,1,0,1,0,0,0,3,2,21,21,0,0.071798747570719,0.201576333405312,1
u_451,0,0,0,0,0,0,0,0,0.75,0,0,0,0,0,0,1,0,3,3,1,0.0723385877780177,0.1994169725761174,0
u_3569,0,0,0,0,0,0,0,0,0.8,0,1,0,0,0,0,1,0,0,0,1,0.0736342042755344,0.2020082055711509,0
u_3756,0,0,0,0,0,0,0,0,0.762,0,0,0,0,0,0,1,0,0,0,1,0.071798747570719,0.2020082055711509,0
u_3352,0,0,0,0,0,0,0,0,0.769,0,0,0,0,0,0,1,0,10,10,0,0.0643489527099978,0.2020082055711509,0
u_7751,1,1,1,0,0,1,0,1,1.0,0,1,1,1,0,0,3,3,21,21,0,0.0755776290218095,0.1993090045346577,1
u_79,0,0,0,0,0,0,0,0,0.762,0,1,1,0,0,0,1,0,12,12,0,0.0750377888145109,0.1994169725761174,0
u_6342,0,0,0,0,0,0,0,0,1.0,0,0,1,0,0,0,1,1,0,0,1,0.0712589073634204,0.1994169725761174,0
u_4555,0,0,0,0,0,0,0,0,0.8,0,1,0,0,0,0,1,0,12,12,0,0.0736342042755344,0.1994169725761174,0
u_2324,0,0,0,0,0,0,0,0,0.75,0,1,0,0,0,0,1,0,4,4,1,0.0750377888145109,0.201576333405312,0
u_5929,0,0,0,0,0,0,0,0,0.8,0,0,0,0,0,0,1,0,6,6,0,0.0712589073634204,0.1994169725761174,0
u_8873,2,1,2,0,0,2,0,2,1.0,0,0,0,0,0,0,4,3,11,11,0,0.0681278341610883,0.1993090045346577,1
u_5042,0,0,0,0,0,0,0,0,0.72,0,0,1,0,0,0,1,0,12,12,0,0.0750377888145109,0.1993090045346577,0
u_8895,0,0,0,0,0,0,0,0,0.875,1,0,1,1,0,0,1,1,19,19,0,0.0723385877780177,0.2020082055711509,1
u_6904,1,0,3,1,0,1,1,3,1.0,1,0,1,1,0,0,7,4,12,12,0,0.0750377888145109,0.1976894839127618,1
u_8258,0,0,2,0,0,0,0,2,0.833,0,1,1,1,0,0,4,1,1,1,1,0.0712589073634204,0.2020082055711509,1
u_9123,0,1,2,1,1,0,1,2,0.632,0,0,0,0,0,0,5,2,2,2,1,0.0643489527099978,0.2020082055711509,1
u_7585,0,0,0,0,0,0,0,0,0.706,0,0,0,0,1,1,1,0,13,13,0,0.0709350032390412,0.1994169725761174,1
u_6189,0,0,0,0,0,0,0,0,1.0,0,1,0,0,0,0,1,1,17,17,0,0.0643489527099978,0.201576333405312,0
u_6958,1,0,1,1,0,1,1,1,0.952,1,0,1,0,0,0,3,4,2,2,1,0.0723385877780177,0.2020082055711509,1
u_1574,0,0,0,0,0,0,0,0,0.762,0,0,0,0,0,0,1,0,1,1,1,0.0730943640682358,0.2020082055711509,0
u_6888,2,0,2,1,0,2,1,2,1.0,0,1,1,1,0,0,4,4,1,1,1,0.0739581083999136,0.1994169725761174,1
u_6103,0,0,0,0,0,0,0,0,1.0,0,1,0,0,0,0,1,1,14,14,0,0.0712589073634204,0.1994169725761174,0
u_7164,2,0,2,2,1,2,2,2,1.0,0,1,1,1,0,0,3,4,8,8,0,0.0684517382854675,0.1993090045346577,1
u_1754,0,0,0,0,0,0,0,0,0.857,0,1,0,0,0,0,1,1,20,20,0,0.0712589073634204,0.1994169725761174,0
u_8623,0,0,0,0,0,0,0,0,0.857,0,1,1,1,0,0,1,1,4,4,1,0.0739581083999136,0.2020082055711509,1
u_6555,0,0,0,0,0,0,0,0,0.737,1,0,1,1,0,0,1,0,7,7,0,0.071798747570719,0.1993090045346577,1
u_3239,0,0,0,0,0,0,0,0,0.75,0,1,1,0,0,0,1,0,0,0,1,0.0684517382854675,0.2020082055711509,0
u_1555,0,0,0,0,0,0,0,0,0.833,0,0,0,0,0,0,1,0,16,16,0,0.0739581083999136,0.2020082055711509,0
u_8936,0,0,2,1,0,0,1,2,1.0,0,1,0,0,0,0,5,3,4,4,1,0.0736342042755344,0.1993090045346577,1
u_2071,0,0,0,0,0,0,0,0,0.818,0,0,0,0,0,0,1,0,6,6,0,0.0643489527099978,0.201576333405312,0
u_7704,2,2,2,1,0,2,1,2,0.952,0,1,1,0,0,0,4,4,1,1,1,0.0750377888145109,0.1976894839127618,1
u_745,0,0,0,0,0,0,0,0,0.7,0,1,1,0,0,0,1,0,10,10,0,0.0730943640682358,0.201576333405312,0
u_7855,0,3,4,0,0,0,0,4,1.0,1,0,1,1,0,0,5,2,10,10,0,0.0643489527099978,0.2020082055711509,1
u_3568,0,0,0,0,0,0,0,0,0.857,0,1,1,0,0,0,1,1,11,11,0,0.0739581083999136,0.201576333405312,0
u_5200,0,0,0,0,0,0,0,0,0.72,0,1,0,0,0,0,1,0,0,0,1,0.071798747570719,0.2020082055711509,0
u_8113,1,0,3,1,0,1,1,3,1.0,0,1,1,0,0,0,7,4,18,18,0,0.0723385877780177,0.2020082055711509,1
u_5686,0,0,0,0,0,0,0,0,0.769,0,1,0,0,0,0,1,0,9,9,0,0.0681278341610883,0.1993090045346577,0
u_390,0,0,0,0,0,0,0,0,0.667,0,1,1,0,0,0,1,0,5,5,1,0.0750377888145109,0.1993090045346577,0
u_9071,0,0,4,3,0,0,3,4,0.778,1,0,1,1,0,0,6,2,0,0,1,0.0736342042755344,0.1976894839127618,1
u_4313,0,0,0,0,0,0,0,0,0.812,0,1,1,0,0,0,1,0,8,8,0,0.0674800259123299,0.201576333405312,0
u_1468,0,0,0,0,0,0,0,0,0.737,0,1,0,0,0,0,1,0,4,4,1,0.0750377888145109,0.201576333405312,0
u_6541,2,3,3,1,0,2,1,3,1.0,0,1,0,0,0,0,6,4,7,7,0,0.0681278341610883,0.1976894839127618,1
u_4529,0,0,0,0,0,0,0,0,0.632,0,1,0,0,0,0,1,0,7,7,0,0.0750377888145109,0.2020082055711509,0
u_5614,0,0,0,0,0,0,0,0,0.8,0,0,0,0,0,0,1,0,10,10,0,0.0712589073634204,0.2020082055711509,0
u_3920,0,0,0,0,0,0,0,0,0.818,0,0,0,0,0,0,1,0,1,1,1,0.0730943640682358,0.2020082055711509,0
u_1734,0,0,0,0,0,0,0,0,0.706,0,0,0,0,0,0,1,0,3,3,1,0.0736342042755344,0.1994169725761174,0
u_108,0,0,0,0,0,0,0,0,0.818,0,1,0,0,0,0,1,0,6,6,0,0.0674800259123299,0.1993090045346577,0
u_3827,0,0,0,0,0,0,0,0,0.737,0,1,1,0,0,0,1,0,9,9,0,0.0674800259123299,0.2020082055711509,0
u_5039,0,0,0,0,0,0,0,0,0.818,0,1,1,0,0,0,1,0,2,2,1,0.0712589073634204,0.201576333405312,0
u_4224,0,0,0,0,0,0,0,0,0.778,0,1,0,0,0,0,1,0,5,5,1,0.0750377888145109,0.1993090045346577,0
u_7200,2,0,2,0,0,2,0,2,0.667,1,0,0,0,0,0,3,2,5,5,1,0.0739581083999136,0.201576333405312,1
u_4998,0,0,0,0,0,0,0,0,0.737,0,1,0,0,0,0,1,0,19,19,0,0.0723385877780177,0.2020082055711509,0
u_7404,0,0,4,0,0,0,0,4,0.783,1,0,1,1,0,0,8,1,1,1,1,0.071798747570719,0.201576333405312,1
u_5751,0,0,0,0,0,0,0,0,0.941,0,0,0,0,0,0,1,1,14,14,0,0.0712589073634204,0.2020082055711509,0
u_4599,0,0,0,0,0,0,0,0,0.8,0,1,1,0,0,0,1,0,1,1,1,0.0736342042755344,0.2020082055711509,0
u_470,0,0,0,0,0,0,0,0,0.706,0,1,0,0,0,0,1,0,4,4,1,0.0755776290218095,0.1993090045346577,0
u_1584,0,0,0,0,0,0,0,0,0.9,0,1,0,0,0,0,1,1,23,23,0,0.0709350032390412,0.1994169725761174,0
u_8456,0,1,3,0,0,0,0,3,0.667,0,1,0,0,0,0,4,1,20,20,0,0.0730943640682358,0.1994169725761174,1
u_6450,0,0,0,0,0,0,0,0,0.727,0,0,0,0,1,1,1,0,4,4,1,0.0684517382854675,0.201576333405312,0
u_1556,0,0,0,0,0,0,0,0,0.875,0,0,1,0,0,0,1,1,16,16,0,0.071798747570719,0.1993090045346577,0
u_6340,0,0,0,0,0,0,0,0,0.762,0,1,1,0,0,0,1,0,18,18,0,0.0755776290218095,0.1994169725761174,0
u_7741,0,0,0,0,0,0,0,0,0.737,1,0,0,0,0,0,1,0,9,9,0,0.0684517382854675,0.201576333405312,1
u_6185,0,0,0,0,0,0,0,0,0.727,0,0,1,0,0,0,1,0,22,22,0,0.071798747570719,0.1976894839127618,0
u_5688,0,0,0,0,0,0,0,0,0.815,0,1,0,0,0,0,1,0,1,1,1,0.0750377888145109,0.1994169725761174,0
u_7820,2,0,2,0,0,2,0,2,1.0,1,0,0,0,0,0,4,3,15,15,0,0.0739581083999136,0.201576333405312,1
u_2574,0,0,0,0,0,0,0,0,0.783,0,1,1,0,0,0,1,0,13,13,0,0.0723385877780177,0.201576333405312,0
u_6689,0,0,2,0,0,0,0,2,1.0,1,0,0,0,0,0,3,2,7,7,0,0.0750377888145109,0.1976894839127618,1
u_1092,0,0,0,0,0,0,0,0,0.75,0,1,0,0,0,0,1,0,9,9,0,0.0750377888145109,0.1993090045346577,0
u_3517,0,0,0,0,0,0,0,0,0.667,0,1,0,0,0,0,1,0,21,21,0,0.071798747570719,0.2020082055711509,0
u_7938,3,2,4,0,0,3,0,4,1.0,1,0,1,1,0,0,6,3,18,18,0,0.0755776290218095,0.1976894839127618,1
u_712,0,0,0,0,0,0,0,0,0.783,0,1,1,0,0,0,1,0,12,12,0,0.0643489527099978,0.201576333405312,0
u_9128,0,0,0,0,0,0,0,0,0.889,0,1,0,0,0,0,1,1,15,15,0,0.0674800259123299,0.2020082055711509,1
u_7317,0,0,3,2,1,0,2,3,1.0,1,0,1,1,0,0,4,3,16,16,0,0.071798747570719,0.1976894839127618,1
u_1158,0,0,0,0,0,0,0,0,0.737,0,0,1,0,0,0,1,0,12,12,0,0.0681278341610883,0.1993090045346577,0
u_5489,0,0,0,0,0,0,0,0,0.762,0,0,0,0,0,0,1,0,0,0,1,0.0681278341610883,0.2020082055711509,0
u_1851,0,0,0,0,0,0,0,0,1.0,0,0,0,0,0,0,1,1,7,7,0,0.0723385877780177,0.1994169725761174,0
u_6918,0,1,2,0,0,0,0,2,0.8,1,0,0,0,0,0,3,1,3,3,1,0.0739581083999136,0.2020082055711509,1
u_8983,3,0,5,2,0,3,2,5,0.727,1,0,0,0,0,0,8,3,7,7,0,0.0712589073634204,0.201576333405312,1
u_5553,0,0,0,0,0,0,0,0,0.737,0,1,0,0,0,0,1,0,2,2,1,0.0681278341610883,0.201576333405312,0
u_9008,0,0,0,0,0,0,0,0,0.737,0,1,1,1,0,0,1,0,8,8,0,0.0736342042755344,0.2020082055711509,1
u_5249,0,0,0,0,0,0,0,0,0.842,0,1,0,0,0,0,1,0,21,21,0,0.0723385877780177,0.1993090045346577,0
u_7318,2,1,2,1,0,2,1,2,0.952,0,1,1,1,0,0,4,4,16,16,0,0.071798747570719,0.1976894839127618,1
u_2226,0,0,0,0,0,0,0,0,0.818,0,1,1,0,0,0,1,0,17,17,0,0.0684517382854675,0.1994169725761174,0
u_2008,0,0,0,0,0,0,0,0,1.0,0,1,0,0,0,0,1,1,17,17,0,0.0739581083999136,0.201576333405312,0
u_1150,0,0,0,0,0,0,0,0,0.727,0,1,0,0,0,0,1,0,19,19,0,0.0739581083999136,0.1994169725761174,0
u_1629,0,0,0,0,0,0,0,0,0.769,0,1,0,0,0,0,1,0,5,5,1,0.0755776290218095,0.1993090045346577,0
u_3378,0,0,0,0,0,0,0,0,1.0,0,1,0,0,0,0,1,1,23,23,0,0.0755776290218095,0.201576333405312,0
u_37,0,0,0,0,0,0,0,0,0.818,0,0,0,0,0,0,1,0,14,14,0,0.0723385877780177,0.201576333405312,0
u_4018,0,0,0,0,0,0,0,0,0.75,0,1,0,0,0,0,1,0,6,6,0,0.0750377888145109,0.1994169725761174,0
u_7570,1,0,1,1,1,1,1,1,0.957,1,0,1,1,0,0,3,4,9,9,0,0.0739581083999136,0.1993090045346577,1
u_8060,1,0,2,0,0,1,0,2,0.778,0,1,1,1,1,1,5,2,14,14,0,0.0723385877780177,0.201576333405312,1
u_378,0,0,0,0,0,0,0,0,0.762,0,0,0,0,0,0,1,0,12,12,0,0.0750377888145109,0.1994169725761174,0
u_1105,0,0,0,0,0,0,0,0,0.737,0,1,0,0,0,0,1,0,14,14,0,0.0674800259123299,0.1993090045346577,0
u_2830,0,0,0,0,0,0,0,0,0.818,0,0,1,0,0,0,1,0,13,13,0,0.0709350032390412,0.1993090045346577,0
u_5826,0,0,0,0,0,0,0,0,0.737,0,0,0,0,0,0,1,0,6,6,0,0.0681278341610883,0.1994169725761174,0
u_4336,0,0,0,0,0,0,0,0,0.875,0,0,1,0,0,0,1,1,12,12,0,0.0739581083999136,0.1976894839127618,0
u_3088,0,0,0,0,0,0,0,0,0.435,0,0,0,0,0,0,1,0,14,14,0,0.0739581083999136,0.1976894839127618,0
u_8058,0,0,3,0,0,0,0,3,1.0,0,0,1,0,0,0,6,2,14,14,0,0.0755776290218095,0.201576333405312,1
u_6755,3,2,4,2,0,3,2,4,1.0,1,0,1,1,0,0,6,4,3,3,1,0.0674800259123299,0.1994169725761174,1
u_4862,0,0,0,0,0,0,0,0,0.818,0,0,0,0,0,0,1,0,4,4,1,0.0750377888145109,0.1993090045346577,0
u_7709,2,1,2,2,2,2,2,2,0.737,1,0,1,0,0,0,3,3,5,5,1,0.0739581083999136,0.1976894839127618,1
u_3817,0,0,0,0,0,0,0,0,0.857,0,1,1,0,0,0,1,1,16,16,0,0.0730943640682358,0.2020082055711509,0
u_4436,0,0,0,0,0,0,0,0,0.696,0,1,0,0,0,0,1,0,3,3,1,0.071798747570719,0.2020082055711509,0
u_872,0,0,0,0,0,0,0,0,0.842,0,1,0,0,0,0,1,0,19,19,0,0.0723385877780177,0.2020082055711509,0
u_5783,0,0,0,0,0,0,0,0,0.783,0,1,0,0,0,0,1,0,3,3,1,0.0736342042755344,0.1976894839127618,0
u_8970,1,0,2,0,0,1,0,2,0.96,1,0,1,1,1,1,5,3,15,15,0,0.0709350032390412,0.1976894839127618,1
u_3521,0,0,0,0,0,0,0,0,0.824,0,1,1,0,0,0,1,0,5,5,1,0.0712589073634204,0.201576333405312,0
u_8420,0,0,0,0,0,0,0,0,0.875,0,1,1,1,1,1,1,1,18,18,0,0.0712589073634204,0.1976894839127618,1
u_5392,0,0,0,0,0,0,0,0,0.842,0,0,0,0,0,0,1,0,1,1,1,0.0739581083999136,0.1976894839127618,0
u_3998,0,0,0,0,0,0,0,0,0.818,0,0,0,0,0,0,1,0,19,19,0,0.0750377888145109,0.201576333405312,0
u_8399,2,3,3,1,0,2,1,3,0.957,1,0,1,1,1,1,6,4,22,22,0,0.0739581083999136,0.201576333405312,1
u_485,0,0,0,0,0,0,0,0,0.947,0,1,0,0,0,0,1,1,21,21,0,0.0750377888145109,0.2020082055711509,0
u_8221,0,0,0,0,0,0,0,0,0.714,0,1,1,1,0,0,1,0,11,11,0,0.0750377888145109,0.1994169725761174,1
u_5580,0,0,0,0,0,0,0,0,0.7,0,1,0,0,0,0,1,0,8,8,0,0.0750377888145109,0.201576333405312,0
u_196,0,0,0,0,0,0,0,0,0.737,0,1,0,0,0,0,1,0,6,6,0,0.0674800259123299,0.2020082055711509,0
u_840,0,0,0,0,0,0,0,0,0.7,0,0,0,0,1,1,1,0,5,5,1,0.0674800259123299,0.201576333405312,0
u_1765,0,0,0,0,0,0,0,0,0.727,0,1,0,0,1,1,1,0,18,18,0,0.0681278341610883,0.1976894839127618,0
u_4596,0,0,0,0,0,0,0,0,0.737,0,1,0,0,0,0,1,0,1,1,1,0.0730943640682358,0.1993090045346577,0
u_2481,0,0,0,0,0,0,0,0,0.8,0,1,0,0,0,0,1,0,20,20,0,0.0643489527099978,0.1993090045346577,0
u_154,0,0,0,0,0,0,0,0,0.818,0,1,0,0,0,0,1,0,7,7,0,0.0674800259123299,0.1976894839127618,0
u_8772,0,0,1,1,1,0,1,1,0.842,1,0,1,1,0,0,3,2,8,8,0,0.0750377888145109,0.201576333405312,1
u_1770,0,0,0,0,0,0,0,0,0.706,0,0,0,0,0,0,1,0,15,15,0,0.071798747570719,0.1994169725761174,0
u_0,0,0,0,0,0,0,0,0,0.842,0,1,1,0,0,0,1,0,9,9,0,0.0681278341610883,0.2020082055711509,0
u_1068,0,0,0,0,0,0,0,0,0.737,0,0,0,0,0,0,1,0,3,3,1,0.0739581083999136,0.1994169725761174,0
u_26,0,0,0,0,0,0,0,0,1.0,0,1,0,0,0,0,1,1,23,23,0,0.0736342042755344,0.201576333405312,0
u_2014,0,0,0,0,0,0,0,0,0.737,0,0,0,0,0,0,1,0,20,20,0,0.0739581083999136,0.1993090045346577,0
u_7815,2,0,3,0,0,2,0,3,0.762,0,0,1,1,0,0,5,2,2,2,1,0.0739581083999136,0.201576333405312,1
u_1628,0,0,0,0,0,0,0,0,0.75,0,1,0,0,0,0,1,0,7,7,0,0.0736342042755344,0.1976894839127618,0
u_8977,2,2,2,2,0,2,2,2,0.778,0,1,1,1,0,0,3,3,8,8,0,0.0755776290218095,0.1994169725761174,1
u_2686,0,0,0,0,0,0,0,0,0.957,0,1,0,0,0,0,1,1,21,21,0,0.0723385877780177,0.2020082055711509,0
u_8374,2,0,3,2,1,2,2,3,1.0,0,0,0,0,0,0,5,4,16,16,0,0.0739581083999136,0.2020082055711509,1
u_2367,0,0,0,0,0,0,0,0,0.778,0,1,0,0,0,0,1,0,5,5,1,0.0681278341610883,0.2020082055711509,0
u_1008,0,0,0,0,0,0,0,0,0.783,0,0,0,0,0,0,1,0,19,19,0,0.0750377888145109,0.1976894839127618,0
u_2785,0,0,0,0,0,0,0,0,0.727,0,1,0,0,0,0,1,0,12,12,0,0.0709350032390412,0.1993090045346577,0
u_5172,0,0,0,0,0,0,0,0,0.762,0,1,1,0,0,0,1,0,19,19,0,0.0681278341610883,0.2020082055711509,0
u_4769,0,0,0,0,0,0,0,0,0.762,0,1,1,0,0,0,1,0,2,2,1,0.0730943640682358,0.201576333405312,0
u_1085,0,0,0,0,0,0,0,0,0.8,0,1,0,0,0,0,1,0,22,22,0,0.0684517382854675,0.1994169725761174,0
u_4941,0,0,0,0,0,0,0,0,1.0,0,1,1,0,0,0,1,1,14,14,0,0.0739581083999136,0.2020082055711509,0
u_4517,0,0,0,0,0,0,0,0,0.75,0,0,1,0,0,0,1,0,15,15,0,0.0681278341610883,0.201576333405312,0
u_3090,0,0,0,0,0,0,0,0,0.741,0,1,1,0,0,0,1,0,21,21,0,0.0730943640682358,0.1994169725761174,0
u_7961,1,2,2,0,0,1,0,2,0.824,1,0,1,0,0,0,4,2,1,1,1,0.0739581083999136,0.1993090045346577,1
u_4968,0,0,0,0,0,0,0,0,0.696,0,0,0,0,0,0,1,0,2,2,1,0.0730943640682358,0.1976894839127618,0
u_3762,0,0,0,0,0,0,0,0,0.815,0,1,0,0,0,0,1,0,21,21,0,0.0739581083999136,0.1994169725761174,0
u_3828,0,0,0,0,0,0,0,0,0.696,0,1,0,0,0,0,1,0,2,2,1,0.0709350032390412,0.201576333405312,0
u_8933,0,0,1,0,0,0,0,1,1.0,0,0,1,1,0,0,3,2,6,6,0,0.0739581083999136,0.2020082055711509,1
u_2934,0,0,0,0,0,0,0,0,0.909,0,1,1,0,0,0,1,1,13,13,0,0.0750377888145109,0.201576333405312,0
u_8400,0,0,0,0,0,0,0,0,0.727,1,0,1,0,1,1,1,0,3,3,1,0.0736342042755344,0.1994169725761174,1
u_963,0,0,0,0,0,0,0,0,0.941,0,1,0,0,0,0,1,1,7,7,0,0.0709350032390412,0.2020082055711509,0
u_8297,1,1,1,0,0,1,0,1,0.9,0,1,1,1,1,1,3,3,16,16,0,0.0739581083999136,0.1976894839127618,1
u_7493,1,0,1,0,0,1,0,1,0.833,0,1,0,0,0,0,3,2,9,9,0,0.0750377888145109,0.201576333405312,1
u_7861,0,0,4,3,0,0,3,4,0.778,0,1,0,0,0,0,4,2,8,8,0,0.0681278341610883,0.201576333405312,1
u_4688,0,0,0,0,0,0,0,0,0.727,0,1,0,0,0,0,1,0,4,4,1,0.0755776290218095,0.201576333405312,0
u_1145,0,0,1,0,0,0,0,0,0.857,0,0,0,0,0,0,3,2,22,22,0,0.0709350032390412,0.2020082055711509,0
u_5127,0,0,0,0,0,0,0,0,0.727,0,1,0,0,1,1,1,0,19,19,0,0.0739581083999136,0.1976894839127618,0
u_3210,0,0,0,0,0,0,0,0,0.727,0,1,1,0,0,0,1,0,6,6,0,0.0681278341610883,0.1976894839127618,0
u_1895,0,0,0,0,0,0,0,0,0.783,0,0,0,0,0,0,1,0,21,21,0,0.0750377888145109,0.1993090045346577,0
u_3204,0,0,0,0,0,0,0,0,0.8,0,0,0,0,0,0,1,0,19,19,0,0.0755776290218095,0.1993090045346577,0
u_4090,0,0,0,0,0,0,0,0,0.8,0,1,0,0,0,0,1,0,22,22,0,0.0750377888145109,0.2020082055711509,0
u_7409,0,0,0,0,0,0,0,0,0.941,1,0,1,0,0,0,1,1,16,16,0,0.0739581083999136,0.1993090045346577,1
u_3144,0,0,0,0,0,0,0,0,0.75,0,0,0,0,0,0,1,0,15,15,0,0.0643489527099978,0.1993090045346577,0
u_306,0,0,0,0,0,0,0,0,0.857,0,1,0,0,0,0,1,1,20,20,0,0.071798747570719,0.1994169725761174,0
u_5834,0,0,0,0,0,0,0,0,0.75,0,0,0,0,0,0,1,0,15,15,0,0.0709350032390412,0.2020082055711509,0
u_4979,0,0,0,0,0,0,0,0,0.833,0,1,0,0,0,0,1,0,23,23,0,0.0750377888145109,0.201576333405312,0
u_4148,0,0,0,0,0,0,0,0,0.727,0,1,0,0,0,0,1,0,3,3,1,0.0681278341610883,0.201576333405312,0
u_3881,0,0,0,0,0,0,0,0,0.909,0,0,0,0,0,0,1,1,15,15,0,0.0736342042755344,0.201576333405312,0
u_7701,1,0,1,1,1,1,1,1,0.9,0,1,0,0,0,0,3,4,15,15,0,0.0674800259123299,0.1993090045346577,1
u_227,0,0,0,0,0,0,0,0,1.0,0,1,0,0,1,1,1,1,7,7,0,0.0709350032390412,0.1993090045346577,0
u_1381,0,0,0,0,0,0,0,0,0.783,0,1,0,0,0,0,1,0,20,20,0,0.0736342042755344,0.1994169725761174,0
u_753,0,0,0,0,0,0,0,0,0.889,0,0,1,0,0,0,1,1,8,8,0,0.0739581083999136,0.1994169725761174,0
u_4110,0,0,0,0,0,0,0,0,1.0,0,0,0,0,0,0,1,1,10,10,0,0.0712589073634204,0.201576333405312,0
u_2520,0,0,0,0,0,0,0,0,0.762,0,1,0,0,0,0,1,0,21,21,0,0.0709350032390412,0.1994169725761174,0
u_421,0,0,0,0,0,0,0,0,0.87,0,0,0,0,0,0,1,1,13,13,0,0.0643489527099978,0.2020082055711509,0
u_151,0,0,0,0,0,0,0,0,0.8,0,1,0,0,0,0,1,0,22,22,0,0.0712589073634204,0.1993090045346577,0
u_3846,0,0,0,0,0,0,0,0,0.8,0,1,0,0,0,0,1,0,3,3,1,0.0681278341610883,0.1976894839127618,0
u_3741,0,0,0,0,0,0,0,0,0.667,0,1,1,0,0,0,1,0,11,11,0,0.0674800259123299,0.2020082055711509,0
u_676,0,0,0,0,0,0,0,0,0.778,0,0,0,0,0,0,1,0,14,14,0,0.0739581083999136,0.1976894839127618,0
u_1503,0,0,0,0,0,0,0,0,0.769,0,1,0,0,0,0,1,0,21,21,0,0.0739581083999136,0.1976894839127618,0
u_4965,0,0,0,0,0,0,0,0,0.75,0,1,0,0,0,0,1,0,11,11,0,0.0712589073634204,0.1993090045346577,0
u_7830,1,0,1,0,0,1,0,1,0.7,0,0,0,0,0,0,3,2,6,6,0,0.0709350032390412,0.1976894839127618,1
u_3613,0,0,0,0,0,0,0,0,0.952,0,0,1,0,0,0,1,1,11,11,0,0.071798747570719,0.1993090045346577,0
u_2460,0,0,0,0,0,0,0,0,0.783,0,1,0,0,0,0,1,0,4,4,1,0.0643489527099978,0.201576333405312,0
u_6644,0,3,4,1,0,0,1,4,0.9,0,1,0,0,0,0,8,3,8,8,0,0.0739581083999136,0.2020082055711509,1
u_3171,0,0,0,0,0,0,0,0,0.727,0,0,1,0,0,0,1,0,12,12,0,0.0723385877780177,0.1993090045346577,0
u_1586,0,0,0,0,0,0,0,0,0.737,0,0,0,0,1,1,1,0,18,18,0,0.0750377888145109,0.201576333405312,0
u_7910,0,1,1,1,0,0,1,1,0.857,1,0,1,1,0,0,3,3,9,9,0,0.0739581083999136,0.201576333405312,1
u_6456,0,0,0,0,0,0,0,0,0.8,0,1,0,0,0,0,1,0,11,11,0,0.0674800259123299,0.1993090045346577,0
u_7413,3,0,3,0,0,3,0,3,1.0,0,1,0,0,0,0,3,3,19,19,0,0.0739581083999136,0.1993090045346577,1
u_5001,0,0,0,0,0,0,0,0,0.75,0,0,0,0,0,0,1,0,23,23,0,0.0684517382854675,0.1976894839127618,0
u_8806,0,0,3,0,0,0,0,3,1.0,1,0,0,0,0,0,5,2,11,11,0,0.0755776290218095,0.1994169725761174,1
u_7389,0,0,0,0,0,0,0,0,0.952,0,1,1,0,1,1,1,1,7,7,0,0.0681278341610883,0.1993090045346577,1
u_8267,0,0,1,0,0,0,0,1,0.889,0,1,1,1,0,0,3,2,21,21,0,0.0681278341610883,0.1976894839127618,1
u_4331,0,0,0,0,0,0,0,0,0.778,0,1,1,0,0,0,1,0,16,16,0,0.071798747570719,0.1976894839127618,0
u_1341,0,0,0,0,0,0,0,0,0.783,0,0,0,0,0,0,1,0,2,2,1,0.0755776290218095,0.2020082055711509,0
u_9030,1,0,4,3,0,1,3,4,0.889,1,0,0,0,0,0,7,4,10,10,0,0.0755776290218095,0.1994169725761174,1
u_6032,0,0,0,0,0,0,0,0,0.778,0,1,0,0,1,1,1,0,15,15,0,0.0709350032390412,0.201576333405312,0
u_49,0,0,0,0,0,0,0,0,0.8,0,1,0,0,0,0,1,0,20,20,0,0.0681278341610883,0.1993090045346577,0
u_8412,0,0,0,0,0,0,0,0,0.875,0,1,1,1,0,0,1,1,15,15,0,0.0723385877780177,0.1994169725761174,1
u_6127,0,0,0,0,0,0,0,0,0.842,0,1,0,0,0,0,1,0,4,4,1,0.0712589073634204,0.201576333405312,0
u_8149,0,0,0,0,0,0,0,0,0.783,0,1,1,0,0,0,1,0,14,14,0,0.0723385877780177,0.2020082055711509,1
u_1254,0,0,0,0,0,0,0,0,0.696,0,0,1,0,0,0,1,0,7,7,0,0.0674800259123299,0.2020082055711509,0
u_1610,0,0,0,0,0,0,0,0,1.0,0,1,0,0,0,0,1,1,3,3,1,0.0681278341610883,0.1994169725761174,0
u_5013,0,0,0,0,0,0,0,0,1.0,0,1,0,0,0,0,1,1,15,15,0,0.0709350032390412,0.1976894839127618,0
u_2900,0,0,0,0,0,0,0,0,0.762,0,1,0,0,0,0,1,0,17,17,0,0.0643489527099978,0.1993090045346577,0
u_1283,0,0,0,0,0,0,0,0,0.778,0,1,0,0,0,0,1,0,19,19,0,0.0709350032390412,0.1994169725761174,0
u_8365,0,0,1,0,0,0,0,1,0.947,0,1,1,1,0,0,3,2,2,2,1,0.0739581083999136,0.1976894839127618,1
u_1290,0,0,0,0,0,0,0,0,1.0,0,1,0,0,0,0,1,1,16,16,0,0.0730943640682358,0.1994169725761174,0
u_8840,0,1,1,0,0,0,0,1,0.963,0,1,0,0,0,0,3,2,6,6,0,0.071798747570719,0.1976894839127618,1
u_3799,0,0,0,0,0,0,0,0,0.833,0,0,1,0,0,0,1,0,12,12,0,0.0643489527099978,0.1976894839127618,0
u_7366,0,0,1,0,0,0,0,1,0.952,1,0,0,0,0,0,3,2,6,6,0,0.0643489527099978,0.2020082055711509,1
u_5932,0,0,0,0,0,0,0,0,0.769,0,0,1,0,0,0,1,0,3,3,1,0.0739581083999136,0.1993090045346577,0
u_5655,0,0,0,0,0,0,0,0,0.75,0,0,1,0,0,0,1,0,16,16,0,0.0730943640682358,0.1976894839127618,0
u_1536,0,0,0,0,0,0,0,0,0.727,0,1,0,0,0,0,1,0,5,5,1,0.0709350032390412,0.1976894839127618,0
u_3366,0,0,0,0,0,0,0,0,0.692,0,0,0,0,0,0,1,0,6,6,0,0.0755776290218095,0.1976894839127618,0
u_6635,2,0,2,1,1,2,1,2,1.0,0,1,1,0,0,0,4,4,18,18,0,0.0709350032390412,0.1976894839127618,1
u_5551,0,0,0,0,0,0,0,0,1.0,0,0,0,0,0,0,1,1,3,3,1,0.0674800259123299,0.1976894839127618,0
u_3959,0,0,0,0,0,0,0,0,0.8,0,0,0,0,0,0,1,0,15,15,0,0.0674800259123299,0.2020082055711509,0
u_64,0,0,0,0,0,0,0,0,0.842,0,1,0,0,0,0,1,0,2,2,1,0.0643489527099978,0.1976894839127618,0
u_4335,0,0,0,0,0,0,0,0,0.696,0,1,0,0,0,0,1,0,19,19,0,0.0643489527099978,0.1994169725761174,0
u_2293,0,0,0,0,0,0,0,0,0.842,0,0,0,0,0,0,1,0,7,7,0,0.0712589073634204,0.1994169725761174,0
u_8632,0,0,0,0,0,0,0,0,1.0,0,0,0,0,0,0,1,1,8,8,0,0.0730943640682358,0.1976894839127618,1
u_4220,0,0,0,0,0,0,0,0,0.727,0,1,0,0,0,0,1,0,19,19,0,0.0709350032390412,0.2020082055711509,0
u_5453,0,0,0,0,0,0,0,0,0.667,0,1,1,0,0,0,1,0,19,19,0,0.0755776290218095,0.201576333405312,0
u_223,0,0,0,0,0,0,0,0,0.72,0,0,0,0,0,0,1,0,16,16,0,0.0736342042755344,0.2020082055711509,0
u_274,0,0,0,0,0,0,0,0,0.778,0,0,0,0,0,0,1,0,6,6,0,0.0674800259123299,0.1993090045346577,0
u_5460,0,0,0,0,0,0,0,0,0.696,0,0,0,0,0,0,1,0,14,14,0,0.0643489527099978,0.2020082055711509,0
u_359,0,0,0,0,0,0,0,0,0.818,0,1,1,0,0,0,1,0,5,5,1,0.0684517382854675,0.201576333405312,0
u_4920,0,0,0,0,0,0,0,0,0.786,0,1,0,0,0,0,1,0,22,22,0,0.0755776290218095,0.201576333405312,0
u_507,0,0,0,0,0,0,0,0,0.842,0,1,1,0,0,0,1,0,17,17,0,0.0643489527099978,0.1993090045346577,0
u_7380,0,0,0,0,0,0,0,0,0.833,0,1,0,0,1,1,1,0,15,15,0,0.0736342042755344,0.2020082055711509,1
u_7502,0,2,3,1,0,0,1,3,0.857,1,0,0,0,0,0,6,3,11,11,0,0.071798747570719,0.201576333405312,1
u_659,0,0,0,0,0,0,0,0,0.8,0,0,1,0,0,0,1,0,7,7,0,0.0730943640682358,0.1993090045346577,0
u_1532,0,0,0,0,0,0,0,0,0.786,0,1,1,0,0,0,1,0,0,0,1,0.0709350032390412,0.201576333405312,0
u_891,0,0,0,0,0,0,0,0,0.737,0,1,0,0,0,0,1,0,0,0,1,0.0723385877780177,0.2020082055711509,0
u_1761,0,0,0,0,0,0,0,0,0.783,0,1,0,0,0,0,1,0,18,18,0,0.0723385877780177,0.1994169725761174,0
u_2910,0,0,0,0,0,0,0,0,0.737,0,0,1,0,0,0,1,0,21,21,0,0.0736342042755344,0.1993090045346577,0
u_6108,0,0,0,0,0,0,0,0,0.667,0,0,0,0,0,0,1,0,19,19,0,0.0730943640682358,0.2020082055711509,0
u_459,0,0,0,0,0,0,0,0,0.727,0,0,1,0,0,0,1,0,5,5,1,0.0739581083999136,0.1993090045346577,0
u_4900,0,0,0,0,0,0,0,0,0.952,0,1,0,0,0,0,1,1,2,2,1,0.0750377888145109,0.1993090045346577,0
u_4113,0,0,0,0,0,0,0,0,1.0,0,1,0,0,0,0,1,1,17,17,0,0.0684517382854675,0.201576333405312,0
u_6725,2,0,4,1,0,2,1,4,0.857,1,0,0,0,0,0,8,4,16,16,0,0.0709350032390412,0.1994169725761174,1
u_3450,0,0,0,0,0,0,0,0,0.842,0,0,0,0,1,1,1,0,6,6,0,0.0730943640682358,0.201576333405312,0
u_1772,0,0,0,0,0,0,0,0,0.7,0,1,0,0,0,0,1,0,20,20,0,0.0684517382854675,0.1993090045346577,0
u_8148,4,0,4,3,0,4,3,4,0.957,0,0,1,0,0,0,4,4,6,6,0,0.0674800259123299,0.2020082055711509,1
u_755,0,0,0,0,0,0,0,0,0.857,0,1,0,0,0,0,1,1,18,18,0,0.0723385877780177,0.201576333405312,0
u_7323,1,1,1,1,1,1,1,1,0.857,1,0,1,1,0,0,3,4,3,3,1,0.0709350032390412,0.1994169725761174,1
u_6288,0,0,0,0,0,0,0,0,0.778,0,0,1,0,0,0,1,0,23,23,0,0.0750377888145109,0.1976894839127618,0
u_1944,0,0,0,0,0,0,0,0,0.941,0,1,1,0,0,0,1,1,1,1,1,0.0681278341610883,0.1993090045346577,0
u_3145,0,0,0,0,0,0,0,0,0.783,0,1,1,0,0,0,1,0,0,0,1,0.0750377888145109,0.1976894839127618,0
u_8169,0,0,2,1,1,0,1,2,1.0,0,0,1,1,0,0,4,3,15,15,0,0.0681278341610883,0.2020082055711509,1
u_8052,1,1,1,0,0,1,0,1,0.857,0,1,1,1,0,0,3,3,12,12,0,0.0684517382854675,0.1993090045346577,1
u_8516,2,2,4,0,0,2,0,4,1.0,0,1,1,1,0,0,6,3,15,15,0,0.0712589073634204,0.1976894839127618,1
u_8510,2,0,2,2,1,2,2,2,1.0,1,0,1,1,0,0,3,4,0,0,1,0.0684517382854675,0.1993090045346577,1
u_7634,1,0,1,1,0,1,1,1,1.0,0,1,1,0,0,0,3,4,17,17,0,0.0750377888145109,0.1993090045346577,1
u_991,0,0,0,0,0,0,0,0,0.727,0,1,0,0,0,0,1,0,13,13,0,0.0739581083999136,0.1994169725761174,0
u_8040,1,0,1,1,0,1,1,1,1.0,0,0,1,0,0,0,3,4,3,3,1,0.0739581083999136,0.2020082055711509,1
u_2960,0,0,0,0,0,0,0,0,0.759,0,0,1,0,0,0,1,0,14,14,0,0.0736342042755344,0.1976894839127618,0
u_8181,0,0,1,1,0,0,1,1,0.8,0,0,1,1,0,0,3,2,8,8,0,0.0750377888145109,0.1976894839127618,1
u_8634,2,1,2,1,0,2,1,2,1.0,0,1,1,1,0,0,4,4,10,10,0,0.0730943640682358,0.1976894839127618,1
u_9100,2,3,4,3,1,2,3,4,0.727,0,1,0,0,0,0,6,3,15,15,0,0.0684517382854675,0.1993090045346577,1
u_7176,0,1,1,0,0,0,0,1,0.7,0,1,1,1,0,0,3,1,1,1,1,0.0674800259123299,0.2020082055711509,1
u_8401,1,0,1,0,0,1,0,1,0.833,0,1,0,0,1,1,3,2,4,4,1,0.0736342042755344,0.2020082055711509,1
u_7214,3,0,3,2,0,3,2,3,0.769,0,1,1,1,0,0,4,3,5,5,1,0.0674800259123299,0.201576333405312,1
u_484,0,0,0,0,0,0,0,0,0.727,0,0,0,0,0,0,1,0,17,17,0,0.0674800259123299,0.1993090045346577,0
u_8112,0,0,0,0,0,0,0,0,0.842,0,1,0,0,0,0,1,0,16,16,0,0.0723385877780177,0.2020082055711509,1
u_2199,0,0,0,0,0,0,0,0,0.72,0,1,1,0,0,0,1,0,18,18,0,0.0750377888145109,0.2020082055711509,0
u_4290,0,0,0,0,0,0,0,0,0.778,0,0,1,0,0,0,1,0,22,22,0,0.0709350032390412,0.201576333405312,0
u_5714,0,0,0,0,0,0,0,0,0.75,0,0,1,0,0,0,1,0,16,16,0,0.0712589073634204,0.201576333405312,0
u_1786,0,0,0,0,0,0,0,0,1.0,0,1,0,0,0,0,1,1,1,1,1,0.0739581083999136,0.2020082055711509,0
u_7443,2,1,2,0,0,2,0,2,0.8,1,0,1,1,0,0,4,2,19,19,0,0.0681278341610883,0.1976894839127618,1
u_5369,0,0,0,0,0,0,0,0,0.8,0,0,1,0,0,0,1,0,17,17,0,0.0739581083999136,0.1993090045346577,0
u_6150,0,0,0,0,0,0,0,0,0.769,0,1,0,0,0,0,1,0,4,4,1,0.0730943640682358,0.2020082055711509,0
u_8035,0,1,1,1,0,0,1,1,0.667,0,1,1,1,1,1,3,2,3,3,1,0.071798747570719,0.201576333405312,1
u_8469,2,0,3,3,0,2,3,3,1.0,1,0,0,0,0,0,4,4,0,0,1,0.0750377888145109,0.1994169725761174,1
u_5681,0,0,0,0,0,0,0,0,0.75,0,0,0,0,0,0,1,0,9,9,0,0.0681278341610883,0.1994169725761174,0
u_5053,0,0,0,0,0,0,0,0,0.667,0,0,1,0,0,0,1,0,5,5,1,0.0736342042755344,0.1976894839127618,0
u_6073,0,0,0,0,0,0,0,0,0.706,0,1,1,0,1,1,1,0,21,21,0,0.0755776290218095,0.1993090045346577,0
u_8491,1,0,1,1,1,1,1,1,0.947,0,0,1,1,0,0,3,4,11,11,0,0.0750377888145109,0.1993090045346577,1
u_8206,1,0,1,0,0,1,0,1,0.75,0,0,1,1,0,0,3,2,21,21,0,0.0709350032390412,0.1993090045346577,1
u_21,0,0,0,0,0,0,0,0,0.833,0,0,0,0,0,0,1,0,12,12,0,0.071798747570719,0.2020082055711509,0
u_1096,0,0,0,0,0,0,0,0,0.957,0,0,0,0,0,0,1,1,7,7,0,0.0739581083999136,0.1993090045346577,0
u_7904,0,1,1,0,0,0,0,1,1.0,0,1,1,0,0,0,3,2,22,22,0,0.0681278341610883,0.1976894839127618,1
u_8671,3,0,3,1,0,3,1,3,0.762,0,1,0,0,0,0,5,3,3,3,1,0.0674800259123299,0.2020082055711509,1
u_2115,0,0,0,0,0,0,0,0,0.941,0,0,1,0,0,0,1,1,18,18,0,0.0739581083999136,0.1994169725761174,0
u_4459,0,0,0,0,0,0,0,0,0.75,0,0,0,0,0,0,1,0,8,8,0,0.0643489527099978,0.2020082055711509,0
u_6581,4,2,4,0,0,4,0,4,1.0,0,1,1,0,0,0,5,3,13,13,0,0.0712589073634204,0.1993090045346577,1
u_5178,0,0,0,0,0,0,0,0,1.0,0,1,1,0,0,0,1,1,20,20,0,0.0684517382854675,0.201576333405312,0
u_379,0,0,0,0,0,0,0,0,0.8,0,1,0,0,0,0,1,0,21,21,0,0.0723385877780177,0.201576333405312,0
u_315,0,0,0,0,0,0,0,0,0.833,0,1,0,0,0,0,1,0,19,19,0,0.0736342042755344,0.201576333405312,0
u_2172,0,0,0,0,0,0,0,0,0.7,0,1,1,0,0,0,1,0,8,8,0,0.0709350032390412,0.1994169725761174,0
u_2512,0,0,0,0,0,0,0,0,0.75,0,0,1,0,0,0,1,0,23,23,0,0.0739581083999136,0.2020082055711509,0
u_6432,0,0,0,0,0,0,0,0,0.762,0,0,1,0,0,0,1,0,19,19,0,0.0681278341610883,0.201576333405312,0
u_1665,0,0,0,0,0,0,0,0,0.75,0,1,0,0,0,0,1,0,3,3,1,0.0755776290218095,0.201576333405312,0
u_4323,0,0,0,0,0,0,0,0,1.0,0,1,0,0,0,0,1,1,16,16,0,0.0712589073634204,0.2020082055711509,0
u_6705,0,0,1,0,0,0,0,1,0.7,1,0,1,0,0,0,3,1,9,9,0,0.0739581083999136,0.1976894839127618,1
u_6125,0,0,0,0,0,0,0,0,0.875,0,1,0,0,0,0,1,1,23,23,0,0.0739581083999136,0.201576333405312,0
u_5166,0,0,0,0,0,0,0,0,0.778,0,1,1,0,0,0,1,0,7,7,0,0.0684517382854675,0.2020082055711509,0
u_2475,0,0,0,0,0,0,0,0,0.762,0,1,0,0,0,0,1,0,19,19,0,0.0730943640682358,0.1993090045346577,0
u_1045,0,0,0,0,0,0,0,0,0.889,0,1,0,0,0,0,1,1,6,6,0,0.0681278341610883,0.1994169725761174,0
u_4722,0,0,0,0,0,0,0,0,0.833,0,1,0,0,0,0,1,0,22,22,0,0.0755776290218095,0.1994169725761174,0
u_2109,0,0,0,0,0,0,0,0,0.88,0,0,0,0,0,0,1,1,11,11,0,0.0736342042755344,0.1994169725761174,0
u_8692,2,1,2,0,0,2,0,2,0.783,0,0,1,1,1,1,4,2,1,1,1,0.0739581083999136,0.1993090045346577,1
u_1003,0,0,0,0,0,0,0,0,0.741,0,0,1,0,0,0,1,0,4,4,1,0.0723385877780177,0.201576333405312,0
u_3293,0,0,0,0,0,0,0,0,0.737,0,0,0,0,0,0,1,0,16,16,0,0.0755776290218095,0.1994169725761174,0
u_2955,0,0,0,0,0,0,0,0,0.8,0,1,0,0,0,0,1,0,16,16,0,0.0643489527099978,0.1994169725761174,0
u_4708,0,0,0,0,0,0,0,0,1.0,0,1,0,0,0,0,1,1,18,18,0,0.0755776290218095,0.1976894839127618,0
u_4193,0,0,0,0,0,0,0,0,0.778,0,1,0,0,0,0,1,0,6,6,0,0.0730943640682358,0.2020082055711509,0
u_5588,0,0,0,0,0,0,0,0,0.632,0,1,0,0,0,0,1,0,0,0,1,0.0750377888145109,0.201576333405312,0
u_5026,0,0,0,0,0,0,0,0,0.769,0,1,0,0,0,0,1,0,2,2,1,0.0739581083999136,0.1976894839127618,0
u_5881,0,0,0,0,0,0,0,0,0.828,0,1,0,0,0,0,1,0,6,6,0,0.0739581083999136,0.1976894839127618,0
u_6383,0,0,0,0,0,0,0,0,1.0,0,0,1,0,0,0,1,1,9,9,0,0.0681278341610883,0.1993090045346577,0
u_1857,0,0,0,0,0,0,0,0,0.8,0,1,0,0,0,0,1,0,19,19,0,0.0750377888145109,0.201576333405312,0
u_7912,2,0,3,3,0,2,3,3,1.0,1,0,0,0,0,0,4,4,11,11,0,0.0739581083999136,0.1993090045346577,1
u_1122,0,0,0,0,0,0,0,0,0.833,0,1,1,0,0,0,1,0,7,7,0,0.071798747570719,0.1994169725761174,0
u_3184,0,0,0,0,0,0,0,0,0.72,0,1,0,0,0,0,1,0,15,15,0,0.0709350032390412,0.1994169725761174,0
u_2705,0,0,0,0,0,0,0,0,0.8,0,1,0,0,0,0,1,0,14,14,0,0.0730943640682358,0.2020082055711509,0
u_4011,0,0,0,0,0,0,0,0,0.783,0,0,1,0,0,0,1,0,17,17,0,0.0643489527099978,0.1976894839127618,0
u_5241,0,0,0,0,0,0,0,0,0.778,0,0,0,0,0,0,1,0,4,4,1,0.0709350032390412,0.1993090045346577,0
u_8233,1,1,1,1,1,1,1,1,0.833,1,0,1,0,0,0,3,3,1,1,1,0.0684517382854675,0.1976894839127618,1
u_4905,0,0,0,0,0,0,0,0,0.818,0,0,0,0,0,0,1,0,19,19,0,0.0684517382854675,0.201576333405312,0
u_132,0,0,0,0,0,0,0,0,0.7,0,0,0,0,0,0,1,0,17,17,0,0.0681278341610883,0.1994169725761174,0
u_6308,0,0,0,0,0,0,0,0,0.769,0,1,0,0,0,0,1,0,5,5,1,0.0750377888145109,0.2020082055711509,0
u_2150,0,0,0,0,0,0,0,0,0.909,0,1,1,0,0,0,1,1,15,15,0,0.0723385877780177,0.201576333405312,0
u_961,0,0,0,0,0,0,0,0,1.0,0,0,0,0,0,0,1,1,4,4,1,0.0709350032390412,0.2020082055711509,0
u_9060,0,0,0,0,0,0,0,0,0.762,0,0,1,1,0,0,1,0,22,22,0,0.0739581083999136,0.1994169725761174,1
u_3878,0,0,0,0,0,0,0,0,0.833,0,1,0,0,0,0,1,0,13,13,0,0.0681278341610883,0.2020082055711509,0
u_5140,0,0,0,0,0,0,0,0,0.72,0,1,0,0,0,0,1,0,6,6,0,0.0712589073634204,0.1976894839127618,0
u_8982,1,0,3,0,0,1,0,3,0.727,1,0,1,0,0,0,7,2,4,4,1,0.0712589073634204,0.201576333405312,1
u_3916,0,0,0,0,0,0,0,0,0.778,0,1,1,0,0,0,1,0,16,16,0,0.0739581083999136,0.1993090045346577,0
u_5680,0,0,0,0,0,0,0,0,0.8,0,0,1,0,0,0,1,0,8,8,0,0.0684517382854675,0.2020082055711509,0
u_7237,0,0,1,0,0,0,0,1,0.857,0,1,0,0,0,0,3,2,0,0,1,0.0730943640682358,0.1993090045346577,1
u_1548,0,0,0,0,0,0,0,0,0.75,0,1,1,0,0,0,1,0,1,1,1,0.0755776290218095,0.1993090045346577,0
u_2058,0,0,0,0,0,0,0,0,1.0,0,1,0,0,0,0,1,1,19,19,0,0.0736342042755344,0.2020082055711509,0
u_908,0,0,0,0,0,0,0,0,0.571,0,0,0,0,0,0,1,0,12,12,0,0.0723385877780177,0.1976894839127618,0
u_1077,0,0,0,0,0,0,0,0,1.0,0,1,0,0,0,0,1,1,20,20,0,0.0730943640682358,0.201576333405312,0
u_7742,0,0,1,0,0,0,0,1,0.941,0,1,0,0,0,0,3,2,9,9,0,0.0684517382854675,0.201576333405312,1
u_585,0,0,0,0,0,0,0,0,0.762,0,1,0,0,0,0,1,0,4,4,1,0.0643489527099978,0.1993090045346577,0
u_8010,0,0,4,0,0,0,0,4,1.0,0,1,0,0,0,0,4,2,6,6,0,0.0712589073634204,0.2020082055711509,1
u_5529,0,0,0,0,0,0,0,0,0.8,0,1,1,0,0,0,1,0,16,16,0,0.0750377888145109,0.201576333405312,0
u_1397,0,0,0,0,0,0,0,0,0.7,0,1,1,0,0,0,1,0,0,0,1,0.0681278341610883,0.201576333405312,0
u_6093,0,0,0,0,0,0,0,0,0.737,0,1,0,0,0,0,1,0,13,13,0,0.0730943640682358,0.1994169725761174,0
u_5343,0,0,0,0,0,0,0,0,0.727,0,0,0,0,0,0,1,0,7,7,0,0.0681278341610883,0.1993090045346577,0
u_283,0,0,0,0,0,0,0,0,0.941,0,0,0,0,0,0,1,1,20,20,0,0.0681278341610883,0.1994169725761174,0
u_2469,0,0,0,0,0,0,0,0,0.75,0,1,0,0,0,0,1,0,13,13,0,0.0712589073634204,0.1994169725761174,0
u_7593,1,0,1,0,0,1,0,1,0.8,0,1,0,0,0,0,3,2,19,19,0,0.0712589073634204,0.2020082055711509,1
u_2146,0,0,0,0,0,0,0,0,0.818,0,1,0,0,0,0,1,0,15,15,0,0.0739581083999136,0.1976894839127618,0
u_6549,1,2,3,2,0,1,2,3,1.0,1,0,0,0,0,0,6,4,3,3,1,0.0712589073634204,0.1976894839127618,1
u_4914,0,0,0,0,0,0,0,0,0.8,0,0,1,0,0,0,1,0,0,0,1,0.0681278341610883,0.1993090045346577,0
u_5349,0,0,0,0,0,0,0,0,0.737,0,0,0,0,0,0,1,0,4,4,1,0.0736342042755344,0.2020082055711509,0
u_4726,0,0,0,0,0,0,0,0,0.842,0,0,0,0,0,0,1,0,2,2,1,0.071798747570719,0.1993090045346577,0
u_1027,0,0,0,0,0,0,0,0,0.696,0,1,0,0,0,0,1,0,10,10,0,0.0736342042755344,0.1976894839127618,0
u_7615,3,2,5,3,0,3,3,5,1.0,1,0,1,0,0,0,7,4,16,16,0,0.0709350032390412,0.1994169725761174,1
u_3282,0,0,0,0,0,0,0,0,0.941,0,1,0,0,0,0,1,1,20,20,0,0.0712589073634204,0.1976894839127618,0
u_7485,0,3,4,3,0,0,3,4,0.857,0,1,1,1,0,0,5,3,7,7,0,0.0750377888145109,0.2020082055711509,1
u_8859,0,0,0,0,0,0,0,0,1.0,1,0,1,0,0,0,1,1,15,15,0,0.0739581083999136,0.2020082055711509,1
u_3420,0,0,0,0,0,0,0,0,0.737,0,0,0,0,0,0,1,0,17,17,0,0.0736342042755344,0.2020082055711509,0
u_1269,0,0,0,0,0,0,0,0,0.737,0,1,1,0,0,0,1,0,17,17,0,0.0730943640682358,0.201576333405312,0
u_3275,0,0,0,0,0,0,0,0,1.0,0,1,0,0,0,0,1,1,23,23,0,0.0736342042755344,0.1976894839127618,0
u_3976,0,0,0,0,0,0,0,0,0.727,0,1,1,0,0,0,1,0,18,18,0,0.0709350032390412,0.1994169725761174,0
u_1447,0,0,0,0,0,0,0,0,0.762,0,1,1,0,0,0,1,0,18,18,0,0.0674800259123299,0.201576333405312,0
u_1485,0,0,0,0,0,0,0,0,0.75,0,1,0,0,0,0,1,0,1,1,1,0.0723385877780177,0.1993090045346577,0
u_4701,0,0,0,0,0,0,0,0,0.842,0,0,0,0,0,0,1,0,8,8,0,0.0643489527099978,0.1993090045346577,0
u_8868,0,0,0,0,0,0,0,0,0.778,1,0,1,1,0,0,1,0,20,20,0,0.0709350032390412,0.1994169725761174,1
u_4,0,0,0,0,0,0,0,0,0.857,0,0,1,0,0,0,1,1,23,23,0,0.0750377888145109,0.1994169725761174,0
u_410,0,0,0,0,0,0,0,0,0.87,0,0,0,0,0,0,1,1,17,17,0,0.0736342042755344,0.2020082055711509,0
u_2637,0,0,0,0,0,0,0,0,0.875,0,1,0,0,0,0,1,1,10,10,0,0.071798747570719,0.201576333405312,0
u_6075,0,0,0,0,0,0,0,0,0.75,0,1,1,0,1,1,1,0,5,5,1,0.0643489527099978,0.1994169725761174,0
u_1257,0,0,0,0,0,0,0,0,0.7,0,0,0,0,0,0,1,0,19,19,0,0.071798747570719,0.201576333405312,0
u_4405,0,0,0,0,0,0,0,0,0.727,0,1,1,0,0,0,1,0,3,3,1,0.0730943640682358,0.1976894839127618,0
u_8308,0,0,0,0,0,0,0,0,1.0,1,0,1,1,0,0,1,1,8,8,0,0.0643489527099978,0.1993090045346577,1
u_4411,0,0,0,0,0,0,0,0,1.0,0,1,1,0,0,0,1,1,13,13,0,0.0674800259123299,0.1993090045346577,0
u_7621,0,0,3,2,0,0,2,3,0.727,1,0,1,0,0,0,5,2,1,1,1,0.0755776290218095,0.1994169725761174,1
u_1934,0,0,0,0,0,0,0,0,0.783,0,1,0,0,0,0,1,0,10,10,0,0.0739581083999136,0.1993090045346577,0
u_3373,0,0,0,0,0,0,0,0,0.9,0,0,1,0,0,0,1,1,21,21,0,0.0712589073634204,0.2020082055711509,0
u_900,0,0,0,0,0,0,0,0,1.0,0,1,0,0,0,0,1,1,11,11,0,0.0739581083999136,0.1994169725761174,0
u_7919,0,0,0,0,0,0,0,0,0.741,1,0,1,1,0,0,1,0,16,16,0,0.0674800259123299,0.1994169725761174,1
u_6000,0,0,0,0,0,0,0,0,0.8,0,1,0,0,0,0,1,0,5,5,1,0.0736342042755344,0.201576333405312,0
u_6993,0,0,0,0,0,0,0,0,0.833,1,0,0,0,0,0,1,0,23,23,0,0.0736342042755344,0.1976894839127618,1
u_6325,0,0,0,0,0,0,0,0,0.842,0,1,0,0,0,0,1,0,9,9,0,0.0739581083999136,0.201576333405312,0
u_6496,0,0,0,0,0,0,0,0,1.0,0,0,1,0,0,0,1,1,15,15,0,0.0736342042755344,0.1976894839127618,0
u_7012,0,0,0,0,0,0,0,0,0.909,1,0,1,1,0,0,1,1,23,23,0,0.0712589073634204,0.2020082055711509,1
u_1316,0,0,0,0,0,0,0,0,0.75,0,1,1,0,0,0,1,0,8,8,0,0.0723385877780177,0.1994169725761174,0
u_7943,0,0,0,0,0,0,0,0,0.96,1,0,1,1,0,0,1,1,20,20,0,0.0739581083999136,0.1993090045346577,1
u_9086,0,0,0,0,0,0,0,0,0.857,1,0,0,0,0,0,1,1,22,22,0,0.0750377888145109,0.2020082055711509,1
u_9166,0,0,0,0,0,0,0,0,0.818,0,0,1,1,0,0,1,0,18,18,0,0.0736342042755344,0.201576333405312,1
u_2391,0,0,0,0,0,0,0,0,0.727,0,1,0,0,0,0,1,0,6,6,0,0.0643489527099978,0.1994169725761174,0
u_8906,0,0,2,0,0,0,0,2,1.0,0,1,1,1,0,0,3,2,1,1,1,0.0709350032390412,0.1994169725761174,1
u_6600,0,0,0,0,0,0,0,0,0.737,0,1,1,0,0,0,1,0,20,20,0,0.0736342042755344,0.1976894839127618,1
u_1793,0,0,0,0,0,0,0,0,0.783,0,1,0,0,0,0,1,0,9,9,0,0.0755776290218095,0.1994169725761174,0
u_9163,2,0,2,2,0,2,2,2,0.933,1,0,1,1,0,0,3,4,9,9,0,0.0681278341610883,0.2020082055711509,1
u_2798,0,0,0,0,0,0,0,0,0.762,0,1,1,0,0,0,1,0,17,17,0,0.0736342042755344,0.1993090045346577,0
u_2947,0,0,0,0,0,0,0,0,0.75,0,0,1,0,0,0,1,0,21,21,0,0.0684517382854675,0.2020082055711509,0
u_389,0,0,0,0,0,0,0,0,0.72,0,0,0,0,0,0,1,0,7,7,0,0.0723385877780177,0.1976894839127618,0
u_1050,0,0,0,0,0,0,0,0,1.0,0,1,0,0,0,0,1,1,8,8,0,0.071798747570719,0.1994169725761174,0
u_2272,0,0,0,0,0,0,0,0,0.75,0,1,0,0,0,0,1,0,1,1,1,0.0739581083999136,0.201576333405312,0
u_6089,0,0,0,0,0,0,0,0,0.7,0,0,0,0,0,0,1,0,17,17,0,0.0736342042755344,0.2020082055711509,0
u_7406,0,0,0,0,0,0,0,0,1.0,0,0,1,1,0,0,1,1,18,18,0,0.0723385877780177,0.1993090045346577,1
u_399,0,0,0,0,0,0,0,0,1.0,0,1,0,0,0,0,1,1,16,16,0,0.071798747570719,0.1976894839127618,0
u_8361,0,0,1,1,1,0,1,1,0.818,1,0,0,0,0,0,3,2,2,2,1,0.0730943640682358,0.2020082055711509,1
u_4448,0,0,0,0,0,0,0,0,0.783,0,1,0,0,0,0,1,0,1,1,1,0.0681278341610883,0.1994169725761174,0
u_1659,0,0,0,0,0,0,0,0,0.696,0,1,0,0,0,0,1,0,9,9,0,0.0755776290218095,0.1976894839127618,0
u_4932,0,0,0,0,0,0,0,0,0.727,0,1,1,0,1,1,1,0,18,18,0,0.0674800259123299,0.2020082055711509,0
u_3942,0,0,0,0,0,0,0,0,0.783,0,1,0,0,0,0,1,0,7,7,0,0.0712589073634204,0.1976894839127618,0
u_321,0,0,0,0,0,0,0,0,0.727,0,1,0,0,0,0,1,0,0,0,1,0.0723385877780177,0.2020082055711509,0
u_201,0,0,0,0,0,0,0,0,0.8,0,1,1,0,0,0,1,0,16,16,0,0.0674800259123299,0.2020082055711509,0
u_7018,2,2,3,2,0,2,2,3,1.0,0,1,1,1,0,0,5,4,16,16,0,0.0739581083999136,0.201576333405312,1
u_6657,3,1,3,3,0,3,3,3,1.0,0,1,1,0,0,0,3,4,10,10,0,0.0755776290218095,0.1993090045346577,1
u_3843,0,0,0,0,0,0,0,0,0.815,0,1,1,0,0,0,1,0,15,15,0,0.0674800259123299,0.2020082055711509,0
u_2249,0,0,0,0,0,0,0,0,0.824,0,1,0,0,0,0,1,0,21,21,0,0.0736342042755344,0.201576333405312,0
u_2693,0,0,0,0,0,0,0,0,0.737,0,1,0,0,0,0,1,0,5,5,1,0.0684517382854675,0.1976894839127618,0
u_9023,3,0,3,0,0,3,0,3,0.96,1,0,1,0,1,1,3,3,19,19,0,0.0730943640682358,0.1993090045346577,1
u_6768,3,0,3,0,0,3,0,3,0.667,0,1,0,0,0,0,5,2,17,17,0,0.071798747570719,0.201576333405312,1
u_2043,0,0,0,0,0,0,0,0,1.0,0,0,0,0,0,0,1,1,3,3,1,0.0755776290218095,0.201576333405312,0
u_5261,0,0,0,0,0,0,0,0,0.824,0,1,0,0,0,0,1,0,14,14,0,0.0750377888145109,0.1994169725761174,0
u_8125,1,0,2,0,0,1,0,2,0.762,0,1,1,0,0,0,5,2,17,17,0,0.0755776290218095,0.2020082055711509,1
u_8317,2,0,2,0,0,2,0,2,0.957,0,1,0,0,0,0,3,3,22,22,0,0.0736342042755344,0.2020082055711509,1
u_4803,0,0,0,0,0,0,0,0,0.941,0,0,0,0,0,0,1,1,3,3,1,0.0730943640682358,0.201576333405312,0
u_6825,5,0,5,0,0,5,0,5,1.0,0,1,1,1,0,0,5,3,8,8,0,0.0674800259123299,0.201576333405312,1
u_6044,0,0,0,0,0,0,0,0,0.769,0,0,0,0,1,1,1,0,6,6,0,0.0684517382854675,0.1976894839127618,0
u_7947,0,0,0,0,0,0,0,0,0.842,0,1,1,1,0,0,1,0,23,23,0,0.0739581083999136,0.2020082055711509,1
u_2184,0,0,0,0,0,0,0,0,0.714,0,1,0,0,0,0,1,0,11,11,0,0.0739581083999136,0.1994169725761174,0
u_3019,0,0,0,0,0,0,0,0,0.75,0,1,0,0,0,0,1,0,2,2,1,0.0643489527099978,0.2020082055711509,0
u_660,0,0,0,0,0,0,0,0,0.8,0,0,1,0,0,0,1,0,3,3,1,0.0750377888145109,0.1994169725761174,0
u_1019,0,0,0,0,0,0,0,0,0.952,0,1,0,0,0,0,1,1,21,21,0,0.0750377888145109,0.1976894839127618,0
u_7559,1,0,1,1,1,1,1,1,0.833,1,0,1,0,0,0,3,3,16,16,0,0.0684517382854675,0.2020082055711509,1
u_1987,0,0,0,0,0,0,0,0,0.769,0,1,0,0,0,0,1,0,14,14,0,0.0739581083999136,0.1994169725761174,0
u_6808,0,0,0,0,0,0,0,0,0.778,0,1,0,0,0,0,1,0,14,14,0,0.0643489527099978,0.2020082055711509,1
u_6947,1,0,1,0,0,1,0,1,1.0,0,0,1,0,0,0,3,3,16,16,0,0.0709350032390412,0.201576333405312,1
u_8130,0,0,0,0,0,0,0,0,0.737,1,0,1,0,0,0,1,0,0,0,1,0.0681278341610883,0.1993090045346577,1
u_5471,0,0,0,0,0,0,0,0,0.75,0,1,1,0,0,0,1,0,4,4,1,0.0739581083999136,0.1994169725761174,0
u_643,0,0,0,0,0,0,0,0,0.875,0,1,0,0,0,0,1,1,16,16,0,0.0730943640682358,0.201576333405312,0
u_7776,0,0,2,0,0,0,0,2,0.952,1,0,1,1,0,0,5,2,15,15,0,0.0755776290218095,0.2020082055711509,1
u_1606,0,0,0,0,0,0,0,0,0.727,0,0,0,0,0,0,1,0,9,9,0,0.0739581083999136,0.1976894839127618,0
u_8908,0,1,2,0,0,0,0,2,1.0,1,0,1,1,0,0,5,2,8,8,0,0.071798747570719,0.1993090045346577,1
u_1489,0,0,0,0,0,0,0,0,0.7,0,1,0,0,0,0,1,0,1,1,1,0.0712589073634204,0.201576333405312,0
u_3763,0,0,0,0,0,0,0,0,0.833,0,1,0,0,0,0,1,0,23,23,0,0.0681278341610883,0.2020082055711509,0
u_2149,0,0,0,0,0,0,0,0,0.778,0,0,0,0,0,0,1,0,8,8,0,0.0723385877780177,0.1994169725761174,0
u_5965,0,0,0,0,0,0,0,0,0.778,0,1,0,0,0,0,1,0,12,12,0,0.0681278341610883,0.2020082055711509,0
u_4199,0,0,0,0,0,0,0,0,0.762,0,0,0,0,0,0,1,0,21,21,0,0.0736342042755344,0.1976894839127618,0
u_1164,0,0,0,0,0,0,0,0,0.783,0,0,0,0,0,0,1,0,2,2,1,0.0755776290218095,0.2020082055711509,0
u_2113,0,0,0,0,0,0,0,0,0.762,0,1,0,0,0,0,1,0,21,21,0,0.0643489527099978,0.1994169725761174,0
u_7002,0,0,0,0,0,0,0,0,0.714,0,1,1,0,1,1,1,0,20,20,0,0.0739581083999136,0.1993090045346577,1
u_2671,0,0,0,0,0,0,0,0,0.947,0,1,0,0,0,0,1,1,22,22,0,0.071798747570719,0.1994169725761174,0
u_592,0,0,0,0,0,0,0,0,0.762,0,1,0,0,0,0,1,0,22,22,0,0.0739581083999136,0.1994169725761174,0
u_356,0,0,0,0,0,0,0,0,0.778,0,1,1,0,0,0,1,0,19,19,0,0.0643489527099978,0.1976894839127618,0
u_433,0,0,0,0,0,0,0,0,0.778,0,1,0,0,0,0,1,0,22,22,0,0.0736342042755344,0.1993090045346577,0
u_5570,0,0,0,0,0,0,0,0,1.0,0,1,0,0,0,0,1,1,3,3,1,0.0755776290218095,0.1993090045346577,0
u_1965,0,0,0,0,0,0,0,0,0.857,0,1,1,0,0,0,1,1,6,6,0,0.0755776290218095,0.201576333405312,0
u_1204,0,0,0,0,0,0,0,0,0.727,0,1,0,0,0,0,1,0,8,8,0,0.0684517382854675,0.2020082055711509,0
u_4281,0,0,0,0,0,0,0,0,0.727,0,1,0,0,0,0,1,0,7,7,0,0.0739581083999136,0.201576333405312,0
u_4420,0,0,0,0,0,0,0,0,0.75,0,1,1,0,0,0,1,0,2,2,1,0.0712589073634204,0.1976894839127618,0
u_7997,1,0,1,0,0,1,0,1,0.8,1,0,1,0,0,0,3,2,10,10,0,0.0712589073634204,0.1994169725761174,1
u_3658,0,0,0,0,0,0,0,0,0.947,0,0,1,0,0,0,1,1,10,10,0,0.0736342042755344,0.1994169725761174,0
u_1388,0,0,0,0,0,0,0,0,0.727,0,1,0,0,0,0,1,0,9,9,0,0.0684517382854675,0.1994169725761174,0
u_475,0,0,0,0,0,0,0,0,0.8,0,1,0,0,0,0,1,0,22,22,0,0.0739581083999136,0.1976894839127618,0
u_3950,0,0,0,0,0,0,0,0,0.727,0,1,0,0,1,1,1,0,18,18,0,0.0684517382854675,0.2020082055711509,0
u_7694,3,0,3,2,1,3,2,3,0.957,0,1,1,0,0,0,4,4,3,3,1,0.071798747570719,0.1993090045346577,1
u_5972,0,0,0,0,0,0,0,0,0.8,0,1,0,0,0,0,1,0,6,6,0,0.0739581083999136,0.201576333405312,0
u_1603,0,0,0,0,0,0,0,0,0.762,0,1,1,0,0,0,1,0,18,18,0,0.0681278341610883,0.201576333405312,0
u_1866,0,0,0,0,0,0,0,0,0.737,0,1,0,0,0,0,1,0,21,21,0,0.0681278341610883,0.1993090045346577,0
u_4450,0,0,0,0,0,0,0,0,0.75,0,1,1,0,0,0,1,0,15,15,0,0.0750377888145109,0.1976894839127618,0
u_3193,0,0,0,0,0,0,0,0,1.0,0,0,0,0,1,1,1,1,4,4,1,0.071798747570719,0.1976894839127618,0
u_4059,0,0,0,0,0,0,0,0,0.696,0,1,0,0,0,0,1,0,19,19,0,0.0739581083999136,0.1994169725761174,0
u_7505,1,0,1,0,0,1,0,1,0.833,1,0,1,0,0,0,3,2,0,0,1,0.0739581083999136,0.2020082055711509,1
u_6225,0,0,0,0,0,0,0,0,0.7,0,1,1,0,0,0,1,0,7,7,0,0.0723385877780177,0.1993090045346577,0
u_4352,0,0,0,0,0,0,0,0,0.769,0,0,1,0,0,0,1,0,17,17,0,0.0674800259123299,0.1976894839127618,0
u_5854,0,0,0,0,0,0,0,0,0.783,0,0,0,0,0,0,1,0,4,4,1,0.0730943640682358,0.1993090045346577,0
u_3840,0,0,0,0,0,0,0,0,0.706,0,1,0,0,0,0,1,0,16,16,0,0.0723385877780177,0.2020082055711509,0
u_3685,0,0,0,0,0,0,0,0,0.833,0,1,0,0,0,0,1,0,11,11,0,0.0643489527099978,0.1976894839127618,0
u_9168,2,2,3,1,1,2,1,3,0.947,0,1,1,1,0,0,6,4,21,21,0,0.0736342042755344,0.1993090045346577,1
u_3795,0,0,0,0,0,0,0,0,1.0,0,1,1,0,0,0,1,1,21,21,0,0.0643489527099978,0.1993090045346577,0
u_1404,0,0,0,0,0,0,0,0,0.7,0,0,1,0,0,0,1,0,22,22,0,0.071798747570719,0.2020082055711509,0
u_343,0,0,0,0,0,0,0,0,0.75,0,0,0,0,0,0,1,0,18,18,0,0.0712589073634204,0.201576333405312,0
u_5781,0,0,0,0,0,0,0,0,0.762,0,0,0,0,0,0,1,0,21,21,0,0.0723385877780177,0.201576333405312,0
u_3441,0,0,0,0,0,0,0,0,0.957,0,0,1,0,0,0,1,1,11,11,0,0.0739581083999136,0.1976894839127618,0
u_6321,0,0,0,0,0,0,0,0,0.818,0,1,1,0,0,0,1,0,17,17,0,0.0709350032390412,0.1994169725761174,0
u_4513,0,0,0,0,0,0,0,0,0.667,0,0,1,0,0,0,1,0,23,23,0,0.0684517382854675,0.1993090045346577,0
u_351,0,0,0,0,0,0,0,0,0.909,0,1,1,0,0,0,1,1,5,5,1,0.0755776290218095,0.1993090045346577,0
u_2167,0,0,0,0,0,0,0,0,0.842,0,1,0,0,0,0,1,0,22,22,0,0.0674800259123299,0.1976894839127618,0
u_1588,0,0,0,0,0,0,0,0,0.769,0,1,0,0,0,0,1,0,2,2,1,0.0674800259123299,0.1976894839127618,0
u_962,0,0,0,0,0,0,0,0,0.774,0,0,0,0,0,0,1,0,10,10,0,0.0739581083999136,0.2020082055711509,0
u_653,0,0,0,0,0,0,0,0,1.0,0,1,1,0,0,0,1,1,18,18,0,0.0730943640682358,0.1976894839127618,0
u_6665,1,1,1,0,0,1,0,1,0.8,0,1,1,1,0,0,3,2,17,17,0,0.071798747570719,0.2020082055711509,1
u_93,0,0,0,0,0,0,0,0,1.0,0,1,0,0,0,0,1,1,11,11,0,0.0750377888145109,0.2020082055711509,0
u_6280,0,0,0,0,0,0,0,0,0.818,0,0,1,0,0,0,1,0,13,13,0,0.0674800259123299,0.1993090045346577,0
u_3910,0,0,0,0,0,0,0,0,1.0,0,1,0,0,0,0,1,1,23,23,0,0.0709350032390412,0.201576333405312,0
u_688,0,0,0,0,0,0,0,0,0.783,0,1,0,0,1,1,1,0,20,20,0,0.0755776290218095,0.1994169725761174,0
u_8413,0,0,1,0,0,0,0,1,0.824,0,1,1,1,0,0,3,1,15,15,0,0.0723385877780177,0.1994169725761174,1
u_1779,0,0,0,0,0,0,0,0,0.737,0,1,0,0,0,0,1,0,13,13,0,0.0643489527099978,0.201576333405312,0
u_8746,0,0,0,0,0,0,0,0,0.737,0,1,1,1,1,1,1,0,3,3,1,0.0712589073634204,0.1993090045346577,1
u_7869,2,1,2,0,0,2,0,2,1.0,0,1,1,0,1,1,4,3,6,6,0,0.0750377888145109,0.1976894839127618,1
u_6310,0,0,0,0,0,0,0,0,0.762,0,1,0,0,0,0,1,0,1,1,1,0.0709350032390412,0.1993090045346577,0
u_7507,1,0,1,0,0,1,0,1,0.818,0,0,1,1,0,0,3,2,0,0,1,0.0684517382854675,0.1994169725761174,1
u_1495,0,0,0,0,0,0,0,0,0.8,0,1,0,0,0,0,1,0,9,9,0,0.0730943640682358,0.201576333405312,0
u_4954,0,0,0,0,0,0,0,0,0.818,0,0,0,0,0,0,1,0,13,13,0,0.0739581083999136,0.201576333405312,0
u_7832,0,0,3,2,0,0,2,3,0.952,1,0,1,1,0,0,5,3,9,9,0,0.0709350032390412,0.2020082055711509,1
u_6365,0,0,0,0,0,0,0,0,0.609,0,1,0,0,0,0,1,0,1,1,1,0.0681278341610883,0.1994169725761174,0
u_6926,3,3,3,1,0,3,1,3,0.762,0,1,1,1,0,0,5,3,15,15,0,0.0723385877780177,0.2020082055711509,1
u_2292,0,0,0,0,0,0,0,0,0.846,0,1,1,0,0,0,1,0,22,22,0,0.071798747570719,0.2020082055711509,0
u_3526,0,0,0,0,0,0,0,0,0.737,0,0,1,0,0,0,1,0,21,21,0,0.071798747570719,0.2020082055711509,0
u_4051,0,0,0,0,0,0,0,0,0.778,0,0,1,0,0,0,1,0,17,17,0,0.0739581083999136,0.1993090045346577,0
u_2039,0,0,0,0,0,0,0,0,0.778,0,0,0,0,0,0,1,0,11,11,0,0.0709350032390412,0.201576333405312,0
u_6191,0,0,0,0,0,0,0,0,0.8,0,1,0,0,0,0,1,0,6,6,0,0.0712589073634204,0.1993090045346577,0
u_1875,0,0,0,0,0,0,0,0,0.727,0,1,0,0,0,0,1,0,18,18,0,0.0712589073634204,0.2020082055711509,0
u_2057,0,0,0,0,0,0,0,0,0.769,0,1,1,0,0,0,1,0,2,2,1,0.0709350032390412,0.1993090045346577,0
u_7606,0,1,1,0,0,0,0,1,1.0,0,1,0,0,0,0,3,2,5,5,1,0.0681278341610883,0.201576333405312,1
u_1744,0,0,0,0,0,0,0,0,0.762,0,1,1,0,0,0,1,0,22,22,0,0.0736342042755344,0.201576333405312,0
u_4444,0,0,0,0,0,0,0,0,0.727,0,1,0,0,0,0,1,0,7,7,0,0.0681278341610883,0.201576333405312,0
u_4512,0,0,0,0,0,0,0,0,0.842,0,0,0,0,0,0,1,0,14,14,0,0.0739581083999136,0.2020082055711509,0
u_3349,0,0,0,0,0,0,0,0,0.8,0,1,0,0,0,0,1,0,18,18,0,0.0750377888145109,0.201576333405312,0
u_7046,2,2,2,0,0,2,0,2,0.952,1,0,1,1,0,0,4,3,10,10,0,0.0739581083999136,0.1976894839127618,1
u_8099,0,0,0,0,0,0,0,0,0.667,0,0,1,1,0,0,1,0,15,15,0,0.0709350032390412,0.1993090045346577,1
u_796,0,0,0,0,0,0,0,0,0.759,0,0,0,0,0,0,1,0,4,4,1,0.0750377888145109,0.1994169725761174,0
u_3360,0,0,0,0,0,0,0,0,0.727,0,0,1,0,0,0,1,0,9,9,0,0.0681278341610883,0.1994169725761174,0
u_7623,1,1,1,0,0,1,0,1,0.933,0,1,1,1,0,0,3,3,11,11,0,0.0739581083999136,0.2020082055711509,1
u_723,0,0,0,0,0,0,0,0,0.667,0,0,1,0,0,0,1,0,0,0,1,0.0712589073634204,0.1994169725761174,0
u_7011,2,0,2,0,0,2,0,2,0.833,0,0,1,0,0,0,4,2,14,14,0,0.071798747570719,0.1976894839127618,1
u_6416,0,0,0,0,0,0,0,0,0.762,0,1,0,0,0,0,1,0,18,18,0,0.0674800259123299,0.2020082055711509,0
u_8224,3,0,3,2,0,3,2,3,0.941,1,0,0,0,0,0,4,4,15,15,0,0.0750377888145109,0.1994169725761174,1
u_6546,0,0,0,0,0,0,0,0,1.0,1,0,1,0,0,0,1,1,0,0,1,0.0712589073634204,0.1976894839127618,1
u_7181,0,0,0,0,0,0,0,0,0.769,1,0,0,0,0,0,1,0,8,8,0,0.0712589073634204,0.201576333405312,1
u_8659,0,0,0,0,0,0,0,0,0.741,0,1,1,1,0,0,1,0,11,11,0,0.0730943640682358,0.1976894839127618,1
u_6802,0,0,0,0,0,0,0,0,0.636,1,0,1,1,0,0,1,0,17,17,0,0.0750377888145109,0.2020082055711509,1
u_3264,0,0,0,0,0,0,0,0,1.0,0,1,0,0,0,0,1,1,15,15,0,0.0736342042755344,0.201576333405312,0
u_5202,0,0,0,0,0,0,0,0,0.957,0,0,1,0,0,0,1,1,15,15,0,0.0739581083999136,0.2020082055711509,0
u_8561,0,0,0,0,0,0,0,0,0.762,0,1,0,0,0,0,1,0,2,2,1,0.0755776290218095,0.2020082055711509,1
u_6039,0,0,0,0,0,0,0,0,0.8,0,1,0,0,0,0,1,0,0,0,1,0.0684517382854675,0.1993090045346577,0
u_2181,0,0,0,0,0,0,0,0,0.783,0,1,0,0,0,0,1,0,22,22,0,0.0684517382854675,0.1976894839127618,0
u_235,0,0,0,0,0,0,0,0,0.727,0,0,0,0,0,0,1,0,18,18,0,0.0739581083999136,0.1976894839127618,0
u_2342,0,0,0,0,0,0,0,0,0.857,0,1,0,0,0,0,1,1,21,21,0,0.0684517382854675,0.2020082055711509,0
u_2828,0,0,0,0,0,0,0,0,0.8,0,1,0,0,0,0,1,0,8,8,0,0.0739581083999136,0.1976894839127618,0
u_5318,0,0,0,0,0,0,0,0,0.88,0,1,0,0,0,0,1,1,8,8,0,0.0643489527099978,0.1993090045346577,0
u_2497,0,0,0,0,0,0,0,0,0.7,0,1,0,0,0,0,1,0,2,2,1,0.0709350032390412,0.1976894839127618,0
u_8101,0,0,3,2,1,0,2,3,1.0,1,0,0,0,0,0,4,3,16,16,0,0.0674800259123299,0.1993090045346577,1
u_1364,0,0,0,0,0,0,0,0,0.706,0,1,1,0,0,0,1,0,1,1,1,0.0750377888145109,0.1993090045346577,0
u_9133,0,0,1,0,0,0,0,1,0.857,0,1,1,1,0,0,3,2,4,4,1,0.0674800259123299,0.2020082055711509,1
u_9055,0,2,5,4,0,0,4,5,1.0,1,0,0,0,0,0,5,3,16,16,0,0.0755776290218095,0.1976894839127618,1
u_3619,0,0,0,0,0,0,0,0,0.9,0,1,0,0,0,0,1,1,11,11,0,0.0755776290218095,0.1993090045346577,0
u_4197,0,0,0,0,0,0,0,0,0.783,0,1,1,0,0,0,1,0,20,20,0,0.0730943640682358,0.201576333405312,0
u_5676,0,0,0,0,0,0,0,0,0.96,0,1,0,0,0,0,1,1,7,7,0,0.0739581083999136,0.201576333405312,0
u_9179,0,0,0,0,0,0,0,0,0.963,0,1,1,0,0,0,1,1,23,23,0,0.0739581083999136,0.1993090045346577,1
u_4112,0,0,0,0,0,0,0,0,0.778,0,0,0,0,0,0,1,0,21,21,0,0.0730943640682358,0.1976894839127618,0
u_4619,0,0,0,0,0,0,0,0,0.952,0,1,1,0,0,0,1,1,10,10,0,0.0723385877780177,0.1976894839127618,0
u_7722,1,1,1,1,1,1,1,1,0.714,1,0,1,0,0,0,3,3,10,10,0,0.071798747570719,0.1994169725761174,1
u_4412,0,0,0,0,0,0,0,0,0.947,0,1,1,0,0,0,1,1,0,0,1,0.0674800259123299,0.1976894839127618,0
u_1988,0,0,0,0,0,0,0,0,0.783,0,1,1,0,0,0,1,0,19,19,0,0.0739581083999136,0.201576333405312,0
u_1417,0,0,0,0,0,0,0,0,0.818,0,1,0,0,1,1,1,0,2,2,1,0.0750377888145109,0.1994169725761174,0
u_5346,0,0,0,0,0,0,0,0,0.741,0,0,0,0,0,0,1,0,5,5,1,0.0681278341610883,0.201576333405312,0
u_5326,0,0,0,0,0,0,0,0,0.741,0,1,0,0,0,0,1,0,20,20,0,0.0712589073634204,0.1994169725761174,0
u_2899,0,0,0,0,0,0,0,0,0.783,0,1,1,0,0,0,1,0,6,6,0,0.071798747570719,0.1993090045346577,0
u_783,0,0,0,0,0,0,0,0,0.818,0,1,1,0,0,0,1,0,5,5,1,0.0736342042755344,0.1976894839127618,0
u_8074,1,0,2,2,0,1,2,2,1.0,0,1,1,1,0,0,4,4,5,5,1,0.0736342042755344,0.201576333405312,1
u_7957,0,0,4,0,0,0,0,4,1.0,0,1,0,0,0,0,7,2,7,7,0,0.0723385877780177,0.1993090045346577,1
u_7906,0,0,0,0,0,0,0,0,0.737,0,1,1,1,0,0,1,0,2,2,1,0.0736342042755344,0.2020082055711509,1
u_88,0,0,0,0,0,0,0,0,0.741,0,0,1,0,0,0,1,0,1,1,1,0.0684517382854675,0.201576333405312,0
u_1688,0,0,0,0,0,0,0,0,1.0,0,1,0,0,0,0,1,1,1,1,1,0.0709350032390412,0.1994169725761174,0
u_964,0,0,0,0,0,0,0,0,0.8,0,1,0,0,0,0,1,0,21,21,0,0.0709350032390412,0.201576333405312,0
u_6784,2,0,2,1,0,2,1,2,0.957,0,0,1,0,0,0,4,4,19,19,0,0.0674800259123299,0.1976894839127618,1
u_5754,0,0,0,0,0,0,0,0,0.762,0,1,0,0,0,0,1,0,13,13,0,0.0674800259123299,0.1994169725761174,0
u_8963,1,0,1,0,0,1,0,1,0.833,0,1,0,0,0,0,3,2,11,11,0,0.0750377888145109,0.2020082055711509,1
u_535,0,0,0,0,0,0,0,0,0.72,0,1,0,0,0,0,1,0,9,9,0,0.0750377888145109,0.201576333405312,0
u_6524,1,0,1,0,0,1,0,1,1.0,0,1,0,0,0,0,3,3,16,16,0,0.0681278341610883,0.1976894839127618,1
u_2482,0,0,0,0,0,0,0,0,0.762,0,1,1,0,0,0,1,0,23,23,0,0.0674800259123299,0.2020082055711509,0
u_8179,1,0,2,2,0,1,2,2,1.0,0,1,0,0,0,0,4,4,7,7,0,0.0730943640682358,0.1994169725761174,1
u_4485,0,0,0,0,0,0,0,0,0.737,0,0,0,0,0,0,1,0,17,17,0,0.0674800259123299,0.1993090045346577,0
u_8152,3,2,4,4,0,3,4,4,1.0,0,1,1,1,0,0,4,4,17,17,0,0.0723385877780177,0.2020082055711509,1
u_5958,0,0,0,0,0,0,0,0,0.75,0,1,0,0,0,0,1,0,20,20,0,0.0739581083999136,0.2020082055711509,0
u_9001,2,0,2,2,0,2,2,2,0.875,1,0,0,0,0,0,3,4,23,23,0,0.0755776290218095,0.1993090045346577,1
u_1585,0,0,0,0,0,0,0,0,0.786,0,1,0,0,1,1,1,0,3,3,1,0.071798747570719,0.2020082055711509,0
u_738,0,0,0,0,0,0,0,0,0.75,0,1,0,0,0,0,1,0,5,5,1,0.071798747570719,0.201576333405312,0
u_902,0,0,0,0,0,0,0,0,0.769,0,0,1,0,0,0,1,0,18,18,0,0.0712589073634204,0.201576333405312,0
u_1885,0,0,0,0,0,0,0,0,1.0,0,1,0,0,0,0,1,1,1,1,1,0.0723385877780177,0.2020082055711509,0
u_8789,0,0,1,0,0,0,0,1,1.0,0,1,1,1,0,0,3,2,13,13,0,0.0684517382854675,0.201576333405312,1
u_2898,0,0,0,0,0,0,0,0,0.8,0,0,1,0,0,0,1,0,11,11,0,0.0681278341610883,0.2020082055711509,0
u_4403,0,0,0,0,0,0,0,0,0.727,0,0,0,0,0,0,1,0,2,2,1,0.0739581083999136,0.2020082055711509,0
u_4680,0,0,0,0,0,0,0,0,0.783,0,1,0,0,0,0,1,0,16,16,0,0.0723385877780177,0.201576333405312,0
u_6454,0,0,0,0,0,0,0,0,0.667,0,1,0,0,1,1,1,0,11,11,0,0.0755776290218095,0.2020082055711509,0
u_5709,0,0,0,0,0,0,0,0,0.818,0,0,0,0,0,0,1,0,10,10,0,0.0709350032390412,0.1993090045346577,0
u_8091,0,0,0,0,0,0,0,0,0.727,0,1,1,0,0,0,1,0,0,0,1,0.0643489527099978,0.1994169725761174,1
u_3114,0,0,0,0,0,0,0,0,0.8,0,1,0,0,0,0,1,0,4,4,1,0.0739581083999136,0.2020082055711509,0
u_4300,0,0,0,0,0,0,0,0,0.75,0,1,0,0,0,0,1,0,18,18,0,0.0709350032390412,0.1994169725761174,0
u_3645,0,0,0,0,0,0,0,0,0.818,0,1,0,0,0,0,1,0,1,1,1,0.0730943640682358,0.201576333405312,0
u_6512,0,0,0,0,0,0,0,0,0.75,0,0,1,1,0,0,1,0,9,9,0,0.0681278341610883,0.1994169725761174,1
u_5831,0,0,0,0,0,0,0,0,0.833,0,1,0,0,0,0,1,0,19,19,0,0.0736342042755344,0.1994169725761174,0
u_1869,0,0,0,0,0,0,0,0,0.815,0,1,0,0,0,0,1,0,17,17,0,0.0684517382854675,0.1976894839127618,0
u_6378,0,0,0,0,0,0,0,0,0.762,0,0,0,0,0,0,1,0,7,7,0,0.0730943640682358,0.1976894839127618,0
u_6374,0,0,0,0,0,0,0,0,0.923,0,1,0,0,0,0,1,1,10,10,0,0.0723385877780177,0.201576333405312,0
u_4838,0,0,0,0,0,0,0,0,0.8,0,1,0,0,0,0,1,0,8,8,0,0.0755776290218095,0.2020082055711509,0
u_2607,0,0,0,0,0,0,0,0,0.857,0,1,0,0,1,1,1,1,3,3,1,0.0755776290218095,0.2020082055711509,0
u_4710,0,0,0,0,0,0,0,0,1.0,0,1,0,0,0,0,1,1,12,12,0,0.071798747570719,0.1976894839127618,0
u_5083,0,0,0,0,0,0,0,0,0.75,0,1,0,0,0,0,1,0,18,18,0,0.0681278341610883,0.1976894839127618,0
u_8343,4,1,4,3,0,4,3,4,0.947,1,0,1,0,0,0,4,4,15,15,0,0.0739581083999136,0.2020082055711509,1
u_2939,0,0,0,0,0,0,0,0,0.667,0,1,0,0,0,0,1,0,10,10,0,0.0730943640682358,0.1994169725761174,0
u_9193,0,0,1,1,0,0,1,1,0.96,0,0,1,1,0,0,3,3,8,8,0,0.0712589073634204,0.201576333405312,1
u_5627,0,0,0,0,0,0,0,0,0.8,0,0,0,0,0,0,1,0,19,19,0,0.0739581083999136,0.1993090045346577,0
u_5536,0,0,0,0,0,0,0,0,0.7,0,1,0,0,0,0,1,0,13,13,0,0.0739581083999136,0.1994169725761174,0
u_42,0,0,0,0,0,0,0,0,0.952,0,1,0,0,0,0,1,1,0,0,1,0.0739581083999136,0.1976894839127618,0
u_4859,0,0,0,0,0,0,0,0,1.0,0,0,0,0,0,0,1,1,11,11,0,0.0709350032390412,0.1994169725761174,0
u_1957,0,0,0,0,0,0,0,0,0.737,0,0,0,0,0,0,1,0,18,18,0,0.0723385877780177,0.1976894839127618,0
u_6930,0,0,0,0,0,0,0,0,0.667,0,1,1,1,0,0,1,0,12,12,0,0.0730943640682358,0.2020082055711509,1
u_553,0,0,0,0,0,0,0,0,0.737,0,1,1,0,0,0,1,0,11,11,0,0.0739581083999136,0.201576333405312,0
u_6996,0,0,0,0,0,0,0,0,0.857,0,1,1,1,0,0,1,1,5,5,1,0.0755776290218095,0.2020082055711509,1
u_2820,0,0,0,0,0,0,0,0,0.75,0,0,0,0,0,0,1,0,0,0,1,0.0755776290218095,0.1994169725761174,0
u_8489,0,0,0,0,0,0,0,0,0.706,1,0,0,0,0,0,1,0,11,11,0,0.0750377888145109,0.1993090045346577,1
u_1943,0,0,0,0,0,0,0,0,0.741,0,0,0,0,0,0,1,0,8,8,0,0.0709350032390412,0.201576333405312,0
u_1395,0,0,0,0,0,0,0,0,0.72,0,0,0,0,0,0,1,0,16,16,0,0.0739581083999136,0.1993090045346577,0
u_7392,2,0,2,0,0,2,0,2,1.0,1,0,0,0,0,0,3,3,9,9,0,0.0739581083999136,0.1993090045346577,1
u_5414,0,0,0,0,0,0,0,0,0.947,0,1,0,0,0,0,1,1,21,21,0,0.071798747570719,0.1993090045346577,0
u_6128,0,0,0,0,0,0,0,0,0.8,0,0,0,0,0,0,1,0,23,23,0,0.0755776290218095,0.2020082055711509,0
u_3622,0,0,0,0,0,0,0,0,0.8,0,1,1,0,0,0,1,0,19,19,0,0.0681278341610883,0.1993090045346577,0
u_1042,0,0,0,0,0,0,0,0,0.737,0,0,0,0,0,0,1,0,7,7,0,0.0709350032390412,0.1993090045346577,0
u_1151,0,0,0,0,0,0,0,0,0.952,0,1,0,0,0,0,1,1,14,14,0,0.0736342042755344,0.2020082055711509,0
u_504,0,0,0,0,0,0,0,0,0.7,0,1,0,0,0,0,1,0,9,9,0,0.0674800259123299,0.1976894839127618,0
u_8455,2,0,2,0,0,2,0,2,0.706,1,0,1,1,0,0,3,2,18,18,0,0.0730943640682358,0.1994169725761174,1
u_3800,0,0,0,0,0,0,0,0,1.0,0,1,0,0,0,0,1,1,13,13,0,0.0684517382854675,0.1994169725761174,0
u_6361,0,0,0,0,0,0,0,0,0.762,0,0,0,0,0,0,1,0,6,6,0,0.0755776290218095,0.1993090045346577,0
u_8832,1,0,1,0,0,1,0,1,0.833,1,0,1,1,0,0,3,2,20,20,0,0.0739581083999136,0.1994169725761174,1
u_3717,0,0,0,0,0,0,0,0,0.75,0,0,0,0,0,0,1,0,17,17,0,0.0712589073634204,0.1994169725761174,0
u_9094,3,1,3,0,0,3,0,3,0.8,1,0,1,1,1,1,4,2,21,21,0,0.0739581083999136,0.201576333405312,1
u_8816,0,0,0,0,0,0,0,0,0.8,0,1,1,1,0,0,1,0,20,20,0,0.0750377888145109,0.1993090045346577,1
u_2802,0,0,0,0,0,0,0,0,0.8,0,0,0,0,0,0,1,0,19,19,0,0.0674800259123299,0.1994169725761174,0
u_3030,0,0,0,0,0,0,0,0,0.762,0,0,1,0,0,0,1,0,1,1,1,0.0723385877780177,0.1976894839127618,0
u_1903,0,0,0,0,0,0,0,0,0.778,0,1,1,0,0,0,1,0,5,5,1,0.0681278341610883,0.2020082055711509,0
u_5071,0,0,0,0,0,0,0,0,1.0,0,1,0,0,0,0,1,1,12,12,0,0.0709350032390412,0.2020082055711509,0
u_6714,0,0,4,0,0,0,0,4,0.96,0,1,1,0,0,0,5,2,17,17,0,0.0674800259123299,0.201576333405312,1
u_8891,0,0,0,0,0,0,0,0,0.833,0,0,0,0,0,0,1,0,3,3,1,0.0643489527099978,0.201576333405312,1
u_1242,0,0,0,0,0,0,0,0,0.667,0,0,1,0,0,0,1,0,21,21,0,0.0684517382854675,0.2020082055711509,0
u_3063,0,0,0,0,0,0,0,0,0.783,0,1,0,0,0,0,1,0,15,15,0,0.0709350032390412,0.1976894839127618,0
u_933,0,0,0,0,0,0,0,0,0.727,0,1,0,0,0,0,1,0,4,4,1,0.0755776290218095,0.201576333405312,0
u_7097,2,0,2,1,0,2,1,2,0.947,1,0,1,1,0,0,4,4,6,6,0,0.0709350032390412,0.1993090045346577,1
u_5608,0,0,0,0,0,0,0,0,0.762,0,1,0,0,0,0,1,0,20,20,0,0.0750377888145109,0.2020082055711509,0
u_5401,0,0,0,0,0,0,0,0,1.0,0,1,0,0,0,0,1,1,20,20,0,0.0723385877780177,0.1976894839127618,0
u_3692,0,0,0,0,0,0,0,0,0.762,0,1,1,0,0,0,1,0,15,15,0,0.0712589073634204,0.201576333405312,0
u_1889,0,0,0,0,0,0,0,0,1.0,0,1,1,0,0,0,1,1,12,12,0,0.0739581083999136,0.1994169725761174,0
u_4312,0,0,0,0,0,0,0,0,0.783,0,1,1,0,0,0,1,0,2,2,1,0.0739581083999136,0.1976894839127618,0
u_1157,0,0,0,0,0,0,0,0,0.833,0,0,0,0,0,0,1,0,9,9,0,0.0730943640682358,0.1976894839127618,0
u_3638,0,0,0,0,0,0,0,0,0.833,0,1,0,0,0,0,1,0,19,19,0,0.0755776290218095,0.201576333405312,0
u_2486,0,0,0,0,0,0,0,0,0.7,0,1,0,0,0,0,1,0,14,14,0,0.0681278341610883,0.1993090045346577,0
u_3251,0,0,0,0,0,0,0,0,0.783,0,0,0,0,0,0,1,0,15,15,0,0.0730943640682358,0.2020082055711509,0
u_6608,0,0,1,0,0,0,0,1,1.0,1,0,1,1,0,0,3,2,1,1,1,0.0681278341610883,0.1994169725761174,1
u_7610,3,2,5,3,0,3,3,5,0.75,1,0,1,1,1,1,7,3,11,11,0,0.0736342042755344,0.201576333405312,1
u_2949,0,0,0,0,0,0,0,0,1.0,0,1,1,0,0,0,1,1,6,6,0,0.0739581083999136,0.2020082055711509,0
u_8633,1,0,1,0,0,1,0,1,0.778,0,1,0,0,0,0,3,2,9,9,0,0.0730943640682358,0.1976894839127618,1
u_2747,0,0,0,0,0,0,0,0,0.7,0,1,0,0,0,0,1,0,21,21,0,0.071798747570719,0.1976894839127618,0
u_3322,0,0,0,0,0,0,0,0,0.8,0,0,1,0,0,0,1,0,13,13,0,0.071798747570719,0.1993090045346577,0
u_2136,0,0,0,0,0,0,0,0,0.8,0,0,1,0,0,0,1,0,5,5,1,0.0739581083999136,0.2020082055711509,0
u_7479,1,0,1,0,0,1,0,1,0.947,1,0,1,1,0,0,3,3,1,1,1,0.0674800259123299,0.1976894839127618,1
u_839,0,0,0,0,0,0,0,0,0.75,0,1,1,0,0,0,1,0,3,3,1,0.0739581083999136,0.1976894839127618,0
u_97,0,0,0,0,0,0,0,0,1.0,0,1,0,0,0,0,1,1,17,17,0,0.0723385877780177,0.1994169725761174,0
u_6796,2,2,4,0,0,2,0,4,0.947,0,1,1,1,0,0,6,3,3,3,1,0.0643489527099978,0.2020082055711509,1
u_1718,0,0,0,0,0,0,0,0,0.778,0,0,1,0,0,0,1,0,10,10,0,0.0674800259123299,0.201576333405312,0
u_7079,2,1,2,1,0,2,1,2,1.0,0,1,1,1,0,0,4,4,21,21,0,0.0643489527099978,0.1994169725761174,1
u_6543,1,0,1,0,0,1,0,1,0.842,0,1,0,0,1,1,3,2,19,19,0,0.0709350032390412,0.1994169725761174,1
u_2656,0,0,0,0,0,0,0,0,0.7,0,0,0,0,0,0,1,0,7,7,0,0.071798747570719,0.1976894839127618,0
u_7729,3,1,3,2,0,3,2,3,0.727,1,0,0,0,0,0,4,3,7,7,0,0.0723385877780177,0.2020082055711509,1
u_510,0,0,0,0,0,0,0,0,0.727,0,1,1,0,0,0,1,0,5,5,1,0.0712589073634204,0.1993090045346577,0
u_1259,0,0,0,0,0,0,0,0,0.875,0,1,0,0,0,0,1,1,16,16,0,0.0755776290218095,0.1994169725761174,0
u_9235,0,0,0,0,0,0,0,0,1.0,0,0,1,1,0,0,1,1,9,9,0,0.071798747570719,0.1993090045346577,1
u_5077,0,0,0,0,0,0,0,0,1.0,0,1,1,0,0,0,1,1,14,14,0,0.0712589073634204,0.1976894839127618,0
u_5173,0,0,0,0,0,0,0,0,1.0,0,1,0,0,0,0,1,1,12,12,0,0.0750377888145109,0.2020082055711509,0
u_2148,0,0,0,0,0,0,0,0,0.947,0,1,0,0,0,0,1,1,11,11,0,0.0684517382854675,0.1994169725761174,0
u_8434,4,3,4,3,1,4,3,4,0.963,1,0,0,0,0,0,4,4,22,22,0,0.0730943640682358,0.1994169725761174,1
u_5321,0,0,0,0,0,0,0,0,0.857,0,1,0,0,0,0,1,1,10,10,0,0.0674800259123299,0.1994169725761174,0
u_1599,0,0,0,0,0,0,0,0,0.692,0,0,0,0,0,0,1,0,20,20,0,0.0709350032390412,0.201576333405312,0
u_8487,2,2,2,1,0,2,1,2,0.933,1,0,0,0,0,0,4,4,5,5,1,0.0736342042755344,0.201576333405312,1
u_4153,0,0,0,0,0,0,0,0,1.0,0,0,0,0,0,0,1,1,9,9,0,0.0684517382854675,0.1994169725761174,0
u_2790,0,0,0,0,0,0,0,0,0.737,0,0,1,0,1,1,1,0,8,8,0,0.071798747570719,0.1993090045346577,0
u_7518,0,0,2,1,1,0,1,2,0.8,1,0,1,1,0,0,4,2,22,22,0,0.0750377888145109,0.1976894839127618,1
u_3722,0,0,0,0,0,0,0,0,0.75,0,1,0,0,0,0,1,0,21,21,0,0.0750377888145109,0.1994169725761174,0
u_953,0,0,0,0,0,0,0,0,0.769,0,1,0,0,0,0,1,0,11,11,0,0.0684517382854675,0.1994169725761174,0
u_3904,0,0,0,0,0,0,0,0,0.8,0,1,0,0,0,0,1,0,8,8,0,0.0739581083999136,0.201576333405312,0
u_7806,0,0,1,1,1,0,1,1,1.0,1,0,0,0,0,0,3,3,4,4,1,0.0739581083999136,0.1993090045346577,1
u_1804,0,0,0,0,0,0,0,0,0.778,0,1,0,0,0,0,1,0,22,22,0,0.0643489527099978,0.1976894839127618,0
u_7852,1,0,1,1,0,1,1,1,0.778,0,0,1,1,0,0,3,3,5,5,1,0.0712589073634204,0.1976894839127618,1
u_3452,0,0,0,0,0,0,0,0,0.824,0,1,0,0,0,0,1,0,16,16,0,0.0739581083999136,0.2020082055711509,0
u_3728,0,0,0,0,0,0,0,0,0.75,0,0,1,0,0,0,1,0,23,23,0,0.0755776290218095,0.2020082055711509,0
u_6769,2,0,2,0,0,2,0,2,0.696,1,0,0,0,0,0,4,2,16,16,0,0.071798747570719,0.201576333405312,1
u_6447,0,0,0,0,0,0,0,0,0.846,0,1,0,0,0,0,1,0,2,2,1,0.0681278341610883,0.2020082055711509,0
u_3409,0,0,0,0,0,0,0,0,0.741,0,1,0,0,0,0,1,0,13,13,0,0.0684517382854675,0.2020082055711509,0
u_4505,0,0,0,0,0,0,0,0,0.846,0,1,0,0,0,0,1,0,20,20,0,0.0712589073634204,0.1993090045346577,0
u_5182,0,0,0,0,0,0,0,0,0.72,0,1,1,0,0,0,1,0,0,0,1,0.0739581083999136,0.1993090045346577,0
u_2100,0,0,0,0,0,0,0,0,0.7,0,0,1,0,0,0,1,0,7,7,0,0.0674800259123299,0.2020082055711509,0
u_5977,0,0,0,0,0,0,0,0,0.667,0,0,1,0,0,0,1,0,9,9,0,0.0755776290218095,0.201576333405312,0
u_4879,0,0,0,0,0,0,0,0,0.75,0,0,1,0,1,1,1,0,18,18,0,0.071798747570719,0.201576333405312,0
u_5309,0,0,0,0,0,0,0,0,0.696,0,1,0,0,0,0,1,0,17,17,0,0.0750377888145109,0.2020082055711509,0
u_5867,0,0,0,0,0,0,0,0,0.8,0,1,0,0,0,0,1,0,1,1,1,0.0681278341610883,0.2020082055711509,0
u_4326,0,0,0,0,0,0,0,0,0.8,0,1,0,0,0,0,1,0,21,21,0,0.0755776290218095,0.1976894839127618,0
u_4076,0,0,0,0,0,0,0,0,0.762,0,1,0,0,0,0,1,0,17,17,0,0.0681278341610883,0.1994169725761174,0
u_383,0,0,0,0,0,0,0,0,0.783,0,0,1,0,0,0,1,0,17,17,0,0.0739581083999136,0.1976894839127618,0
u_7620,2,0,4,3,0,2,3,4,0.727,0,1,0,0,0,0,6,3,2,2,1,0.071798747570719,0.1994169725761174,1
u_7581,3,3,3,0,0,3,0,3,0.667,1,0,1,1,0,0,4,2,18,18,0,0.071798747570719,0.201576333405312,1
u_6961,3,0,4,0,0,3,0,4,1.0,1,0,1,1,0,0,4,3,6,6,0,0.0723385877780177,0.2020082055711509,1
u_5543,0,0,0,0,0,0,0,0,0.842,0,1,0,0,0,0,1,0,8,8,0,0.0739581083999136,0.1994169725761174,0
u_1196,0,0,0,0,0,0,0,0,0.857,0,0,0,0,0,0,1,1,4,4,1,0.0739581083999136,0.1993090045346577,0
u_1752,0,0,0,0,0,0,0,0,0.783,0,0,1,0,0,0,1,0,21,21,0,0.0684517382854675,0.2020082055711509,0
u_1488,0,0,0,0,0,0,0,0,0.8,0,1,1,0,0,0,1,0,11,11,0,0.071798747570719,0.1976894839127618,0
u_6698,0,0,0,0,0,0,0,0,0.8,0,0,0,0,0,0,1,0,14,14,0,0.0750377888145109,0.1993090045346577,1
u_502,0,0,0,0,0,0,0,0,0.818,0,1,1,0,0,0,1,0,15,15,0,0.0712589073634204,0.2020082055711509,0
u_7390,1,1,1,1,0,1,1,1,0.9,0,1,0,0,0,0,3,4,8,8,0,0.0739581083999136,0.1993090045346577,1
u_4488,0,0,0,0,0,0,0,0,0.783,0,1,0,0,0,0,1,0,1,1,1,0.0684517382854675,0.2020082055711509,0
u_5235,0,0,0,0,0,0,0,0,0.737,0,1,0,0,0,0,1,0,10,10,0,0.0755776290218095,0.201576333405312,0
u_3905,0,0,0,0,0,0,0,0,0.727,0,1,0,0,0,0,1,0,16,16,0,0.0739581083999136,0.201576333405312,0
u_8990,0,0,3,2,1,0,2,3,1.0,0,1,1,1,0,0,4,3,7,7,0,0.0681278341610883,0.2020082055711509,1
u_4648,0,0,0,0,0,0,0,0,0.762,0,1,0,0,0,0,1,0,13,13,0,0.0739581083999136,0.201576333405312,0
u_955,0,0,0,0,0,0,0,0,0.875,0,1,1,0,0,0,1,1,9,9,0,0.0739581083999136,0.2020082055711509,0
u_7501,1,1,2,0,0,1,0,2,0.857,0,0,0,0,1,1,5,3,11,11,0,0.0712589073634204,0.201576333405312,1
u_4627,0,0,0,0,0,0,0,0,0.818,0,0,0,0,0,0,1,0,17,17,0,0.0712589073634204,0.201576333405312,0
u_1797,0,0,0,0,0,0,0,0,0.889,0,1,1,0,0,0,1,1,0,0,1,0.0750377888145109,0.1976894839127618,0
u_8513,1,0,1,1,0,1,1,1,1.0,0,1,1,0,0,0,3,4,0,0,1,0.0684517382854675,0.1993090045346577,1
u_5198,0,0,0,0,0,0,0,0,0.75,0,1,0,0,0,0,1,0,1,1,1,0.0674800259123299,0.2020082055711509,0
u_4796,0,0,0,0,0,0,0,0,0.824,0,0,0,0,0,0,1,0,1,1,1,0.0723385877780177,0.1976894839127618,0
u_1458,0,0,0,0,0,0,0,0,0.778,0,0,0,0,0,0,1,0,15,15,0,0.0684517382854675,0.201576333405312,0
u_8495,1,1,1,0,0,1,0,1,1.0,0,0,0,0,0,0,3,3,15,15,0,0.0730943640682358,0.2020082055711509,1
u_7671,0,0,3,3,2,0,3,3,0.957,1,0,1,1,0,0,5,3,11,11,0,0.0750377888145109,0.1976894839127618,1
u_8614,2,1,2,1,1,2,1,2,0.952,1,0,1,1,0,0,4,4,1,1,1,0.0643489527099978,0.1976894839127618,1
u_6052,0,0,0,0,0,0,0,0,0.818,0,1,1,0,0,0,1,0,21,21,0,0.071798747570719,0.201576333405312,0
u_1991,0,0,0,0,0,0,0,0,0.727,0,1,1,0,0,0,1,0,10,10,0,0.0750377888145109,0.201576333405312,0
u_2996,0,0,0,0,0,0,0,0,0.75,0,1,0,0,0,0,1,0,22,22,0,0.0684517382854675,0.201576333405312,0
u_2890,0,0,0,0,0,0,0,0,0.75,0,0,0,0,0,0,1,0,23,23,0,0.071798747570719,0.201576333405312,0
u_7827,1,0,1,0,0,1,0,1,0.875,0,1,1,1,0,0,3,3,18,18,0,0.0684517382854675,0.1994169725761174,1
u_8856,0,0,0,0,0,0,0,0,0.8,1,0,0,0,1,1,1,0,1,1,1,0.0736342042755344,0.2020082055711509,1
u_1969,0,0,0,0,0,0,0,0,0.741,0,0,1,0,0,0,1,0,20,20,0,0.0681278341610883,0.201576333405312,0
u_5559,0,0,0,0,0,0,0,0,0.818,0,1,0,0,0,0,1,0,15,15,0,0.0730943640682358,0.2020082055711509,0
u_6843,0,0,1,1,0,0,1,1,0.786,0,1,1,0,0,0,3,2,20,20,0,0.0712589073634204,0.1976894839127618,1
u_5761,0,0,0,0,0,0,0,0,0.727,0,1,0,0,0,0,1,0,3,3,1,0.0739581083999136,0.2020082055711509,0
u_5897,0,0,0,0,0,0,0,0,0.667,0,0,0,0,0,0,1,0,16,16,0,0.0709350032390412,0.2020082055711509,0
u_5868,0,0,0,0,0,0,0,0,0.842,0,1,1,0,0,0,1,0,16,16,0,0.0674800259123299,0.1993090045346577,0
u_3818,0,0,0,0,0,0,0,0,0.952,0,0,0,0,0,0,1,1,5,5,1,0.0730943640682358,0.1976894839127618,0
u_6852,0,0,0,0,0,0,0,0,0.818,1,0,1,1,0,0,1,0,8,8,0,0.0712589073634204,0.1994169725761174,1
u_7936,2,0,2,0,0,2,0,2,0.96,1,0,1,1,0,0,3,3,16,16,0,0.0643489527099978,0.1976894839127618,1
u_3310,0,0,0,0,0,0,0,0,0.667,0,1,0,0,0,0,1,0,5,5,1,0.0712589073634204,0.1993090045346577,0
u_428,0,0,0,0,0,0,0,0,0.737,0,1,0,0,0,0,1,0,2,2,1,0.0755776290218095,0.2020082055711509,0
u_3028,0,0,0,0,0,0,0,0,0.786,0,1,0,0,0,0,1,0,21,21,0,0.0643489527099978,0.1976894839127618,0
u_4303,0,0,0,0,0,0,0,0,0.933,0,0,0,0,0,0,1,1,12,12,0,0.0750377888145109,0.201576333405312,0
u_4590,0,0,0,0,0,0,0,0,0.769,0,0,0,0,0,0,1,0,14,14,0,0.0723385877780177,0.201576333405312,0
u_5762,0,0,0,0,0,0,0,0,0.8,0,0,1,0,0,0,1,0,21,21,0,0.0684517382854675,0.201576333405312,0
u_3379,0,0,0,0,0,0,0,0,0.824,0,0,0,0,0,0,1,0,22,22,0,0.0674800259123299,0.201576333405312,0
u_8398,1,2,2,0,0,1,0,2,1.0,1,0,1,1,0,0,5,3,20,20,0,0.071798747570719,0.201576333405312,1
u_6478,0,0,0,0,0,0,0,0,0.783,0,0,0,0,0,0,1,0,20,20,0,0.0674800259123299,0.1976894839127618,0
u_9172,0,0,0,0,0,0,0,0,0.842,0,1,1,1,0,0,1,0,12,12,0,0.0739581083999136,0.1993090045346577,1
u_391,0,0,0,0,0,0,0,0,0.783,0,1,1,0,0,0,1,0,7,7,0,0.0723385877780177,0.201576333405312,0
u_458,0,0,0,0,0,0,0,0,0.75,0,0,0,0,0,0,1,0,20,20,0,0.0723385877780177,0.1993090045346577,0
u_7282,2,2,3,2,1,2,2,3,0.818,0,1,1,1,0,0,5,3,14,14,0,0.0755776290218095,0.1994169725761174,1
u_105,0,0,0,0,0,0,0,0,0.7,0,1,0,0,0,0,1,0,7,7,0,0.0709350032390412,0.201576333405312,0
u_8663,2,2,4,2,0,2,2,4,1.0,0,1,0,0,0,0,7,4,14,14,0,0.0730943640682358,0.1994169725761174,1
u_1288,0,0,0,0,0,0,0,0,0.778,0,1,0,0,0,0,1,0,15,15,0,0.0709350032390412,0.201576333405312,0
u_2831,0,0,0,0,0,0,0,0,0.8,0,0,0,0,0,0,1,0,14,14,0,0.0755776290218095,0.1976894839127618,0
u_4527,0,0,0,0,0,0,0,0,0.667,0,1,0,0,0,0,1,0,9,9,0,0.0674800259123299,0.201576333405312,0
u_9157,1,0,1,0,0,1,0,1,0.706,1,0,1,1,0,0,3,2,16,16,0,0.0681278341610883,0.201576333405312,1
u_3296,0,0,0,0,0,0,0,0,0.762,0,0,0,0,0,0,1,0,9,9,0,0.0739581083999136,0.2020082055711509,0
u_4744,0,0,0,0,0,0,0,0,0.8,0,1,0,0,0,0,1,0,20,20,0,0.0730943640682358,0.1976894839127618,0
u_1276,0,0,0,0,0,0,0,0,0.762,0,1,1,0,0,0,1,0,0,0,1,0.071798747570719,0.1994169725761174,0
u_8275,2,1,2,1,0,2,1,2,0.957,0,0,1,0,0,0,4,4,2,2,1,0.0723385877780177,0.1976894839127618,1
u_7273,0,0,0,0,0,0,0,0,0.8,1,0,1,1,0,0,1,0,21,21,0,0.0681278341610883,0.2020082055711509,1
u_6620,0,2,2,0,0,0,0,2,0.769,1,0,0,0,0,0,4,1,18,18,0,0.0674800259123299,0.1993090045346577,1
u_2230,0,0,0,0,0,0,0,0,0.667,0,0,0,0,0,0,1,0,13,13,0,0.0750377888145109,0.1976894839127618,0
u_463,0,0,0,0,0,0,0,0,0.783,0,0,1,0,0,0,1,0,12,12,0,0.071798747570719,0.1993090045346577,0
u_863,0,0,0,0,0,0,0,0,0.818,0,0,0,0,0,0,1,0,0,0,1,0.0739581083999136,0.2020082055711509,0
u_3940,0,0,0,0,0,0,0,0,0.8,0,1,0,0,1,1,1,0,3,3,1,0.071798747570719,0.2020082055711509,0
u_4679,0,0,0,0,0,0,0,0,1.0,0,1,0,0,0,0,1,1,21,21,0,0.0730943640682358,0.2020082055711509,0
u_597,0,0,0,0,0,0,0,0,0.762,0,0,0,0,0,0,1,0,18,18,0,0.071798747570719,0.2020082055711509,0
u_5773,0,0,0,0,0,0,0,0,0.769,0,0,0,0,0,0,1,0,15,15,0,0.0681278341610883,0.1994169725761174,0
u_7190,0,0,0,0,0,0,0,0,0.833,0,1,1,1,0,0,1,0,20,20,0,0.071798747570719,0.1993090045346577,1
u_4085,0,0,0,0,0,0,0,0,0.778,0,1,0,0,0,0,1,0,14,14,0,0.0712589073634204,0.1976894839127618,0
u_4852,0,0,0,0,0,0,0,0,0.786,0,1,1,0,0,0,1,0,15,15,0,0.0709350032390412,0.1993090045346577,0
u_9183,0,0,1,0,0,0,0,1,1.0,1,0,1,1,0,0,3,2,17,17,0,0.0739581083999136,0.1994169725761174,1
u_7087,0,0,0,0,0,0,0,0,0.857,0,0,1,1,0,0,1,1,9,9,0,0.0681278341610883,0.201576333405312,1
u_8938,1,2,3,2,0,1,2,3,0.923,0,1,1,1,0,0,6,4,5,5,1,0.0736342042755344,0.1993090045346577,1
u_411,0,0,0,0,0,0,0,0,1.0,0,1,0,0,0,0,1,1,16,16,0,0.0684517382854675,0.201576333405312,0
u_1480,0,0,0,0,0,0,0,0,0.741,0,1,0,0,0,0,1,0,16,16,0,0.0709350032390412,0.2020082055711509,0
u_1750,0,0,0,0,0,0,0,0,0.941,0,0,1,0,0,0,1,1,9,9,0,0.0736342042755344,0.2020082055711509,0
u_3228,0,0,0,0,0,0,0,0,0.783,0,1,0,0,0,0,1,0,4,4,1,0.0684517382854675,0.1994169725761174,0
u_5106,0,0,0,0,0,0,0,0,0.778,0,1,0,0,0,0,1,0,19,19,0,0.0730943640682358,0.1976894839127618,0
u_1383,0,0,0,0,0,0,0,0,0.762,0,1,0,0,0,0,1,0,5,5,1,0.0739581083999136,0.1994169725761174,0
u_7680,0,0,3,1,0,0,1,3,0.947,1,0,1,0,0,0,7,3,5,5,1,0.0681278341610883,0.201576333405312,1
u_1400,0,0,0,0,0,0,0,0,0.8,0,0,0,0,0,0,1,0,22,22,0,0.0712589073634204,0.201576333405312,0
u_5062,0,0,0,0,0,0,0,0,0.727,0,1,1,0,0,0,1,0,14,14,0,0.0643489527099978,0.1994169725761174,0
u_1061,0,0,0,0,0,0,0,0,0.842,0,1,1,0,0,0,1,0,16,16,0,0.0736342042755344,0.2020082055711509,0
u_2971,0,0,0,0,0,0,0,0,0.828,0,1,0,0,1,1,1,0,3,3,1,0.0736342042755344,0.1994169725761174,0
u_4732,0,0,0,0,0,0,0,0,0.857,0,0,0,0,0,0,1,1,17,17,0,0.0681278341610883,0.1994169725761174,0
u_6433,0,0,0,0,0,0,0,0,0.8,0,1,0,0,0,0,1,0,6,6,0,0.0674800259123299,0.1993090045346577,0
u_5311,0,0,0,0,0,0,0,0,0.769,0,0,0,0,0,0,1,0,7,7,0,0.0709350032390412,0.1993090045346577,0
u_1740,0,0,0,0,0,0,0,0,0.8,0,1,0,0,0,0,1,0,19,19,0,0.0681278341610883,0.2020082055711509,0
u_6485,0,0,0,0,0,0,0,0,1.0,0,0,0,0,0,0,1,1,17,17,0,0.0684517382854675,0.2020082055711509,0
u_9191,1,0,1,0,0,1,0,1,1.0,1,0,1,0,0,0,3,3,11,11,0,0.0739581083999136,0.1994169725761174,1
u_5450,0,0,0,0,0,0,0,0,0.667,0,1,1,0,0,0,1,0,5,5,1,0.0736342042755344,0.1994169725761174,0
u_4718,0,0,0,0,0,0,0,0,0.8,0,1,0,0,0,0,1,0,12,12,0,0.071798747570719,0.1976894839127618,0
u_2768,0,0,0,0,0,0,0,0,0.857,0,1,0,0,0,0,1,1,1,1,1,0.0712589073634204,0.1994169725761174,0
u_6991,3,0,3,1,0,3,1,3,0.857,1,0,1,1,0,0,5,4,5,5,1,0.0712589073634204,0.201576333405312,1
u_5267,0,0,0,0,0,0,0,0,0.8,0,0,0,0,0,0,1,0,18,18,0,0.0709350032390412,0.1993090045346577,0
u_862,0,0,0,0,0,0,0,0,0.727,0,0,0,0,0,0,1,0,11,11,0,0.0750377888145109,0.201576333405312,0
u_6489,0,0,0,0,0,0,0,0,0.778,0,0,0,0,0,0,1,0,16,16,0,0.0723385877780177,0.1976894839127618,0
u_949,0,0,0,0,0,0,0,0,0.7,0,0,0,0,0,0,1,0,2,2,1,0.0755776290218095,0.201576333405312,0
u_243,0,0,0,0,0,0,0,0,0.769,0,1,1,0,0,0,1,0,4,4,1,0.0712589073634204,0.1993090045346577,0
u_5893,0,0,0,0,0,0,0,0,0.706,0,1,0,0,0,0,1,0,18,18,0,0.0739581083999136,0.1994169725761174,0
u_1973,0,0,0,0,0,0,0,0,0.8,0,1,0,0,0,0,1,0,20,20,0,0.0755776290218095,0.1976894839127618,0
u_7354,2,2,3,1,0,2,1,3,0.857,0,1,1,0,0,0,6,4,17,17,0,0.0643489527099978,0.1993090045346577,1
u_8551,2,1,2,2,0,2,2,2,0.741,0,1,1,1,0,0,3,3,1,1,1,0.0643489527099978,0.2020082055711509,1
u_3413,0,0,0,0,0,0,0,0,0.857,0,1,1,0,0,0,1,1,22,22,0,0.0709350032390412,0.1976894839127618,0
u_8024,1,0,1,0,0,1,0,1,0.737,0,1,1,1,1,1,3,2,13,13,0,0.0736342042755344,0.201576333405312,1
u_2846,0,0,0,0,0,0,0,0,0.941,0,1,0,0,0,0,1,1,1,1,1,0.0684517382854675,0.201576333405312,0
u_824,0,0,0,0,0,0,0,0,0.714,0,0,1,0,0,0,1,0,5,5,1,0.071798747570719,0.2020082055711509,0
u_5988,0,0,0,0,0,0,0,0,0.846,0,0,0,0,0,0,1,0,4,4,1,0.0684517382854675,0.1993090045346577,0
u_1705,0,0,0,0,0,0,0,0,0.737,0,0,0,0,1,1,1,0,20,20,0,0.0684517382854675,0.2020082055711509,0
u_7922,2,0,3,2,0,2,2,3,1.0,1,0,1,1,0,0,5,4,20,20,0,0.0674800259123299,0.2020082055711509,1
u_3095,0,0,0,0,0,0,0,0,1.0,0,1,0,0,1,1,1,1,18,18,0,0.0674800259123299,0.1976894839127618,0
u_6112,0,0,0,0,0,0,0,0,0.778,0,0,1,0,0,0,1,0,6,6,0,0.0730943640682358,0.1976894839127618,0
u_7767,1,1,2,0,0,1,0,2,1.0,1,0,0,0,0,0,5,3,8,8,0,0.0739581083999136,0.2020082055711509,1
u_8924,2,2,2,2,1,2,2,2,0.667,1,0,0,0,0,0,3,3,14,14,0,0.0712589073634204,0.1976894839127618,1
u_4685,0,0,0,0,0,0,0,0,0.75,0,1,0,0,0,0,1,0,19,19,0,0.0730943640682358,0.201576333405312,0
u_7290,0,0,0,0,0,0,0,0,0.857,0,1,1,0,1,1,1,1,7,7,0,0.0750377888145109,0.1994169725761174,1
u_429,0,0,0,0,0,0,0,0,0.706,0,1,0,0,0,0,1,0,11,11,0,0.0674800259123299,0.1993090045346577,0
u_355,0,0,0,0,0,0,0,0,1.0,0,0,1,0,0,0,1,1,0,0,1,0.0739581083999136,0.2020082055711509,0
u_8012,0,0,0,0,0,0,0,0,0.778,1,0,1,0,0,0,1,0,15,15,0,0.0674800259123299,0.1993090045346577,1
u_5371,0,0,0,0,0,0,0,0,0.8,0,1,0,0,0,0,1,0,8,8,0,0.0723385877780177,0.1976894839127618,0
u_1569,0,0,0,0,0,0,0,0,0.818,0,1,1,0,0,0,1,0,4,4,1,0.0712589073634204,0.1993090045346577,0
u_7950,3,0,3,2,2,3,2,3,1.0,1,0,1,1,0,0,4,4,23,23,0,0.0739581083999136,0.201576333405312,1
u_1036,0,0,0,0,0,0,0,0,0.8,0,1,0,0,0,0,1,0,16,16,0,0.0681278341610883,0.1976894839127618,0
u_2461,0,0,0,0,0,0,0,0,0.778,0,1,1,0,0,0,1,0,13,13,0,0.0684517382854675,0.1976894839127618,0
u_1582,0,0,0,0,0,0,0,0,0.783,0,1,0,0,0,0,1,0,10,10,0,0.0755776290218095,0.1994169725761174,0
u_1814,0,0,0,0,0,0,0,0,0.9,0,0,0,0,0,0,1,1,21,21,0,0.0736342042755344,0.1993090045346577,0
u_8135,0,0,0,0,0,0,0,0,0.889,0,1,1,1,0,0,1,1,19,19,0,0.0736342042755344,0.1994169725761174,1
u_6163,0,0,0,0,0,0,0,0,0.8,0,1,0,0,0,0,1,0,22,22,0,0.0755776290218095,0.1994169725761174,0
u_5072,0,0,0,0,0,0,0,0,0.8,0,1,1,0,0,0,1,0,17,17,0,0.0739581083999136,0.201576333405312,0
u_918,0,0,0,0,0,0,0,0,0.75,0,1,0,0,0,0,1,0,23,23,0,0.0643489527099978,0.1976894839127618,0
u_1816,0,0,0,0,0,0,0,0,1.0,0,1,0,0,0,0,1,1,1,1,1,0.0750377888145109,0.1993090045346577,0
u_4297,0,0,0,0,0,0,0,0,0.833,0,1,0,0,0,0,1,0,5,5,1,0.0739581083999136,0.2020082055711509,0
u_1620,0,0,0,0,0,0,0,0,0.783,0,0,0,0,0,0,1,0,17,17,0,0.0723385877780177,0.1994169725761174,0
u_1084,0,0,0,0,0,0,0,0,0.727,0,0,0,0,0,0,1,0,4,4,1,0.0755776290218095,0.1976894839127618,0
u_8919,0,0,2,2,0,0,2,2,0.857,1,0,1,1,0,0,4,3,4,4,1,0.0684517382854675,0.1993090045346577,1
u_3361,0,0,0,0,0,0,0,0,0.7,0,1,1,0,0,0,1,0,2,2,1,0.0712589073634204,0.1993090045346577,0
u_513,0,0,0,0,0,0,0,0,0.818,0,1,0,0,0,0,1,0,15,15,0,0.0712589073634204,0.1976894839127618,0
u_8470,3,1,4,4,0,3,4,4,0.947,0,1,1,1,1,1,4,4,1,1,1,0.0730943640682358,0.1994169725761174,1
u_7111,1,0,1,0,0,1,0,1,0.857,1,0,0,0,1,1,3,3,23,23,0,0.0681278341610883,0.1993090045346577,1
u_3871,0,0,0,0,0,0,0,0,0.75,0,1,0,0,0,0,1,0,22,22,0,0.0674800259123299,0.2020082055711509,0
u_987,0,0,0,0,0,0,0,0,0.783,0,0,0,0,0,0,1,0,2,2,1,0.0739581083999136,0.2020082055711509,0
u_4017,0,0,0,0,0,0,0,0,0.87,0,1,0,0,0,0,1,1,10,10,0,0.0643489527099978,0.1993090045346577,0
u_4543,0,0,0,0,0,0,0,0,0.7,0,0,0,0,0,0,1,0,23,23,0,0.0684517382854675,0.1993090045346577,0
u_5429,0,0,0,0,0,0,0,0,1.0,0,1,0,0,0,0,1,1,5,5,1,0.0712589073634204,0.1976894839127618,0
u_4385,0,0,0,0,0,0,0,0,0.778,0,1,0,0,0,0,1,0,2,2,1,0.0736342042755344,0.2020082055711509,0
u_4453,0,0,0,0,0,0,0,0,0.824,0,1,0,0,0,0,1,0,19,19,0,0.0739581083999136,0.1993090045346577,0
u_6510,0,0,0,0,0,0,0,0,0.875,0,1,1,1,0,0,1,1,12,12,0,0.0755776290218095,0.201576333405312,1
u_8252,4,0,4,3,0,4,3,4,1.0,0,1,0,0,0,0,4,4,3,3,1,0.0681278341610883,0.2020082055711509,1
u_3865,0,0,0,0,0,0,0,0,0.75,0,0,0,0,0,0,1,0,10,10,0,0.0674800259123299,0.1994169725761174,0
u_4116,0,0,0,0,0,0,0,0,0.7,0,0,0,0,0,0,1,0,5,5,1,0.0723385877780177,0.1993090045346577,0
u_9176,0,1,2,0,0,0,0,2,0.875,1,0,1,1,0,0,5,2,2,2,1,0.0739581083999136,0.2020082055711509,1
u_6599,0,0,1,1,0,0,1,1,0.923,0,0,1,1,0,0,3,3,7,7,0,0.071798747570719,0.201576333405312,1
u_522,0,0,0,0,0,0,0,0,0.957,0,0,0,0,0,0,1,1,2,2,1,0.0755776290218095,0.2020082055711509,0
u_5263,0,0,0,0,0,0,0,0,0.8,0,1,1,0,0,0,1,0,10,10,0,0.0674800259123299,0.2020082055711509,0
u_6409,0,0,0,0,0,0,0,0,0.8,0,0,1,0,0,0,1,0,2,2,1,0.0712589073634204,0.1994169725761174,0
u_887,0,0,0,0,0,0,0,0,0.778,0,1,1,0,0,0,1,0,11,11,0,0.0712589073634204,0.1976894839127618,0
u_7918,0,0,4,2,1,0,2,4,1.0,0,1,1,1,0,0,6,3,4,4,1,0.0750377888145109,0.1976894839127618,1
u_3404,0,0,0,0,0,0,0,0,0.824,0,1,0,0,0,0,1,0,11,11,0,0.0739581083999136,0.2020082055711509,0
u_2668,0,0,0,0,0,0,0,0,0.769,0,1,0,0,0,0,1,0,0,0,1,0.0739581083999136,0.2020082055711509,0
u_6806,3,1,4,2,0,3,2,4,1.0,1,0,1,1,0,0,6,4,19,19,0,0.0750377888145109,0.2020082055711509,1
u_3197,0,0,0,0,0,0,0,0,0.727,0,0,0,0,0,0,1,0,11,11,0,0.0739581083999136,0.1994169725761174,0
u_4656,0,0,0,0,0,0,0,0,0.818,0,1,0,0,0,0,1,0,15,15,0,0.0755776290218095,0.201576333405312,0
u_4030,0,0,0,0,0,0,0,0,0.762,0,1,0,0,0,0,1,0,23,23,0,0.0674800259123299,0.1993090045346577,0
u_5523,0,0,0,0,0,0,0,0,0.727,0,1,0,0,0,0,1,0,15,15,0,0.0712589073634204,0.201576333405312,0
u_6461,0,0,0,0,0,0,0,0,0.778,0,0,0,0,0,0,1,0,15,15,0,0.0684517382854675,0.1993090045346577,0
u_1550,0,0,0,0,0,0,0,0,0.727,0,1,0,0,0,0,1,0,5,5,1,0.0674800259123299,0.2020082055711509,0
u_6520,0,0,0,0,0,0,0,0,0.889,0,1,1,1,0,0,1,1,21,21,0,0.0739581083999136,0.1994169725761174,1
u_4425,0,0,0,0,0,0,0,0,0.8,0,1,0,0,0,0,1,0,10,10,0,0.0709350032390412,0.2020082055711509,0
u_4557,0,0,0,0,0,0,0,0,0.741,0,1,0,0,0,0,1,0,1,1,1,0.071798747570719,0.1976894839127618,0
u_5096,0,0,0,0,0,0,0,0,1.0,0,1,0,0,0,0,1,1,5,5,1,0.071798747570719,0.201576333405312,0
u_6579,2,0,2,1,1,2,1,2,1.0,0,0,0,0,0,0,4,4,11,11,0,0.0712589073634204,0.201576333405312,1
u_7320,4,0,5,0,0,4,0,5,1.0,0,1,0,0,0,0,5,3,21,21,0,0.071798747570719,0.1976894839127618,1
u_123,0,0,0,0,0,0,0,0,0.706,0,1,0,0,0,0,1,0,15,15,0,0.0712589073634204,0.1994169725761174,0
u_556,0,0,0,0,0,0,0,0,0.909,0,1,1,0,0,0,1,1,14,14,0,0.0755776290218095,0.1993090045346577,0
u_4066,0,0,0,0,0,0,0,0,0.762,0,1,0,0,0,0,1,0,7,7,0,0.0755776290218095,0.1994169725761174,0
u_525,0,0,0,0,0,0,0,0,0.778,0,0,0,0,0,0,1,0,18,18,0,0.0723385877780177,0.201576333405312,0
u_7983,5,1,5,4,0,5,4,5,1.0,0,1,0,0,0,0,4,4,1,1,1,0.0730943640682358,0.201576333405312,1
u_2563,0,0,0,0,0,0,0,0,0.778,0,1,1,0,0,0,1,0,14,14,0,0.0750377888145109,0.201576333405312,0
u_7969,0,0,2,0,0,0,0,2,0.952,1,0,0,0,0,0,5,2,20,20,0,0.0739581083999136,0.2020082055711509,1
u_604,0,0,0,0,0,0,0,0,0.8,0,1,1,0,0,0,1,0,3,3,1,0.0709350032390412,0.2020082055711509,0
u_6143,0,0,0,0,0,0,0,0,0.857,0,0,1,0,0,0,1,1,20,20,0,0.0684517382854675,0.1976894839127618,0
u_7926,1,1,1,0,0,1,0,1,0.714,0,0,1,1,0,0,3,2,16,16,0,0.0736342042755344,0.2020082055711509,1
u_6632,5,0,5,3,0,5,3,5,0.818,0,1,1,0,0,0,5,3,6,6,0,0.0736342042755344,0.1976894839127618,1
u_652,0,0,0,0,0,0,0,0,1.0,0,0,0,0,0,0,1,1,17,17,0,0.0643489527099978,0.1994169725761174,0
u_8393,0,0,0,0,0,0,0,0,0.815,1,0,1,1,0,0,1,0,22,22,0,0.0736342042755344,0.2020082055711509,1
u_2020,0,0,0,0,0,0,0,0,0.952,0,0,0,0,0,0,1,1,18,18,0,0.0674800259123299,0.201576333405312,0
u_2903,0,0,0,0,0,0,0,0,0.778,0,1,0,0,0,0,1,0,14,14,0,0.0681278341610883,0.1994169725761174,0
u_2494,0,0,0,0,0,0,0,0,1.0,0,1,0,0,0,0,1,1,0,0,1,0.0739581083999136,0.201576333405312,0
u_5986,0,0,0,0,0,0,0,0,0.75,0,1,1,0,0,0,1,0,0,0,1,0.0755776290218095,0.1994169725761174,0
u_2852,0,0,0,0,0,0,0,0,0.762,0,1,1,0,0,0,1,0,7,7,0,0.0712589073634204,0.1976894839127618,0
u_23,0,0,0,0,0,0,0,0,0.857,0,1,1,0,0,0,1,1,1,1,1,0.0684517382854675,0.1993090045346577,0
u_4946,0,0,0,0,0,0,0,0,0.783,0,1,0,0,0,0,1,0,14,14,0,0.0643489527099978,0.1994169725761174,0
u_4812,0,0,0,0,0,0,0,0,0.737,0,0,0,0,0,0,1,0,7,7,0,0.0755776290218095,0.201576333405312,0
u_4383,0,0,0,0,0,0,0,0,0.824,0,0,0,0,0,0,1,0,1,1,1,0.0739581083999136,0.1976894839127618,0
u_6884,2,2,2,0,0,2,0,2,0.963,0,1,1,0,0,0,4,3,19,19,0,0.071798747570719,0.2020082055711509,1
u_5859,0,0,0,0,0,0,0,0,0.762,0,1,1,0,0,0,1,0,2,2,1,0.0684517382854675,0.1976894839127618,0
u_6573,0,0,0,0,0,0,0,0,0.727,0,1,1,1,1,1,1,0,21,21,0,0.0723385877780177,0.1976894839127618,1
u_6470,0,0,0,0,0,0,0,0,1.0,0,1,0,0,0,0,1,1,6,6,0,0.0681278341610883,0.2020082055711509,0
u_4705,0,0,0,0,0,0,0,0,0.762,0,1,1,0,0,0,1,0,5,5,1,0.0709350032390412,0.1993090045346577,0
u_5744,0,0,0,0,0,0,0,0,1.0,0,0,1,0,0,0,1,1,1,1,1,0.0750377888145109,0.2020082055711509,0
u_1132,0,0,0,0,0,0,0,0,0.667,0,1,0,0,0,0,1,0,16,16,0,0.0730943640682358,0.201576333405312,0
u_52,0,0,0,0,0,0,0,0,0.737,0,1,1,0,0,0,1,0,14,14,0,0.0755776290218095,0.201576333405312,0
u_8618,1,0,1,0,0,1,0,1,1.0,0,1,0,0,0,0,3,3,14,14,0,0.0755776290218095,0.1994169725761174,1
u_1476,0,0,0,0,0,0,0,0,0.815,0,0,0,0,0,0,1,0,17,17,0,0.0723385877780177,0.201576333405312,0
u_5603,0,0,0,0,0,0,0,0,0.842,0,1,1,0,0,0,1,0,0,0,1,0.0684517382854675,0.201576333405312,0
u_6351,0,0,0,0,0,0,0,0,0.737,0,1,0,0,0,0,1,0,11,11,0,0.0739581083999136,0.2020082055711509,0
u_508,0,0,0,0,0,0,0,0,0.783,0,1,0,0,0,0,1,0,18,18,0,0.0712589073634204,0.2020082055711509,0
u_3385,0,0,0,0,0,0,0,0,0.952,0,1,0,0,0,0,1,1,5,5,1,0.0739581083999136,0.201576333405312,0
u_2315,0,0,0,0,0,0,0,0,0.667,0,0,0,0,0,0,1,0,2,2,1,0.0723385877780177,0.1976894839127618,0
u_4419,0,0,0,0,0,0,0,0,0.833,0,1,1,0,0,0,1,0,9,9,0,0.0736342042755344,0.201576333405312,0
u_2214,0,0,0,0,0,0,0,0,0.727,0,1,0,0,0,0,1,0,18,18,0,0.0730943640682358,0.1976894839127618,0
u_3074,0,0,0,0,0,0,0,0,0.714,0,1,0,0,0,0,1,0,20,20,0,0.0750377888145109,0.201576333405312,0
u_3748,0,0,0,0,0,0,0,0,0.75,0,0,0,0,0,0,1,0,22,22,0,0.0674800259123299,0.1994169725761174,0
u_924,0,0,0,0,0,0,0,0,0.8,0,0,1,0,0,0,1,0,15,15,0,0.0674800259123299,0.201576333405312,0
u_6465,0,0,0,0,0,0,0,0,0.737,0,1,0,0,0,0,1,0,0,0,1,0.071798747570719,0.2020082055711509,0
u_371,0,0,0,0,0,0,0,0,0.947,0,0,1,0,0,0,1,1,13,13,0,0.071798747570719,0.2020082055711509,0
u_2989,0,0,0,0,0,0,0,0,1.0,0,1,0,0,0,0,1,1,6,6,0,0.0755776290218095,0.1976894839127618,0
u_8488,1,1,1,0,0,1,0,1,0.8,1,0,0,0,1,1,3,2,5,5,1,0.0674800259123299,0.201576333405312,1
u_8609,0,0,1,0,0,0,0,1,0.875,0,1,1,0,0,0,3,2,15,15,0,0.0736342042755344,0.201576333405312,1
u_1165,0,0,0,0,0,0,0,0,0.737,0,0,0,0,0,0,1,0,9,9,0,0.0736342042755344,0.1994169725761174,0
u_2375,0,0,0,0,0,0,0,0,0.857,0,0,0,0,0,0,1,1,11,11,0,0.0755776290218095,0.201576333405312,0
u_3529,0,0,0,0,0,0,0,0,1.0,0,1,1,0,0,0,1,1,22,22,0,0.0736342042755344,0.2020082055711509,0
u_7345,0,0,0,0,0,0,0,0,0.923,0,0,1,1,0,0,1,1,8,8,0,0.0750377888145109,0.201576333405312,1
u_7856,2,2,2,0,0,2,0,2,0.941,0,0,0,0,0,0,4,3,10,10,0,0.0643489527099978,0.1976894839127618,1
u_610,0,0,0,0,0,0,0,0,0.857,0,0,1,0,0,0,1,1,12,12,0,0.0709350032390412,0.1993090045346577,0
u_3401,0,0,0,0,0,0,0,0,0.8,0,1,0,0,0,0,1,0,14,14,0,0.0755776290218095,0.1993090045346577,0
u_3768,0,0,0,0,0,0,0,0,1.0,0,1,0,0,0,0,1,1,12,12,0,0.0681278341610883,0.1976894839127618,0
u_1010,0,0,0,0,0,0,0,0,0.762,0,0,0,0,0,0,1,0,0,0,1,0.0750377888145109,0.2020082055711509,0
u_1728,0,0,0,0,0,0,0,0,0.737,0,1,0,0,0,0,1,0,8,8,0,0.0750377888145109,0.1976894839127618,0
u_3625,0,0,0,0,0,0,0,0,0.828,0,1,0,0,0,0,1,0,10,10,0,0.0739581083999136,0.1993090045346577,0
u_7881,1,0,1,1,0,1,1,1,1.0,1,0,1,1,0,0,3,4,18,18,0,0.0709350032390412,0.1994169725761174,1
u_2473,0,0,0,0,0,0,0,0,0.72,0,1,1,0,0,0,1,0,2,2,1,0.0674800259123299,0.2020082055711509,0
u_5775,0,0,0,0,0,0,0,0,0.667,0,1,1,0,0,0,1,0,10,10,0,0.0681278341610883,0.1994169725761174,0
u_1757,0,0,0,0,0,0,0,0,0.8,0,0,1,0,0,0,1,0,16,16,0,0.0681278341610883,0.1994169725761174,0
u_3704,0,0,0,0,0,0,0,0,0.762,0,1,0,0,0,0,1,0,19,19,0,0.0723385877780177,0.2020082055711509,0
u_6982,1,1,1,1,0,1,1,1,0.762,0,1,0,0,0,0,3,3,15,15,0,0.0712589073634204,0.1994169725761174,1
u_7468,0,0,1,1,1,0,1,1,1.0,0,0,1,0,0,0,3,3,3,3,1,0.0681278341610883,0.1993090045346577,1
u_4898,0,0,0,0,0,0,0,0,0.8,0,1,0,0,0,0,1,0,22,22,0,0.0736342042755344,0.1976894839127618,0
u_4892,0,0,0,0,0,0,0,0,0.75,0,1,0,0,0,0,1,0,20,20,0,0.0674800259123299,0.201576333405312,0
u_8871,0,0,1,1,0,0,1,1,0.6,0,1,1,1,0,0,3,2,22,22,0,0.0684517382854675,0.1993090045346577,1
u_7145,1,1,3,0,0,1,0,3,0.952,1,0,0,0,0,0,6,3,15,15,0,0.0643489527099978,0.201576333405312,1
u_6440,0,0,0,0,0,0,0,0,0.783,0,1,0,0,0,0,1,0,17,17,0,0.0755776290218095,0.1976894839127618,0
u_3353,0,0,0,0,0,0,0,0,0.783,0,1,0,0,0,0,1,0,15,15,0,0.0750377888145109,0.1976894839127618,0
u_1152,0,0,0,0,0,0,0,0,0.778,0,0,0,0,0,0,1,0,17,17,0,0.0723385877780177,0.2020082055711509,0
u_2313,0,0,0,0,0,0,0,0,0.783,0,0,0,0,0,0,1,0,10,10,0,0.0750377888145109,0.1994169725761174,0
u_1646,0,0,0,0,0,0,0,0,0.75,0,0,0,0,0,0,1,0,4,4,1,0.0674800259123299,0.2020082055711509,0
u_5961,0,0,0,0,0,0,0,0,0.778,0,1,0,0,0,0,1,0,22,22,0,0.0643489527099978,0.1976894839127618,0
u_3921,0,0,0,0,0,0,0,0,0.706,0,1,1,0,0,0,1,0,23,23,0,0.0723385877780177,0.201576333405312,0
u_4458,0,0,0,0,0,0,0,0,0.8,0,1,0,0,0,0,1,0,4,4,1,0.0681278341610883,0.1993090045346577,0
u_282,0,0,0,0,0,0,0,0,0.762,0,1,1,0,0,0,1,0,0,0,1,0.0730943640682358,0.1993090045346577,0
u_395,0,0,0,0,0,0,0,0,0.778,0,1,0,0,0,0,1,0,13,13,0,0.0684517382854675,0.1994169725761174,0
u_1559,0,0,0,0,0,0,0,0,0.8,0,1,1,0,0,0,1,0,11,11,0,0.0736342042755344,0.201576333405312,0
u_5296,0,0,0,0,0,0,0,0,0.846,0,0,0,0,0,0,1,0,5,5,1,0.0712589073634204,0.2020082055711509,0
u_99,0,0,0,0,0,0,0,0,0.737,0,1,1,0,0,0,1,0,18,18,0,0.0681278341610883,0.1976894839127618,0
u_6147,0,0,0,0,0,0,0,0,0.727,0,1,0,0,0,0,1,0,18,18,0,0.0736342042755344,0.1976894839127618,0
u_2937,0,0,0,0,0,0,0,0,0.737,0,1,0,0,0,0,1,0,20,20,0,0.0750377888145109,0.201576333405312,0
u_2645,0,0,0,0,0,0,0,0,0.818,0,1,1,0,0,0,1,0,6,6,0,0.0681278341610883,0.1976894839127618,0
u_8814,1,1,4,0,0,1,0,4,1.0,0,1,0,0,1,1,6,3,17,17,0,0.0736342042755344,0.1976894839127618,1
u_9059,0,0,2,0,0,0,0,2,0.947,0,1,1,1,0,0,3,2,18,18,0,0.0730943640682358,0.2020082055711509,1
u_6595,1,1,1,0,0,1,0,1,0.857,0,0,1,1,1,1,3,3,7,7,0,0.0736342042755344,0.1994169725761174,1
u_6008,0,0,0,0,0,0,0,0,0.727,0,0,0,0,0,0,1,0,3,3,1,0.0674800259123299,0.1994169725761174,0
u_4469,0,0,0,0,0,0,0,0,0.778,0,0,0,0,0,0,1,0,8,8,0,0.0739581083999136,0.2020082055711509,0
u_4181,0,0,0,0,0,0,0,0,0.75,0,0,0,0,0,0,1,0,20,20,0,0.0674800259123299,0.1976894839127618,0
u_5634,0,0,0,0,0,0,0,0,1.0,0,0,0,0,1,1,1,1,14,14,0,0.0723385877780177,0.201576333405312,0
u_483,0,0,0,0,0,0,0,0,0.786,0,1,1,0,0,0,1,0,7,7,0,0.0750377888145109,0.1993090045346577,0
u_808,0,0,0,0,0,0,0,0,0.75,0,0,0,0,0,0,1,0,6,6,0,0.0681278341610883,0.1994169725761174,0
u_6336,0,0,0,0,0,0,0,0,0.75,0,1,0,0,0,0,1,0,15,15,0,0.0739581083999136,0.1993090045346577,0
u_6704,0,0,0,0,0,0,0,0,0.714,0,1,1,1,0,0,1,0,9,9,0,0.0739581083999136,0.201576333405312,1
u_3784,0,0,0,0,0,0,0,0,1.0,0,0,0,0,0,0,1,1,2,2,1,0.0712589073634204,0.201576333405312,0
u_1271,0,0,0,0,0,0,0,0,0.774,0,1,0,0,0,0,1,0,2,2,1,0.0739581083999136,0.201576333405312,0
u_1581,0,0,0,0,0,0,0,0,0.615,0,1,0,0,0,0,1,0,7,7,0,0.0709350032390412,0.2020082055711509,0
u_2126,0,0,0,0,0,0,0,0,0.636,0,1,0,0,0,0,1,0,21,21,0,0.0643489527099978,0.1976894839127618,0
u_7099,3,2,3,0,0,3,0,3,1.0,1,0,0,0,0,0,4,3,6,6,0,0.0709350032390412,0.1993090045346577,1
u_5441,0,0,0,0,0,0,0,0,0.8,0,1,0,0,0,0,1,0,0,0,1,0.0681278341610883,0.1976894839127618,0
u_4686,0,0,0,0,0,0,0,0,0.75,0,0,0,0,0,0,1,0,21,21,0,0.0709350032390412,0.1993090045346577,0
u_7807,0,1,2,0,0,0,0,2,1.0,1,0,1,1,0,0,4,2,5,5,1,0.0739581083999136,0.1993090045346577,1
u_5272,0,0,0,0,0,0,0,0,0.8,0,0,0,0,0,0,1,0,7,7,0,0.0709350032390412,0.1994169725761174,0
u_9205,3,2,3,0,0,3,0,3,0.957,0,0,1,1,0,0,5,3,21,21,0,0.0739581083999136,0.1993090045346577,1
u_4344,0,0,0,0,0,0,0,0,0.75,0,0,0,0,0,0,1,0,4,4,1,0.0730943640682358,0.1994169725761174,0
u_655,0,0,0,0,0,0,0,0,0.696,0,1,1,0,0,0,1,0,10,10,0,0.0739581083999136,0.1993090045346577,0
u_892,0,0,0,0,0,0,0,0,1.0,0,1,0,0,0,0,1,1,7,7,0,0.0712589073634204,0.201576333405312,0
u_5464,0,0,0,0,0,0,0,0,0.75,0,1,0,0,0,0,1,0,6,6,0,0.071798747570719,0.1994169725761174,0
u_8587,2,1,2,0,0,2,0,2,1.0,1,0,1,0,0,0,4,3,13,13,0,0.0723385877780177,0.1993090045346577,1
u_1060,0,0,0,0,0,0,0,0,0.842,0,1,0,0,0,0,1,0,3,3,1,0.0712589073634204,0.2020082055711509,0
u_8059,2,1,4,1,0,2,1,4,1.0,0,0,1,1,0,0,8,4,15,15,0,0.0755776290218095,0.201576333405312,1
u_397,0,0,0,0,0,0,0,0,1.0,0,1,1,0,0,0,1,1,8,8,0,0.0736342042755344,0.2020082055711509,0
u_7051,1,0,1,0,0,1,0,1,0.769,0,1,1,0,0,0,3,2,12,12,0,0.0755776290218095,0.1976894839127618,1
u_1741,0,0,0,0,0,0,0,0,0.696,0,0,0,0,0,0,1,0,7,7,0,0.0712589073634204,0.2020082055711509,0
u_6290,0,0,0,0,0,0,0,0,0.769,0,0,0,0,0,0,1,0,18,18,0,0.0712589073634204,0.1976894839127618,0
u_4767,0,0,0,0,0,0,0,0,0.9,0,0,1,0,0,0,1,1,10,10,0,0.0723385877780177,0.1993090045346577,0
u_1982,0,0,0,0,0,0,0,0,0.857,0,0,0,0,0,0,1,1,19,19,0,0.0739581083999136,0.201576333405312,0
u_2787,0,0,0,0,0,0,0,0,0.947,0,1,0,0,0,0,1,1,17,17,0,0.0739581083999136,0.201576333405312,0
u_4440,0,0,0,0,0,0,0,0,0.762,0,0,0,0,0,0,1,0,16,16,0,0.0723385877780177,0.201576333405312,0
u_2653,0,0,0,0,0,0,0,0,0.762,0,0,1,0,0,0,1,0,19,19,0,0.0723385877780177,0.1976894839127618,0
u_2995,0,0,0,0,0,0,0,0,0.75,0,1,0,0,0,0,1,0,7,7,0,0.0684517382854675,0.1993090045346577,0
u_1251,0,0,0,0,0,0,0,0,0.737,0,1,0,0,0,0,1,0,19,19,0,0.0712589073634204,0.1994169725761174,0
u_5170,0,0,0,0,0,0,0,0,0.75,0,1,0,0,0,0,1,0,18,18,0,0.0739581083999136,0.1993090045346577,0
u_3516,0,0,0,0,0,0,0,0,0.783,0,0,0,0,0,0,1,0,22,22,0,0.0739581083999136,0.1993090045346577,0
u_3760,0,0,0,0,0,0,0,0,1.0,0,1,0,0,1,1,1,1,3,3,1,0.0723385877780177,0.201576333405312,0
u_5581,0,0,0,0,0,0,0,0,0.7,0,1,0,0,0,0,1,0,19,19,0,0.0750377888145109,0.1994169725761174,0
u_4518,0,0,0,0,0,0,0,0,0.741,0,0,1,0,0,0,1,0,13,13,0,0.0674800259123299,0.1993090045346577,0
u_6487,0,0,0,0,0,0,0,0,0.762,0,1,1,0,0,0,1,0,10,10,0,0.0755776290218095,0.1976894839127618,0
u_9096,0,0,0,0,0,0,0,0,0.727,0,1,1,0,0,0,1,0,14,14,0,0.0684517382854675,0.2020082055711509,1
u_216,0,0,0,0,0,0,0,0,0.727,0,1,0,0,0,0,1,0,15,15,0,0.0739581083999136,0.1994169725761174,0
u_6929,2,1,2,0,0,2,0,2,1.0,0,0,1,1,0,0,4,3,3,3,1,0.0681278341610883,0.1976894839127618,1
u_1608,0,0,0,0,0,0,0,0,0.783,0,1,0,0,0,0,1,0,22,22,0,0.071798747570719,0.201576333405312,0
u_4409,0,0,0,0,0,0,0,0,0.824,0,1,0,0,0,0,1,0,10,10,0,0.0643489527099978,0.201576333405312,0
u_3616,0,0,0,0,0,0,0,0,0.737,0,1,1,0,0,0,1,0,19,19,0,0.0684517382854675,0.201576333405312,0
u_6773,3,0,4,0,0,3,0,4,0.957,0,1,1,1,0,0,5,3,6,6,0,0.0674800259123299,0.1994169725761174,1
u_364,0,0,0,0,0,0,0,0,0.909,0,1,1,0,0,0,1,1,6,6,0,0.0684517382854675,0.201576333405312,0
u_2880,0,0,0,0,0,0,0,0,0.8,0,0,1,0,0,0,1,0,12,12,0,0.0730943640682358,0.1994169725761174,0
u_7037,2,0,2,1,0,2,1,2,1.0,0,1,1,1,0,0,4,4,2,2,1,0.0712589073634204,0.1994169725761174,1
u_2694,0,0,0,0,0,0,0,0,0.818,0,0,1,0,0,0,1,0,11,11,0,0.0643489527099978,0.201576333405312,0
u_4196,0,0,0,0,0,0,0,0,0.87,0,0,0,0,0,0,1,1,22,22,0,0.0643489527099978,0.1993090045346577,0
u_5250,0,0,0,0,0,0,0,0,0.75,0,1,1,0,0,0,1,0,13,13,0,0.0739581083999136,0.2020082055711509,0
u_6959,0,0,3,3,0,0,3,3,1.0,0,0,1,1,0,0,3,3,4,4,1,0.0723385877780177,0.2020082055711509,1
u_4682,0,0,0,0,0,0,0,0,0.714,0,1,1,0,0,0,1,0,4,4,1,0.0736342042755344,0.2020082055711509,0
u_3314,0,0,0,0,0,0,0,0,0.8,0,1,0,0,0,0,1,0,2,2,1,0.0709350032390412,0.201576333405312,0
u_8454,1,0,1,1,1,1,1,1,0.706,1,0,0,0,0,0,3,3,16,16,0,0.0730943640682358,0.1994169725761174,1
u_774,0,0,0,0,0,0,0,0,0.818,0,0,1,0,0,0,1,0,15,15,0,0.0739581083999136,0.1994169725761174,0
u_4790,0,0,0,0,0,0,0,0,0.783,0,1,0,0,0,0,1,0,5,5,1,0.0681278341610883,0.2020082055711509,0
u_4911,0,0,0,0,0,0,0,0,0.842,0,0,0,0,0,0,1,0,20,20,0,0.0730943640682358,0.1993090045346577,0
u_4077,0,0,0,0,0,0,0,0,0.75,0,1,0,0,0,0,1,0,15,15,0,0.0681278341610883,0.1993090045346577,0
u_199,0,0,0,0,0,0,0,0,0.783,0,0,0,0,0,0,1,0,1,1,1,0.0681278341610883,0.1976894839127618,0
u_4616,0,0,0,0,0,0,0,0,1.0,0,1,0,0,0,0,1,1,19,19,0,0.071798747570719,0.201576333405312,0
u_5534,0,0,0,0,0,0,0,0,0.75,0,0,0,0,0,0,1,0,19,19,0,0.071798747570719,0.1994169725761174,0
u_9118,0,0,1,0,0,0,0,1,0.762,0,1,1,1,0,0,3,1,13,13,0,0.0739581083999136,0.2020082055711509,1
u_8102,3,0,4,3,0,3,3,4,0.952,1,0,1,1,0,0,5,4,17,17,0,0.0674800259123299,0.1993090045346577,1
u_8603,0,0,4,4,0,0,4,4,0.952,1,0,0,0,0,0,5,3,1,1,1,0.0674800259123299,0.1994169725761174,1
u_7259,0,0,0,0,0,0,0,0,0.762,0,1,1,0,0,0,1,0,10,10,0,0.0723385877780177,0.2020082055711509,1
u_4952,0,0,0,0,0,0,0,0,0.667,0,1,1,0,0,0,1,0,3,3,1,0.0739581083999136,0.1993090045346577,0
u_9180,1,0,1,0,0,1,0,1,1.0,0,1,1,1,0,0,3,3,23,23,0,0.0739581083999136,0.2020082055711509,1
u_8811,0,0,2,2,1,0,2,2,0.889,1,0,1,1,0,0,4,3,14,14,0,0.0709350032390412,0.2020082055711509,1
u_6186,0,0,0,0,0,0,0,0,0.783,0,0,0,0,0,0,1,0,11,11,0,0.0739581083999136,0.1976894839127618,0
u_3235,0,0,0,0,0,0,0,0,0.783,0,1,0,0,0,0,1,0,6,6,0,0.0643489527099978,0.1994169725761174,0
u_2700,0,0,0,0,0,0,0,0,0.75,0,1,1,0,1,1,1,0,2,2,1,0.0681278341610883,0.2020082055711509,0
u_2270,0,0,0,0,0,0,0,0,0.818,0,1,1,0,0,0,1,0,20,20,0,0.0736342042755344,0.2020082055711509,0
u_3167,0,0,0,0,0,0,0,0,0.75,0,1,0,0,0,0,1,0,22,22,0,0.0674800259123299,0.1976894839127618,0
u_6311,0,0,0,0,0,0,0,0,0.75,0,1,0,0,0,0,1,0,21,21,0,0.0730943640682358,0.1994169725761174,0
u_1128,0,0,0,0,0,0,0,0,0.737,0,0,0,0,0,0,1,0,8,8,0,0.0739581083999136,0.201576333405312,0
u_1291,0,0,0,0,0,0,0,0,0.7,0,1,0,0,0,0,1,0,18,18,0,0.0730943640682358,0.2020082055711509,0
u_8339,0,0,0,0,0,0,0,0,0.778,1,0,1,1,1,1,1,0,11,11,0,0.071798747570719,0.1994169725761174,1
u_5360,0,0,0,0,0,0,0,0,0.75,0,1,0,0,0,0,1,0,17,17,0,0.0674800259123299,0.1976894839127618,0
u_5354,0,0,0,0,0,0,0,0,0.783,0,0,0,0,0,0,1,0,21,21,0,0.0739581083999136,0.1994169725761174,0
u_6642,0,0,2,0,0,0,0,2,1.0,0,0,1,1,0,0,5,2,6,6,0,0.0739581083999136,0.2020082055711509,1
u_1464,0,0,0,0,0,0,0,0,0.933,0,1,0,0,0,0,1,1,22,22,0,0.0739581083999136,0.201576333405312,0
u_4577,0,0,0,0,0,0,0,0,0.762,0,0,1,0,0,0,1,0,12,12,0,0.0709350032390412,0.1994169725761174,0
u_8957,0,0,0,0,0,0,0,0,0.706,1,0,1,1,0,0,1,0,15,15,0,0.071798747570719,0.1993090045346577,1
u_140,0,0,0,0,0,0,0,0,0.846,0,1,0,0,1,1,1,0,22,22,0,0.0723385877780177,0.2020082055711509,0
u_6631,2,0,2,1,0,2,1,2,0.762,1,0,0,0,0,0,4,3,4,4,1,0.0736342042755344,0.1994169725761174,1
u_5933,0,0,0,0,0,0,0,0,0.727,0,1,1,0,0,0,1,0,13,13,0,0.0681278341610883,0.201576333405312,0
u_5134,0,0,0,0,0,0,0,0,0.727,0,0,1,0,0,0,1,0,22,22,0,0.0736342042755344,0.1993090045346577,0
u_1224,0,0,0,0,0,0,0,0,0.737,0,1,0,0,0,0,1,0,19,19,0,0.0739581083999136,0.1976894839127618,0
u_5368,0,0,0,0,0,0,0,0,0.762,0,1,1,0,1,1,1,0,2,2,1,0.0736342042755344,0.201576333405312,0
u_707,0,0,0,0,0,0,0,0,0.909,0,0,1,0,0,0,1,1,13,13,0,0.0739581083999136,0.2020082055711509,0
u_8972,0,0,1,0,0,0,0,1,0.96,1,0,1,1,0,0,3,2,14,14,0,0.0730943640682358,0.1976894839127618,1
u_5684,0,0,0,0,0,0,0,0,0.963,0,0,0,0,0,0,1,1,3,3,1,0.0709350032390412,0.1994169725761174,0
u_4706,0,0,0,0,0,0,0,0,0.696,0,0,0,0,0,0,1,0,18,18,0,0.0712589073634204,0.1976894839127618,0
u_7220,3,0,4,4,1,3,4,4,0.857,0,0,1,1,0,0,4,4,3,3,1,0.0674800259123299,0.201576333405312,1
u_4372,0,0,0,0,0,0,0,0,0.8,0,1,1,0,0,0,1,0,12,12,0,0.0755776290218095,0.1993090045346577,0
u_7630,0,0,1,0,0,0,0,1,1.0,0,0,1,0,0,0,3,2,21,21,0,0.0674800259123299,0.1994169725761174,1
u_1947,0,0,0,0,0,0,0,0,0.737,0,0,0,0,0,0,1,0,4,4,1,0.0730943640682358,0.201576333405312,0
u_8442,0,0,0,0,0,0,0,0,0.857,0,1,1,1,0,0,1,1,1,1,1,0.0712589073634204,0.1993090045346577,1
u_5348,0,0,0,0,0,0,0,0,0.727,0,1,1,0,0,0,1,0,7,7,0,0.0739581083999136,0.1976894839127618,0
u_9034,0,1,3,0,0,0,0,3,1.0,1,0,1,1,0,0,3,2,6,6,0,0.0723385877780177,0.1993090045346577,1
u_3574,0,0,0,0,0,0,0,0,0.727,0,1,0,0,0,0,1,0,5,5,1,0.0643489527099978,0.2020082055711509,0
u_7247,2,2,3,3,0,2,3,3,0.818,1,0,1,1,0,0,4,3,5,5,1,0.0709350032390412,0.201576333405312,1
u_5894,0,0,0,0,0,0,0,0,1.0,0,0,0,0,0,0,1,1,9,9,0,0.0730943640682358,0.1993090045346577,0
u_5141,0,0,0,0,0,0,0,0,0.815,0,1,1,0,0,0,1,0,9,9,0,0.0723385877780177,0.201576333405312,0
u_65,0,0,0,0,0,0,0,0,0.8,0,0,1,0,0,0,1,0,10,10,0,0.0681278341610883,0.1993090045346577,0
u_3469,0,0,0,0,0,0,0,0,1.0,0,1,0,0,0,0,1,1,10,10,0,0.0755776290218095,0.201576333405312,0
u_5225,0,0,0,0,0,0,0,0,0.846,0,1,1,0,0,0,1,0,12,12,0,0.0755776290218095,0.1994169725761174,0
u_798,0,0,0,0,0,0,0,0,1.0,0,1,0,0,0,0,1,1,9,9,0,0.0755776290218095,0.2020082055711509,0
u_7879,0,0,2,0,0,0,0,2,0.818,1,0,1,1,0,0,5,1,6,6,0,0.0750377888145109,0.2020082055711509,1
u_1979,0,0,0,0,0,0,0,0,1.0,0,1,0,0,0,0,1,1,16,16,0,0.0730943640682358,0.1976894839127618,0
u_1545,0,0,0,0,0,0,0,0,0.783,0,1,1,0,0,0,1,0,17,17,0,0.0739581083999136,0.2020082055711509,0
u_8090,1,0,1,1,0,1,1,1,0.783,1,0,1,1,0,0,3,3,4,4,1,0.071798747570719,0.1993090045346577,1
u_2556,0,0,0,0,0,0,0,0,0.818,0,1,0,0,0,0,1,0,22,22,0,0.0681278341610883,0.2020082055711509,0
u_194,0,0,0,0,0,0,0,0,0.778,0,0,0,0,0,0,1,0,11,11,0,0.0739581083999136,0.1976894839127618,0
u_6094,0,0,0,0,0,0,0,0,0.762,0,1,0,0,0,0,1,0,11,11,0,0.0755776290218095,0.201576333405312,0
u_8750,0,0,0,0,0,0,0,0,0.9,0,1,1,1,0,0,1,1,2,2,1,0.0730943640682358,0.2020082055711509,1
u_8887,5,2,5,0,0,5,0,5,0.857,0,0,1,1,0,0,5,3,15,15,0,0.0643489527099978,0.201576333405312,1
u_8697,0,0,0,0,0,0,0,0,0.692,1,0,0,0,0,0,1,0,20,20,0,0.0750377888145109,0.1993090045346577,1
u_2621,0,0,0,0,0,0,0,0,0.762,0,1,0,0,0,0,1,0,7,7,0,0.0723385877780177,0.1976894839127618,0
u_6829,1,0,1,0,0,1,0,1,0.762,0,1,1,0,0,0,3,2,9,9,0,0.0681278341610883,0.1976894839127618,1
u_1373,0,0,0,0,0,0,0,0,1.0,0,1,1,0,0,0,1,1,1,1,1,0.0736342042755344,0.1994169725761174,0
u_2354,0,0,0,0,0,0,0,0,0.857,0,1,0,0,1,1,1,1,11,11,0,0.0736342042755344,0.1976894839127618,0
u_3759,0,0,0,0,0,0,0,0,0.87,0,0,0,0,0,0,1,1,6,6,0,0.0755776290218095,0.1993090045346577,0
u_6995,1,2,2,0,0,1,0,2,0.833,1,0,1,1,0,0,4,2,2,2,1,0.0736342042755344,0.1976894839127618,1
u_5,0,0,0,0,0,0,0,0,0.783,0,1,0,0,0,0,1,0,12,12,0,0.0674800259123299,0.1976894839127618,0
u_31,0,0,0,0,0,0,0,0,0.727,0,1,0,0,0,0,1,0,0,0,1,0.0643489527099978,0.201576333405312,0
u_4499,0,0,0,0,0,0,0,0,0.75,0,1,1,0,0,0,1,0,7,7,0,0.0755776290218095,0.201576333405312,0
u_6831,0,2,3,0,0,0,0,3,1.0,0,1,0,0,0,0,5,2,10,10,0,0.0681278341610883,0.1976894839127618,1
u_4240,0,0,0,0,0,0,0,0,0.762,0,1,0,0,0,0,1,0,13,13,0,0.0709350032390412,0.1976894839127618,0
u_748,0,0,0,0,0,0,0,0,0.783,0,0,0,0,0,0,1,0,17,17,0,0.0681278341610883,0.1994169725761174,0
u_8838,1,0,2,1,0,1,1,2,0.963,1,0,1,1,0,0,5,4,7,7,0,0.071798747570719,0.1976894839127618,1
u_2839,0,0,0,0,0,0,0,0,0.7,0,1,0,0,0,0,1,0,14,14,0,0.071798747570719,0.1994169725761174,0
u_1051,0,0,0,0,0,0,0,0,0.769,0,0,0,0,0,0,1,0,0,0,1,0.0739581083999136,0.2020082055711509,0
u_7762,0,0,2,2,0,0,2,2,1.0,1,0,1,1,0,0,4,3,16,16,0,0.071798747570719,0.1994169725761174,1
u_2424,0,0,0,0,0,0,0,0,0.96,0,0,0,0,0,0,1,1,18,18,0,0.0755776290218095,0.1994169725761174,0
u_3185,0,0,0,0,0,0,0,0,0.762,0,1,0,0,0,0,1,0,14,14,0,0.0739581083999136,0.201576333405312,0
u_2670,0,0,0,0,0,0,0,0,0.818,0,1,0,0,0,0,1,0,17,17,0,0.0643489527099978,0.1993090045346577,0
u_6877,0,0,1,1,1,0,1,1,0.957,0,1,1,1,0,0,3,3,2,2,1,0.0674800259123299,0.1994169725761174,1
u_3288,0,0,0,0,0,0,0,0,0.783,0,1,0,0,0,0,1,0,17,17,0,0.0736342042755344,0.201576333405312,0
u_329,0,0,0,0,0,0,0,0,0.833,0,1,0,0,0,0,1,0,8,8,0,0.0750377888145109,0.201576333405312,0
u_3356,0,0,0,0,0,0,0,0,0.762,0,1,0,0,0,0,1,0,8,8,0,0.0739581083999136,0.2020082055711509,0
u_171,0,0,0,0,0,0,0,0,1.0,0,1,0,0,0,0,1,1,7,7,0,0.071798747570719,0.201576333405312,0
u_9053,2,0,2,0,0,2,0,2,1.0,0,1,1,1,0,0,3,3,11,11,0,0.0755776290218095,0.1976894839127618,1
u_2818,0,0,0,0,0,0,0,0,0.8,0,1,0,0,0,0,1,0,5,5,1,0.0712589073634204,0.2020082055711509,0
u_2817,0,0,0,0,0,0,0,0,0.875,0,1,0,0,0,0,1,1,6,6,0,0.0739581083999136,0.1994169725761174,0
u_8055,1,1,1,0,0,1,0,1,0.952,1,0,0,0,0,0,3,3,8,8,0,0.0674800259123299,0.1993090045346577,1
u_1235,0,0,0,0,0,0,0,0,0.762,0,1,0,0,0,0,1,0,6,6,0,0.0674800259123299,0.201576333405312,0
u_5865,0,0,0,0,0,0,0,0,0.769,0,1,0,0,0,0,1,0,5,5,1,0.0712589073634204,0.1993090045346577,0
u_2266,0,0,0,0,0,0,0,0,0.75,0,1,1,0,0,0,1,0,21,21,0,0.0736342042755344,0.1976894839127618,0
u_7797,2,0,2,0,0,2,0,2,0.857,1,0,1,0,0,0,3,3,9,9,0,0.0674800259123299,0.2020082055711509,1
u_5113,0,0,0,0,0,0,0,0,0.75,0,0,0,0,0,0,1,0,11,11,0,0.0755776290218095,0.1993090045346577,0
u_1356,0,0,0,0,0,0,0,0,0.778,0,1,0,0,0,0,1,0,17,17,0,0.0730943640682358,0.1993090045346577,0
u_3807,0,0,0,0,0,0,0,0,0.737,0,1,1,0,0,0,1,0,8,8,0,0.0739581083999136,0.1993090045346577,0
u_3213,0,0,0,0,0,0,0,0,0.8,0,1,0,0,1,1,1,0,20,20,0,0.0643489527099978,0.1994169725761174,0
u_5975,0,0,0,0,0,0,0,0,0.842,0,1,0,0,0,0,1,0,10,10,0,0.0730943640682358,0.201576333405312,0
u_6232,0,0,0,0,0,0,0,0,0.783,0,0,0,0,0,0,1,0,5,5,1,0.0750377888145109,0.2020082055711509,0
u_1564,0,0,0,0,0,0,0,0,0.667,0,0,1,0,0,0,1,0,22,22,0,0.0723385877780177,0.201576333405312,0
u_1443,0,0,0,0,0,0,0,0,0.87,0,1,0,0,0,0,1,1,2,2,1,0.0712589073634204,0.1993090045346577,0
u_236,0,0,0,0,0,0,0,0,0.778,0,1,0,0,0,0,1,0,21,21,0,0.0736342042755344,0.1994169725761174,0
u_3889,0,0,0,0,0,0,0,0,0.846,0,0,1,0,0,0,1,0,12,12,0,0.0684517382854675,0.1993090045346577,0
u_1118,0,0,0,0,0,0,0,0,0.75,0,1,1,0,0,0,1,0,23,23,0,0.0681278341610883,0.1993090045346577,0
u_8269,2,0,3,2,0,2,2,3,0.889,0,1,1,0,0,0,5,4,23,23,0,0.0681278341610883,0.1976894839127618,1
u_6036,0,0,0,0,0,0,0,0,1.0,0,1,1,0,1,1,1,1,21,21,0,0.0681278341610883,0.2020082055711509,0
u_5801,0,0,0,0,0,0,0,0,0.667,0,1,0,0,1,1,1,0,12,12,0,0.0736342042755344,0.1993090045346577,0
u_4580,0,0,0,0,0,0,0,0,0.875,0,0,0,0,0,0,1,1,0,0,1,0.0709350032390412,0.1993090045346577,0
u_2009,0,0,0,0,0,0,0,0,0.824,0,1,0,0,0,0,1,0,10,10,0,0.0723385877780177,0.2020082055711509,0
u_917,0,0,0,0,0,0,0,0,0.696,0,1,0,0,0,0,1,0,14,14,0,0.0709350032390412,0.201576333405312,0
u_7978,0,0,0,0,0,0,0,0,1.0,0,0,1,1,1,1,1,1,21,21,0,0.0755776290218095,0.201576333405312,1
u_4997,0,0,0,0,0,0,0,0,0.875,0,1,0,0,0,0,1,1,2,2,1,0.0736342042755344,0.1994169725761174,0
u_7324,2,2,2,0,0,2,0,2,0.857,1,0,1,1,0,0,3,3,4,4,1,0.0709350032390412,0.1994169725761174,1
u_8574,0,1,3,1,0,0,1,3,1.0,0,1,1,1,0,0,6,3,7,7,0,0.071798747570719,0.201576333405312,1
u_1135,0,0,0,0,0,0,0,0,0.8,0,1,0,0,0,0,1,0,14,14,0,0.0750377888145109,0.1993090045346577,0
u_3396,0,0,0,0,0,0,0,0,1.0,0,0,0,0,0,0,1,1,16,16,0,0.0681278341610883,0.201576333405312,0
u_8549,1,0,1,1,1,1,1,1,0.692,1,0,1,1,0,0,3,3,0,0,1,0.0643489527099978,0.2020082055711509,1
u_7540,0,0,0,0,0,0,0,0,0.714,1,0,1,1,0,0,1,0,18,18,0,0.0684517382854675,0.201576333405312,1
u_6106,0,0,0,0,0,0,0,0,0.783,0,1,0,0,0,0,1,0,16,16,0,0.0730943640682358,0.1993090045346577,0
u_1835,0,0,0,0,0,0,0,0,0.737,0,0,0,0,0,0,1,0,18,18,0,0.0739581083999136,0.1994169725761174,0
u_575,0,0,0,0,0,0,0,0,0.8,0,1,0,0,1,1,1,0,11,11,0,0.0643489527099978,0.1994169725761174,0
u_7661,0,0,0,0,0,0,0,0,0.737,0,0,1,1,0,0,1,0,2,2,1,0.0709350032390412,0.1993090045346577,1
u_1075,0,0,0,0,0,0,0,0,1.0,0,1,1,0,0,0,1,1,10,10,0,0.0739581083999136,0.1993090045346577,0
u_9104,0,0,2,0,0,0,0,2,1.0,0,0,1,1,0,0,5,2,9,9,0,0.0643489527099978,0.2020082055711509,1
u_1374,0,0,0,0,0,0,0,0,0.783,0,1,0,0,0,0,1,0,7,7,0,0.0739581083999136,0.2020082055711509,0
u_747,0,0,0,0,0,0,0,0,0.727,0,0,1,0,0,0,1,0,14,14,0,0.0739581083999136,0.1993090045346577,0
u_7944,1,0,2,2,0,1,2,2,1.0,0,0,1,0,0,0,4,4,21,21,0,0.0739581083999136,0.1993090045346577,1
u_5149,0,0,0,0,0,0,0,0,0.727,0,1,1,0,0,0,1,0,1,1,1,0.0712589073634204,0.2020082055711509,0
u_1642,0,0,0,0,0,0,0,0,0.778,0,0,0,0,0,0,1,0,10,10,0,0.0755776290218095,0.2020082055711509,0
u_7625,3,0,3,2,1,3,2,3,1.0,0,1,0,0,0,0,4,4,11,11,0,0.0739581083999136,0.2020082055711509,1
u_8682,0,1,1,1,1,0,1,1,0.7,0,1,1,0,0,0,3,2,15,15,0,0.0750377888145109,0.1993090045346577,1
u_5329,0,0,0,0,0,0,0,0,0.737,0,0,0,0,0,0,1,0,9,9,0,0.071798747570719,0.201576333405312,0
u_4994,0,0,0,0,0,0,0,0,0.8,0,0,1,0,0,0,1,0,3,3,1,0.0755776290218095,0.201576333405312,0
u_5964,0,0,0,0,0,0,0,0,0.833,0,1,0,0,0,0,1,0,12,12,0,0.0730943640682358,0.1976894839127618,0
u_5789,0,0,0,0,0,0,0,0,1.0,0,1,0,0,0,0,1,1,22,22,0,0.0755776290218095,0.201576333405312,0
u_7219,1,0,1,1,1,1,1,1,0.783,0,1,1,0,0,0,3,3,1,1,1,0.0674800259123299,0.201576333405312,1
u_8183,1,1,1,0,0,1,0,1,1.0,1,0,1,1,0,0,3,3,7,7,0,0.0643489527099978,0.1976894839127618,1
u_7379,0,0,2,0,0,0,0,2,0.818,1,0,1,0,0,0,3,1,0,0,1,0.0739581083999136,0.201576333405312,1
u_3121,0,0,0,0,0,0,0,0,0.741,0,0,0,0,0,0,1,0,21,21,0,0.0674800259123299,0.1993090045346577,0
u_7641,0,0,0,0,0,0,0,0,0.783,0,1,1,1,0,0,1,0,9,9,0,0.0750377888145109,0.1993090045346577,1
u_6206,0,0,0,0,0,0,0,0,1.0,0,0,0,0,0,0,1,1,21,21,0,0.0684517382854675,0.1993090045346577,0
u_7277,2,0,4,0,0,2,0,4,1.0,0,1,1,1,0,0,6,3,0,0,1,0.0681278341610883,0.2020082055711509,1
u_5024,0,0,0,0,0,0,0,0,0.8,0,1,1,0,0,0,1,0,13,13,0,0.0739581083999136,0.1994169725761174,0
u_6814,1,1,1,1,1,1,1,1,0.833,0,1,1,1,0,0,3,3,13,13,0,0.0684517382854675,0.1994169725761174,1
u_6896,2,1,3,1,0,2,1,3,0.889,0,1,0,0,0,0,6,4,19,19,0,0.0736342042755344,0.201576333405312,1
u_3485,0,0,0,0,0,0,0,0,0.75,0,1,0,0,0,0,1,0,9,9,0,0.0709350032390412,0.1976894839127618,0
u_4853,0,0,0,0,0,0,0,0,0.818,0,1,0,0,0,0,1,0,11,11,0,0.0684517382854675,0.201576333405312,0
u_4636,0,0,0,0,0,0,0,0,0.714,0,1,0,0,0,0,1,0,14,14,0,0.0709350032390412,0.1994169725761174,0
u_2120,0,0,0,0,0,0,0,0,0.636,0,1,0,0,0,0,1,0,10,10,0,0.0730943640682358,0.1976894839127618,0
u_1438,0,0,0,0,0,0,0,0,0.815,0,1,0,0,0,0,1,0,3,3,1,0.0723385877780177,0.2020082055711509,0
u_6345,0,0,0,0,0,0,0,0,0.727,0,1,0,0,0,0,1,0,14,14,0,0.0712589073634204,0.1993090045346577,0
u_883,0,0,0,0,0,0,0,0,0.72,0,1,0,0,0,0,1,0,4,4,1,0.071798747570719,0.1994169725761174,0
u_4229,0,0,0,0,0,0,0,0,0.769,0,1,0,0,0,0,1,0,2,2,1,0.0755776290218095,0.201576333405312,0
u_5476,0,0,0,0,0,0,0,0,0.727,0,1,0,0,0,0,1,0,22,22,0,0.0736342042755344,0.1993090045346577,0
u_13,0,0,0,0,0,0,0,0,0.706,0,0,0,0,1,1,1,0,21,21,0,0.0681278341610883,0.1976894839127618,0
u_7854,4,4,5,2,0,4,2,5,0.824,0,1,0,0,0,0,7,3,11,11,0,0.0643489527099978,0.2020082055711509,1
u_4763,0,0,0,0,0,0,0,0,0.8,0,1,0,0,0,0,1,0,3,3,1,0.0755776290218095,0.1994169725761174,0
u_1566,0,0,0,0,0,0,0,0,0.706,0,1,1,0,0,0,1,0,14,14,0,0.0709350032390412,0.1993090045346577,0
u_2532,0,0,0,0,0,0,0,0,0.762,0,0,0,0,0,0,1,0,19,19,0,0.071798747570719,0.201576333405312,0
u_7349,0,0,4,0,0,0,0,4,0.96,1,0,1,1,0,0,6,2,13,13,0,0.0739581083999136,0.201576333405312,1
u_2842,0,0,0,0,0,0,0,0,0.696,0,0,0,0,0,0,1,0,3,3,1,0.071798747570719,0.201576333405312,0
u_318,0,0,0,0,0,0,0,0,0.846,0,1,0,0,0,0,1,0,9,9,0,0.0739581083999136,0.2020082055711509,0
u_153,0,0,0,0,0,0,0,0,0.87,0,1,0,0,0,0,1,1,4,4,1,0.0736342042755344,0.201576333405312,0
u_3949,0,0,0,0,0,0,0,0,0.818,0,0,0,0,0,0,1,0,13,13,0,0.0730943640682358,0.1993090045346577,0
u_2501,0,0,0,0,0,0,0,0,0.818,0,1,0,0,0,0,1,0,17,17,0,0.0681278341610883,0.201576333405312,0
u_1640,0,0,0,0,0,0,0,0,1.0,0,1,0,0,0,0,1,1,12,12,0,0.0755776290218095,0.1976894839127618,0
u_7474,0,0,0,0,0,0,0,0,0.667,0,0,1,1,0,0,1,0,0,0,1,0.0674800259123299,0.201576333405312,1
u_7862,3,0,3,2,0,3,2,3,1.0,0,1,0,0,0,0,4,4,7,7,0,0.0681278341610883,0.201576333405312,1
u_2066,0,0,0,0,0,0,0,0,0.957,0,1,0,0,0,0,1,1,3,3,1,0.0643489527099978,0.1994169725761174,0
u_5147,0,0,0,0,0,0,0,0,0.8,0,1,0,0,0,0,1,0,0,0,1,0.0643489527099978,0.1993090045346577,0
u_1064,0,0,0,0,0,0,0,0,0.9,0,0,0,0,0,0,1,1,16,16,0,0.0712589073634204,0.2020082055711509,0
u_2003,0,0,0,0,0,0,0,0,0.696,0,1,0,0,0,0,1,0,9,9,0,0.0684517382854675,0.1976894839127618,0
u_5301,0,0,0,0,0,0,0,0,0.762,0,0,0,0,0,0,1,0,4,4,1,0.0739581083999136,0.2020082055711509,0
u_711,0,0,0,0,0,0,0,0,0.769,0,1,0,0,0,0,1,0,2,2,1,0.0755776290218095,0.2020082055711509,0
u_3259,0,0,0,0,0,0,0,0,0.957,0,1,0,0,0,0,1,1,11,11,0,0.0739581083999136,0.1993090045346577,0
u_3080,0,0,0,0,0,0,0,0,0.737,0,0,1,0,0,0,1,0,22,22,0,0.0739581083999136,0.201576333405312,0
u_7823,0,0,2,1,0,0,1,2,0.96,0,1,1,1,0,0,5,3,10,10,0,0.0674800259123299,0.1994169725761174,1
u_7987,2,0,3,0,0,2,0,3,1.0,0,0,1,0,0,0,6,3,10,10,0,0.0709350032390412,0.201576333405312,1
u_626,0,0,0,0,0,0,0,0,0.815,0,0,0,0,0,0,1,0,20,20,0,0.0674800259123299,0.1994169725761174,0
u_980,0,0,0,0,0,0,0,0,0.778,0,0,0,0,0,0,1,0,19,19,0,0.0750377888145109,0.201576333405312,0
u_2967,0,0,0,0,0,0,0,0,0.842,0,1,1,0,0,0,1,0,23,23,0,0.0681278341610883,0.2020082055711509,0
u_898,0,0,0,0,0,0,0,0,0.8,0,0,0,0,0,0,1,0,14,14,0,0.0709350032390412,0.1994169725761174,0
u_1058,0,0,0,0,0,0,0,0,0.783,0,0,0,0,0,0,1,0,15,15,0,0.0643489527099978,0.1976894839127618,0
u_809,0,0,0,0,0,0,0,0,0.762,0,1,1,0,0,0,1,0,17,17,0,0.0730943640682358,0.1976894839127618,0
u_7305,0,0,0,0,0,0,0,0,0.737,1,0,1,1,0,0,1,0,8,8,0,0.0684517382854675,0.1976894839127618,1
u_2080,0,0,0,0,0,0,0,0,0.846,0,1,1,0,0,0,1,0,6,6,0,0.0739581083999136,0.1976894839127618,0
u_6634,0,0,0,0,0,0,0,0,0.615,0,1,0,0,0,0,1,0,17,17,0,0.0709350032390412,0.1976894839127618,1
u_1218,0,0,0,0,0,0,0,0,0.889,0,0,0,0,0,0,1,1,21,21,0,0.0681278341610883,0.1993090045346577,0
u_4080,0,0,0,0,0,0,0,0,0.64,0,0,0,0,0,0,1,0,2,2,1,0.0674800259123299,0.201576333405312,0
u_6135,0,0,0,0,0,0,0,0,0.9,0,0,1,0,0,0,1,1,14,14,0,0.0730943640682358,0.2020082055711509,0
u_2525,0,0,0,0,0,0,0,0,0.75,0,1,0,0,0,0,1,0,17,17,0,0.0750377888145109,0.1993090045346577,0
u_1314,0,0,0,0,0,0,0,0,0.737,0,1,1,0,0,0,1,0,21,21,0,0.0674800259123299,0.1993090045346577,0
u_6977,1,0,1,0,0,1,0,1,0.769,0,1,1,1,0,0,3,2,3,3,1,0.0712589073634204,0.1976894839127618,1
u_4021,0,0,0,0,0,0,0,0,0.857,0,0,0,0,0,0,1,1,19,19,0,0.0709350032390412,0.1976894839127618,0
u_8997,1,1,1,0,0,1,0,1,0.8,0,1,1,0,0,0,3,2,6,6,0,0.0730943640682358,0.2020082055711509,1
u_6418,0,0,0,0,0,0,0,0,0.769,0,1,0,0,0,0,1,0,19,19,0,0.0643489527099978,0.2020082055711509,0
u_5028,0,0,0,0,0,0,0,0,0.75,0,1,0,0,0,0,1,0,14,14,0,0.0709350032390412,0.1976894839127618,0
u_1671,0,0,0,0,0,0,0,0,0.72,0,0,0,0,0,0,1,0,10,10,0,0.0750377888145109,0.1993090045346577,0
u_1162,0,0,0,0,0,0,0,0,0.75,0,0,0,0,0,0,1,0,14,14,0,0.0755776290218095,0.201576333405312,0
u_8424,0,0,0,0,0,0,0,0,0.6,0,1,0,0,0,0,1,0,15,15,0,0.0750377888145109,0.1976894839127618,1
u_2707,0,0,0,0,0,0,0,0,0.833,0,1,1,0,0,0,1,0,1,1,1,0.0712589073634204,0.2020082055711509,0
u_5996,0,0,0,0,0,0,0,0,0.783,0,1,1,0,0,0,1,0,13,13,0,0.0723385877780177,0.1994169725761174,0
u_8668,3,0,3,2,0,3,2,3,0.947,0,0,1,0,0,0,4,4,3,3,1,0.0739581083999136,0.201576333405312,1
u_6870,1,0,1,0,0,1,0,1,0.762,1,0,1,1,0,0,3,2,10,10,0,0.0739581083999136,0.1976894839127618,1
u_7578,0,0,0,0,0,0,0,0,0.889,0,1,0,0,0,0,1,1,16,16,0,0.071798747570719,0.201576333405312,1
u_4427,0,0,0,0,0,0,0,0,1.0,0,1,1,0,0,0,1,1,14,14,0,0.0674800259123299,0.201576333405312,0
u_2994,0,0,0,0,0,0,0,0,0.8,0,1,1,0,0,0,1,0,16,16,0,0.0736342042755344,0.2020082055711509,0
u_2829,0,0,0,0,0,0,0,0,0.667,0,1,1,0,0,0,1,0,10,10,0,0.0739581083999136,0.1993090045346577,0
u_8915,0,1,2,1,0,0,1,2,0.947,1,0,1,1,0,0,5,3,23,23,0,0.0723385877780177,0.1976894839127618,1
u_107,0,0,0,0,0,0,0,0,0.8,0,1,0,0,0,0,1,0,2,2,1,0.0730943640682358,0.1976894839127618,0
u_777,0,0,0,0,0,0,0,0,0.762,0,1,1,0,0,0,1,0,19,19,0,0.0755776290218095,0.1976894839127618,0
u_6875,0,0,0,0,0,0,0,0,0.783,1,0,0,0,0,0,1,0,2,2,1,0.0739581083999136,0.201576333405312,1
u_8157,0,0,1,1,0,0,1,1,0.818,0,1,1,1,0,0,3,2,9,9,0,0.0674800259123299,0.1993090045346577,1
u_3841,0,0,0,0,0,0,0,0,1.0,0,1,0,0,0,0,1,1,22,22,0,0.0739581083999136,0.201576333405312,0
u_1852,0,0,0,0,0,0,0,0,1.0,0,0,0,0,0,0,1,1,0,0,1,0.0739581083999136,0.1993090045346577,0
u_3058,0,0,0,0,0,0,0,0,0.88,0,1,0,0,0,0,1,1,12,12,0,0.0712589073634204,0.1994169725761174,0
u_4047,0,0,0,0,0,0,0,0,0.769,0,1,0,0,0,0,1,0,12,12,0,0.0755776290218095,0.1993090045346577,0
u_70,0,0,0,0,0,0,0,0,0.714,0,0,0,0,0,0,1,0,9,9,0,0.0739581083999136,0.1993090045346577,0
u_6226,0,0,0,0,0,0,0,0,0.778,0,1,0,0,0,0,1,0,18,18,0,0.0739581083999136,0.201576333405312,0
u_2490,0,0,0,0,0,0,0,0,0.857,0,0,0,0,0,0,1,1,7,7,0,0.0755776290218095,0.201576333405312,0
u_8531,0,0,1,1,1,0,1,1,0.737,0,0,1,0,0,0,3,2,11,11,0,0.0712589073634204,0.1976894839127618,1
u_2101,0,0,0,0,0,0,0,0,0.75,0,1,0,0,0,0,1,0,13,13,0,0.0684517382854675,0.1976894839127618,0
u_9097,0,0,2,0,0,0,0,2,0.667,0,1,1,1,0,0,3,1,15,15,0,0.0684517382854675,0.1976894839127618,1
u_5317,0,0,0,0,0,0,0,0,0.783,0,1,0,0,0,0,1,0,1,1,1,0.0730943640682358,0.1993090045346577,0
u_2849,0,0,0,0,0,0,0,0,0.737,0,0,0,0,0,0,1,0,15,15,0,0.0739581083999136,0.1976894839127618,0
u_2409,0,0,0,0,0,0,0,0,0.75,0,1,0,0,0,0,1,0,13,13,0,0.0730943640682358,0.1993090045346577,0
u_4586,0,0,0,0,0,0,0,0,0.8,0,1,0,0,0,0,1,0,23,23,0,0.0755776290218095,0.1976894839127618,0
u_6575,2,2,2,0,0,2,0,2,0.762,0,1,1,1,0,0,3,2,23,23,0,0.0643489527099978,0.1976894839127618,1
u_4759,0,0,0,0,0,0,0,0,0.833,0,1,0,0,0,0,1,0,18,18,0,0.0755776290218095,0.201576333405312,0
u_8742,0,0,1,0,0,0,0,1,1.0,0,1,1,1,0,0,3,2,5,5,1,0.0730943640682358,0.1976894839127618,1
u_8096,1,0,1,1,0,1,1,1,1.0,0,0,1,1,0,0,3,4,11,11,0,0.0750377888145109,0.1993090045346577,1
u_1268,0,0,0,0,0,0,0,0,1.0,0,1,1,0,0,0,1,1,0,0,1,0.0674800259123299,0.1993090045346577,0
u_3059,0,0,0,0,0,0,0,0,0.72,0,0,0,0,0,0,1,0,10,10,0,0.0739581083999136,0.2020082055711509,0
u_9035,3,0,4,3,0,3,3,4,0.833,0,1,1,1,0,0,5,3,9,9,0,0.0723385877780177,0.1993090045346577,1
u_9214,1,0,1,0,0,1,0,1,0.762,1,0,1,1,1,1,3,2,11,11,0,0.0643489527099978,0.2020082055711509,1
u_8783,3,0,4,1,0,3,1,4,1.0,1,0,1,1,0,0,7,4,23,23,0,0.0736342042755344,0.201576333405312,1
u_3187,0,0,0,0,0,0,0,0,0.833,0,0,0,0,0,0,1,0,7,7,0,0.0723385877780177,0.1994169725761174,0
u_2990,0,0,0,0,0,0,0,0,0.75,0,1,0,0,0,0,1,0,22,22,0,0.0674800259123299,0.2020082055711509,0
u_7698,1,0,2,0,0,1,0,2,0.857,1,0,1,1,0,0,5,3,8,8,0,0.0730943640682358,0.1994169725761174,1
u_2042,0,0,0,0,0,0,0,0,0.727,0,0,1,0,0,0,1,0,23,23,0,0.0643489527099978,0.1976894839127618,0
u_1461,0,0,0,0,0,0,0,0,0.778,0,1,0,0,0,0,1,0,15,15,0,0.0730943640682358,0.1994169725761174,0
u_4395,0,0,0,0,0,0,0,0,0.875,0,1,1,0,0,0,1,1,16,16,0,0.071798747570719,0.2020082055711509,0
u_1380,0,0,0,0,0,0,0,0,0.8,0,1,1,0,0,0,1,0,18,18,0,0.0709350032390412,0.1976894839127618,0
u_7127,0,0,0,0,0,0,0,0,0.8,1,0,0,0,0,0,1,0,5,5,1,0.0674800259123299,0.1994169725761174,1
u_6617,0,0,0,0,0,0,0,0,0.769,0,1,1,0,0,0,1,0,16,16,0,0.0674800259123299,0.1993090045346577,1
u_5260,0,0,0,0,0,0,0,0,0.583,0,0,0,0,0,0,1,0,5,5,1,0.0739581083999136,0.1993090045346577,0
u_7398,2,0,2,2,0,2,2,2,0.952,0,1,1,0,0,0,3,4,11,11,0,0.0681278341610883,0.1976894839127618,1
u_6235,0,0,0,0,0,0,0,0,0.96,0,0,0,0,0,0,1,1,7,7,0,0.071798747570719,0.1976894839127618,0
u_7238,1,0,2,0,0,1,0,2,0.667,0,0,1,1,0,0,5,2,0,0,1,0.0730943640682358,0.1993090045346577,1
u_7745,0,1,4,2,0,0,2,4,1.0,0,1,1,0,0,0,6,3,14,14,0,0.0684517382854675,0.201576333405312,1
u_9005,3,0,3,2,0,3,2,3,0.696,0,0,1,1,0,0,4,3,13,13,0,0.0674800259123299,0.201576333405312,1
u_1667,0,0,0,0,0,0,0,0,0.727,0,0,0,0,0,0,1,0,11,11,0,0.0730943640682358,0.1993090045346577,0
u_4956,0,0,0,0,0,0,0,0,0.842,0,0,0,0,0,0,1,0,23,23,0,0.0723385877780177,0.1976894839127618,0
u_3837,0,0,0,0,0,0,0,0,0.714,0,1,0,0,1,1,1,0,6,6,0,0.0723385877780177,0.2020082055711509,0
u_7934,0,0,0,0,0,0,0,0,0.696,0,1,1,1,0,0,1,0,14,14,0,0.0643489527099978,0.1976894839127618,1
u_7659,1,3,4,2,0,1,2,4,0.947,1,0,1,0,0,0,8,4,16,16,0,0.0709350032390412,0.2020082055711509,1
u_2451,0,0,0,0,0,0,0,0,0.786,0,0,0,0,0,0,1,0,19,19,0,0.0739581083999136,0.2020082055711509,0
u_4694,0,0,0,0,0,0,0,0,0.769,0,1,0,0,0,0,1,0,5,5,1,0.071798747570719,0.1993090045346577,0
u_666,0,0,0,0,0,0,0,0,0.778,0,0,1,0,0,0,1,0,19,19,0,0.0736342042755344,0.1993090045346577,0
u_4258,0,0,0,0,0,0,0,0,0.75,0,1,0,0,0,0,1,0,5,5,1,0.0750377888145109,0.1976894839127618,0
u_8875,1,0,1,0,0,1,0,1,1.0,1,0,0,0,0,0,3,3,10,10,0,0.0643489527099978,0.1993090045346577,1
u_1518,0,0,0,0,0,0,0,0,0.75,0,1,0,0,0,0,1,0,18,18,0,0.0739581083999136,0.1994169725761174,0
u_8004,1,0,1,1,1,1,1,1,0.857,0,1,1,1,0,0,3,4,20,20,0,0.0712589073634204,0.1993090045346577,1
u_1562,0,0,0,0,0,0,0,0,0.727,0,1,0,0,0,0,1,0,5,5,1,0.0739581083999136,0.201576333405312,0
u_7063,2,2,3,0,0,2,0,3,1.0,1,0,0,0,0,0,4,3,19,19,0,0.0709350032390412,0.1976894839127618,1
u_7796,1,1,1,1,1,1,1,1,1.0,0,0,0,0,0,0,3,4,9,9,0,0.0674800259123299,0.201576333405312,1
u_2946,0,0,0,0,0,0,0,0,0.8,0,1,0,0,0,0,1,0,14,14,0,0.0681278341610883,0.201576333405312,0
u_1299,0,0,0,0,0,0,0,0,0.957,0,1,0,0,0,0,1,1,23,23,0,0.0681278341610883,0.201576333405312,0
u_2440,0,0,0,0,0,0,0,0,0.737,0,1,1,0,0,0,1,0,10,10,0,0.0709350032390412,0.1994169725761174,0
u_1892,0,0,0,0,0,0,0,0,0.769,0,1,0,0,0,0,1,0,11,11,0,0.0712589073634204,0.1994169725761174,0
u_886,0,0,0,0,0,0,0,0,0.8,0,0,0,0,0,0,1,0,8,8,0,0.0643489527099978,0.2020082055711509,0
u_1385,0,0,0,0,0,0,0,0,0.769,0,1,1,0,0,0,1,0,22,22,0,0.0730943640682358,0.1976894839127618,0
u_7134,2,0,2,2,2,2,2,2,0.963,1,0,1,0,0,0,3,4,20,20,0,0.0739581083999136,0.1976894839127618,1
u_8962,0,0,0,0,0,0,0,0,0.8,0,0,1,0,0,0,1,0,11,11,0,0.0750377888145109,0.2020082055711509,1
u_4987,0,0,0,0,0,0,0,0,0.818,0,0,1,0,0,0,1,0,10,10,0,0.0750377888145109,0.1993090045346577,0
u_3306,0,0,0,0,0,0,0,0,0.762,0,1,0,0,0,0,1,0,17,17,0,0.0739581083999136,0.1976894839127618,0
u_9212,2,0,2,1,0,2,1,2,0.957,0,0,1,1,0,0,4,4,12,12,0,0.0736342042755344,0.2020082055711509,1
u_2557,0,0,0,0,0,0,0,0,0.75,0,1,0,0,0,0,1,0,15,15,0,0.0736342042755344,0.201576333405312,0
u_341,0,0,0,0,0,0,0,0,1.0,0,1,0,0,0,0,1,1,16,16,0,0.0736342042755344,0.201576333405312,0
u_4774,0,0,0,0,0,0,0,0,0.385,0,1,0,0,0,0,1,0,8,8,0,0.0736342042755344,0.2020082055711509,0
u_3476,0,0,0,0,0,0,0,0,1.0,0,1,0,0,0,0,1,1,0,0,1,0.0736342042755344,0.2020082055711509,0
u_2185,0,0,0,0,0,0,0,0,0.8,0,1,0,0,0,0,1,0,17,17,0,0.0739581083999136,0.201576333405312,0
u_8769,1,0,1,0,0,1,0,1,0.818,1,0,1,0,0,0,3,2,23,23,0,0.0755776290218095,0.201576333405312,1
u_5701,0,0,0,0,0,0,0,0,0.75,0,1,0,0,0,0,1,0,0,0,1,0.0736342042755344,0.1993090045346577,0
u_8235,2,0,3,0,0,2,0,3,0.857,1,0,0,0,0,0,5,3,3,3,1,0.0684517382854675,0.1976894839127618,1
u_6124,0,0,0,0,0,0,0,0,1.0,0,1,0,0,0,0,1,1,19,19,0,0.0750377888145109,0.1993090045346577,0
u_8461,3,0,4,0,0,3,0,4,1.0,0,1,0,0,0,0,6,3,22,22,0,0.0723385877780177,0.2020082055711509,1
u_4753,0,0,0,0,0,0,0,0,0.727,0,0,1,0,0,0,1,0,8,8,0,0.0643489527099978,0.1994169725761174,0
u_8987,0,0,0,0,0,0,0,0,0.75,0,1,1,1,0,0,1,0,5,5,1,0.0681278341610883,0.2020082055711509,1
u_1607,0,0,0,0,0,0,0,0,0.875,0,1,0,0,0,0,1,1,12,12,0,0.0755776290218095,0.1993090045346577,0
u_6107,0,0,0,0,0,0,0,0,0.727,0,1,1,0,0,0,1,0,4,4,1,0.0755776290218095,0.1976894839127618,0
u_6267,0,0,0,0,0,0,0,0,0.727,0,1,0,0,0,0,1,0,21,21,0,0.0681278341610883,0.1993090045346577,0
u_3470,0,0,0,0,0,0,0,0,0.75,0,1,1,0,0,0,1,0,2,2,1,0.0684517382854675,0.1976894839127618,0
u_4480,0,0,0,0,0,0,0,0,0.75,0,0,0,0,0,0,1,0,12,12,0,0.0643489527099978,0.1994169725761174,0
u_2633,0,0,0,0,0,0,0,0,0.762,0,0,1,0,0,0,1,0,2,2,1,0.0730943640682358,0.2020082055711509,0
u_737,0,0,0,0,0,0,0,0,0.786,0,1,1,0,0,0,1,0,15,15,0,0.0712589073634204,0.1976894839127618,0
u_5578,0,0,0,0,0,0,0,0,0.917,0,1,1,0,0,0,1,1,15,15,0,0.0681278341610883,0.2020082055711509,0
u_2013,0,0,0,0,0,0,0,0,0.778,0,1,1,0,0,0,1,0,22,22,0,0.0750377888145109,0.201576333405312,0
u_5804,0,0,0,0,0,0,0,0,0.741,0,0,1,0,0,0,1,0,2,2,1,0.0755776290218095,0.1993090045346577,0
u_6332,0,0,0,0,0,0,0,0,0.952,0,1,0,0,0,0,1,1,11,11,0,0.071798747570719,0.201576333405312,0
u_6557,2,2,2,1,0,2,1,2,0.737,0,1,1,1,0,0,4,3,8,8,0,0.071798747570719,0.1993090045346577,1
u_4727,0,0,0,0,0,0,0,0,0.696,0,1,0,0,0,0,1,0,18,18,0,0.0723385877780177,0.2020082055711509,0
u_8941,2,0,2,0,0,2,0,2,1.0,1,0,0,0,0,0,4,3,13,13,0,0.0736342042755344,0.2020082055711509,1
u_4797,0,0,0,0,0,0,0,0,0.75,0,1,1,0,0,0,1,0,18,18,0,0.0709350032390412,0.2020082055711509,0
u_3525,0,0,0,0,0,0,0,0,0.8,0,1,0,0,0,0,1,0,6,6,0,0.0723385877780177,0.1994169725761174,0
u_3456,0,0,0,0,0,0,0,0,0.727,0,1,0,0,0,0,1,0,2,2,1,0.0674800259123299,0.1993090045346577,0
u_5282,0,0,0,0,0,0,0,0,0.7,0,1,1,0,0,0,1,0,7,7,0,0.0739581083999136,0.1994169725761174,0
u_8846,0,0,2,1,0,0,1,2,0.778,1,0,1,1,0,0,4,2,2,2,1,0.0730943640682358,0.1994169725761174,1
u_6681,1,1,3,0,0,1,0,3,0.957,0,1,0,0,0,0,6,3,0,0,1,0.0755776290218095,0.1976894839127618,1
u_9150,1,1,1,1,0,1,1,1,0.783,0,1,1,1,1,1,3,3,0,0,1,0.0674800259123299,0.201576333405312,1
u_8103,2,2,2,1,0,2,1,2,0.952,0,1,0,0,1,1,4,4,16,16,0,0.0723385877780177,0.201576333405312,1
u_6439,0,0,0,0,0,0,0,0,0.72,0,1,0,0,0,0,1,0,15,15,0,0.0755776290218095,0.2020082055711509,0
u_8127,1,0,1,1,1,1,1,1,0.714,1,0,0,0,0,0,3,3,11,11,0,0.0723385877780177,0.1976894839127618,1
u_6435,0,0,0,0,0,0,0,0,0.833,0,1,0,0,0,0,1,0,0,0,1,0.0730943640682358,0.1994169725761174,0
u_6638,0,0,0,0,0,0,0,0,0.737,0,0,1,1,0,0,1,0,22,22,0,0.0643489527099978,0.1994169725761174,1
u_1538,0,0,0,0,0,0,0,0,0.762,0,0,1,0,0,0,1,0,15,15,0,0.0723385877780177,0.1993090045346577,0
u_5152,0,0,0,0,0,0,0,0,0.818,0,0,1,0,0,0,1,0,13,13,0,0.0681278341610883,0.1994169725761174,0
u_8785,0,0,0,0,0,0,0,0,0.75,1,0,1,1,0,0,1,0,2,2,1,0.0723385877780177,0.1993090045346577,1
u_5756,0,0,0,0,0,0,0,0,1.0,0,1,0,0,0,0,1,1,15,15,0,0.0730943640682358,0.1994169725761174,0
u_2116,0,0,0,0,0,0,0,0,0.706,0,1,0,0,0,0,1,0,17,17,0,0.0684517382854675,0.1976894839127618,0
u_423,0,0,0,0,0,0,0,0,0.815,0,1,0,0,0,0,1,0,19,19,0,0.0712589073634204,0.201576333405312,0
u_486,0,0,0,0,0,0,0,0,0.8,0,1,0,0,0,0,1,0,4,4,1,0.0755776290218095,0.1994169725761174,0
u_8459,2,2,3,0,0,2,0,3,0.957,0,1,1,1,0,0,5,3,17,17,0,0.0723385877780177,0.1994169725761174,1
u_1494,0,0,0,0,0,0,0,0,0.8,0,0,0,0,0,0,1,0,1,1,1,0.0723385877780177,0.2020082055711509,0
u_6481,0,0,0,0,0,0,0,0,0.762,0,1,0,0,0,0,1,0,2,2,1,0.0684517382854675,0.1976894839127618,0
u_3166,0,0,0,0,0,0,0,0,0.818,0,1,0,0,0,0,1,0,2,2,1,0.0723385877780177,0.1993090045346577,0
u_1916,0,0,0,0,0,0,0,0,1.0,0,1,1,0,0,0,1,1,12,12,0,0.0736342042755344,0.1994169725761174,0
u_3678,0,0,0,0,0,0,0,0,0.727,0,0,0,0,0,0,1,0,7,7,0,0.0674800259123299,0.1976894839127618,0
u_8276,1,0,1,0,0,1,0,1,0.8,0,0,1,1,0,0,3,2,1,1,1,0.0723385877780177,0.2020082055711509,1
u_8506,0,0,0,0,0,0,0,0,0.8,0,1,1,1,0,0,1,0,8,8,0,0.0736342042755344,0.2020082055711509,1
u_1292,0,0,0,0,0,0,0,0,0.737,0,1,0,0,0,0,1,0,8,8,0,0.0681278341610883,0.201576333405312,0
u_2169,0,0,0,0,0,0,0,0,0.8,0,1,0,0,0,0,1,0,15,15,0,0.0750377888145109,0.1976894839127618,0
u_1339,0,0,0,0,0,0,0,0,0.762,0,1,0,0,0,0,1,0,3,3,1,0.071798747570719,0.1994169725761174,0
u_7455,0,2,4,2,0,0,2,4,0.8,0,0,0,0,0,0,8,2,14,14,0,0.0736342042755344,0.2020082055711509,1
u_4003,0,0,0,0,0,0,0,0,0.741,0,1,0,0,0,0,1,0,14,14,0,0.0643489527099978,0.1993090045346577,0
u_4150,0,0,0,0,0,0,0,0,0.737,0,1,1,0,0,0,1,0,14,14,0,0.071798747570719,0.2020082055711509,0
u_8853,0,0,0,0,0,0,0,0,0.815,1,0,1,0,0,0,1,0,6,6,0,0.0643489527099978,0.1993090045346577,1
u_3343,0,0,0,0,0,0,0,0,0.8,0,1,0,0,0,0,1,0,18,18,0,0.0681278341610883,0.1976894839127618,0
u_4004,0,0,0,0,0,0,0,0,0.762,0,1,0,0,0,0,1,0,21,21,0,0.0723385877780177,0.1976894839127618,0
u_5136,0,0,0,0,0,0,0,0,0.786,0,1,0,0,0,0,1,0,22,22,0,0.0739581083999136,0.2020082055711509,0
u_5806,0,0,0,0,0,0,0,0,0.727,0,1,0,0,0,0,1,0,21,21,0,0.0750377888145109,0.1993090045346577,0
u_247,0,0,0,0,0,0,0,0,0.714,0,0,0,0,0,0,1,0,18,18,0,0.0755776290218095,0.201576333405312,0
u_4699,0,0,0,0,0,0,0,0,0.727,0,1,0,0,0,0,1,0,1,1,1,0.0730943640682358,0.1976894839127618,0
u_7384,0,0,0,0,0,0,0,0,0.706,0,1,1,0,0,0,1,0,11,11,0,0.0709350032390412,0.1993090045346577,1
u_4319,0,0,0,0,0,0,0,0,0.706,0,0,0,0,0,0,1,0,5,5,1,0.0736342042755344,0.1994169725761174,0
u_6569,1,1,1,0,0,1,0,1,0.857,0,1,0,0,0,0,3,3,6,6,0,0.0739581083999136,0.1994169725761174,1
u_7883,0,0,0,0,0,0,0,0,0.818,1,0,1,0,0,0,1,0,16,16,0,0.071798747570719,0.1993090045346577,1
u_6022,0,0,0,0,0,0,0,0,0.737,0,0,0,0,0,0,1,0,13,13,0,0.0712589073634204,0.1993090045346577,0
u_5606,0,0,0,0,0,0,0,0,0.8,0,0,1,0,0,0,1,0,18,18,0,0.0750377888145109,0.1993090045346577,0
u_2158,0,0,0,0,0,0,0,0,0.75,0,1,0,0,0,0,1,0,8,8,0,0.0723385877780177,0.2020082055711509,0
u_2330,0,0,0,0,0,0,0,0,0.889,0,0,0,0,0,0,1,1,5,5,1,0.0730943640682358,0.1976894839127618,0
u_3492,0,0,0,0,0,0,0,0,0.759,0,1,0,0,0,0,1,0,12,12,0,0.0681278341610883,0.2020082055711509,0
u_7007,0,2,3,1,0,0,1,3,1.0,1,0,0,0,0,0,6,3,10,10,0,0.0684517382854675,0.2020082055711509,1
u_3192,0,0,0,0,0,0,0,0,0.762,0,1,0,0,1,1,1,0,16,16,0,0.0643489527099978,0.1994169725761174,0
u_5983,0,0,0,0,0,0,0,0,0.933,0,1,0,0,0,0,1,1,22,22,0,0.0712589073634204,0.2020082055711509,0
u_5040,0,0,0,0,0,0,0,0,0.727,0,1,1,0,0,0,1,0,3,3,1,0.0712589073634204,0.1994169725761174,0
u_6703,3,4,4,0,0,3,0,4,0.8,1,0,1,0,0,0,7,2,17,17,0,0.0750377888145109,0.1993090045346577,1
u_3444,0,0,0,0,0,0,0,0,0.714,0,1,1,0,0,0,1,0,13,13,0,0.0750377888145109,0.1994169725761174,0
u_555,0,0,0,0,0,0,0,0,1.0,0,1,1,0,0,0,1,1,4,4,1,0.0755776290218095,0.1976894839127618,0
u_7937,0,1,3,0,0,0,0,3,0.96,0,1,1,0,0,0,4,2,17,17,0,0.0643489527099978,0.1993090045346577,1
u_4452,0,0,0,0,0,0,0,0,0.857,0,0,0,0,0,0,1,1,4,4,1,0.0643489527099978,0.1993090045346577,0
u_2549,0,0,0,0,0,0,0,0,0.762,0,0,1,0,0,0,1,0,11,11,0,0.0709350032390412,0.1994169725761174,0
u_3947,0,0,0,0,0,0,0,0,0.7,0,1,1,0,0,0,1,0,13,13,0,0.0736342042755344,0.201576333405312,0
u_2175,0,0,0,0,0,0,0,0,0.8,0,1,1,0,0,0,1,0,20,20,0,0.0684517382854675,0.2020082055711509,0
u_3724,0,0,0,0,0,0,0,0,0.8,0,1,1,0,0,0,1,0,5,5,1,0.0723385877780177,0.201576333405312,0
u_3218,0,0,0,0,0,0,0,0,0.8,0,1,0,0,0,0,1,0,7,7,0,0.0712589073634204,0.1976894839127618,0
u_7450,0,0,0,0,0,0,0,0,0.833,0,1,1,1,0,0,1,0,10,10,0,0.0736342042755344,0.2020082055711509,1
u_8351,3,2,4,3,0,3,3,4,0.727,0,1,1,0,0,0,5,3,23,23,0,0.0712589073634204,0.1994169725761174,1
u_2687,0,0,0,0,0,0,0,0,0.8,0,0,0,0,0,0,1,0,22,22,0,0.0684517382854675,0.1976894839127618,0
u_6901,0,0,0,0,0,0,0,0,0.778,1,0,1,1,0,0,1,0,15,15,0,0.0723385877780177,0.2020082055711509,1
u_5849,0,0,0,0,0,0,0,0,0.75,0,1,0,0,0,0,1,0,23,23,0,0.0739581083999136,0.1993090045346577,0
u_958,0,0,0,0,0,0,0,0,0.762,0,0,0,0,0,0,1,0,23,23,0,0.0723385877780177,0.1993090045346577,0
u_8121,0,0,1,0,0,0,0,1,0.857,0,1,1,1,0,0,3,2,14,14,0,0.0750377888145109,0.201576333405312,1
u_603,0,0,0,0,0,0,0,0,0.875,0,1,0,0,0,0,1,1,5,5,1,0.071798747570719,0.1976894839127618,0
u_81,0,0,0,0,0,0,0,0,0.769,0,0,0,0,0,0,1,0,5,5,1,0.0643489527099978,0.2020082055711509,0
u_1216,0,0,0,0,0,0,0,0,0.8,0,1,0,0,0,0,1,0,14,14,0,0.0730943640682358,0.1994169725761174,0
u_618,0,0,0,0,0,0,0,0,0.828,0,1,0,0,0,0,1,0,19,19,0,0.0681278341610883,0.201576333405312,0
u_1615,0,0,0,0,0,0,0,0,1.0,0,1,1,0,0,0,1,1,13,13,0,0.0736342042755344,0.1993090045346577,0
u_7734,0,0,0,0,0,0,0,0,0.833,0,1,1,1,0,0,1,0,15,15,0,0.0684517382854675,0.1993090045346577,1
u_5717,0,0,0,0,0,0,0,0,0.762,0,1,0,0,0,0,1,0,1,1,1,0.0739581083999136,0.1993090045346577,0
u_3044,0,0,0,0,0,0,0,0,0.9,0,0,0,0,0,0,1,1,5,5,1,0.0674800259123299,0.1976894839127618,0
u_1091,0,0,0,0,0,0,0,0,0.909,0,1,0,0,0,0,1,1,10,10,0,0.0674800259123299,0.1993090045346577,0
u_1185,0,0,0,0,0,0,0,0,0.7,0,1,1,0,0,0,1,0,11,11,0,0.0750377888145109,0.1993090045346577,0
u_1191,0,0,0,0,0,0,0,0,1.0,0,1,0,0,1,1,1,1,23,23,0,0.0684517382854675,0.1993090045346577,0
u_779,0,0,0,0,0,0,0,0,0.941,0,1,1,0,0,0,1,1,16,16,0,0.0684517382854675,0.1976894839127618,0
u_7653,0,0,0,0,0,0,0,0,0.857,1,0,1,1,0,0,1,1,17,17,0,0.0739581083999136,0.1994169725761174,1
u_5907,0,0,0,0,0,0,0,0,0.947,0,0,1,0,0,0,1,1,11,11,0,0.071798747570719,0.201576333405312,0
u_6880,0,0,1,0,0,0,0,1,0.762,1,0,1,1,0,0,3,1,18,18,0,0.0709350032390412,0.1976894839127618,1
u_8305,4,2,5,4,0,4,4,5,1.0,1,0,0,0,0,0,5,4,2,2,1,0.071798747570719,0.2020082055711509,1
u_2927,0,0,0,0,0,0,0,0,0.762,0,1,1,0,0,0,1,0,22,22,0,0.0739581083999136,0.2020082055711509,0
u_3806,0,0,0,0,0,0,0,0,0.947,0,1,0,0,0,0,1,1,17,17,0,0.0750377888145109,0.1994169725761174,0
u_7609,0,0,3,2,1,0,2,3,0.947,0,1,1,0,0,0,5,3,5,5,1,0.0681278341610883,0.201576333405312,1
u_6622,0,0,0,0,0,0,0,0,0.889,1,0,0,0,0,0,1,1,23,23,0,0.0674800259123299,0.2020082055711509,1
u_2102,0,0,0,0,0,0,0,0,0.857,0,0,0,0,0,0,1,1,10,10,0,0.0681278341610883,0.201576333405312,0
u_4765,0,0,0,0,0,0,0,0,0.824,0,1,0,0,0,0,1,0,0,0,1,0.071798747570719,0.201576333405312,0
u_7608,2,0,4,0,0,2,0,4,1.0,0,1,1,0,0,0,6,3,6,6,0,0.0681278341610883,0.201576333405312,1
u_8350,1,1,2,2,0,1,2,2,0.727,0,0,1,1,0,0,4,3,22,22,0,0.0712589073634204,0.1994169725761174,1
u_581,0,0,0,0,0,0,0,0,0.846,0,1,0,0,0,0,1,0,21,21,0,0.0730943640682358,0.1994169725761174,0
u_7369,0,0,0,0,0,0,0,0,0.75,0,1,0,0,0,0,1,0,9,9,0,0.0709350032390412,0.201576333405312,1
u_6266,0,0,0,0,0,0,0,0,0.87,0,1,0,0,0,0,1,1,9,9,0,0.0684517382854675,0.2020082055711509,0
u_2674,0,0,0,0,0,0,0,0,0.696,0,1,0,0,1,1,1,0,0,0,1,0.0750377888145109,0.1976894839127618,0
u_2779,0,0,0,0,0,0,0,0,0.778,0,1,0,0,0,0,1,0,19,19,0,0.0739581083999136,0.1976894839127618,0
u_2084,0,0,0,0,0,0,0,0,1.0,0,1,1,0,0,0,1,1,10,10,0,0.0712589073634204,0.1976894839127618,0
u_2575,0,0,0,0,0,0,0,0,0.783,0,0,0,0,0,0,1,0,7,7,0,0.0736342042755344,0.201576333405312,0
u_8714,0,1,1,1,0,0,1,1,0.72,1,0,1,1,0,0,3,2,22,22,0,0.0712589073634204,0.1993090045346577,1
u_2471,0,0,0,0,0,0,0,0,0.783,0,0,0,0,0,0,1,0,6,6,0,0.0739581083999136,0.201576333405312,0
u_3826,0,0,0,0,0,0,0,0,0.824,0,1,0,0,0,0,1,0,19,19,0,0.0739581083999136,0.1993090045346577,0
u_6819,2,2,2,0,0,2,0,2,1.0,0,1,1,1,0,0,3,3,16,16,0,0.0674800259123299,0.1976894839127618,1
u_8971,2,1,4,2,0,2,2,4,1.0,0,1,0,0,0,0,7,4,17,17,0,0.0730943640682358,0.1976894839127618,1
u_6619,2,3,3,0,0,2,0,3,0.875,0,1,0,0,1,1,6,3,18,18,0,0.0712589073634204,0.1993090045346577,1
u_8346,2,1,2,2,1,2,2,2,0.75,0,0,1,1,0,0,3,3,10,10,0,0.0739581083999136,0.201576333405312,1
u_1308,0,0,0,0,0,0,0,0,0.875,0,1,0,0,0,0,1,1,19,19,0,0.0712589073634204,0.201576333405312,0
u_328,0,0,0,0,0,0,0,0,0.783,0,0,1,0,0,0,1,0,7,7,0,0.0681278341610883,0.1993090045346577,0
u_6655,0,0,4,0,0,0,0,4,1.0,0,1,1,1,0,0,3,2,10,10,0,0.0755776290218095,0.2020082055711509,1
u_5774,0,0,0,0,0,0,0,0,0.75,0,1,1,0,0,0,1,0,19,19,0,0.0723385877780177,0.1976894839127618,0
u_5786,0,0,0,0,0,0,0,0,1.0,0,1,0,0,0,0,1,1,1,1,1,0.0739581083999136,0.1976894839127618,0
u_338,0,0,0,0,0,0,0,0,0.75,0,1,0,0,0,0,1,0,14,14,0,0.0736342042755344,0.1976894839127618,0
u_973,0,0,0,0,0,0,0,0,0.762,0,1,0,0,0,0,1,0,5,5,1,0.0643489527099978,0.201576333405312,0
u_1047,0,0,0,0,0,0,0,0,0.875,0,0,1,0,0,0,1,1,12,12,0,0.0684517382854675,0.1993090045346577,0
u_3906,0,0,0,0,0,0,0,0,0.923,0,0,0,0,1,1,1,1,14,14,0,0.0684517382854675,0.1994169725761174,0
u_1053,0,0,0,0,0,0,0,0,0.818,0,1,0,0,0,0,1,0,3,3,1,0.0750377888145109,0.2020082055711509,0
u_5036,0,0,0,0,0,0,0,0,0.72,0,1,1,0,0,0,1,0,22,22,0,0.0684517382854675,0.1976894839127618,0
u_366,0,0,0,0,0,0,0,0,1.0,0,1,1,0,0,0,1,1,10,10,0,0.071798747570719,0.1994169725761174,0
u_2936,0,0,0,0,0,0,0,0,0.72,0,1,0,0,1,1,1,0,21,21,0,0.0712589073634204,0.1993090045346577,0
u_5814,0,0,0,0,0,0,0,0,0.727,0,1,0,0,0,0,1,0,11,11,0,0.0681278341610883,0.2020082055711509,0
u_6187,0,0,0,0,0,0,0,0,0.957,0,1,0,0,1,1,1,1,21,21,0,0.0739581083999136,0.201576333405312,0
u_1811,0,0,0,0,0,0,0,0,0.75,0,0,0,0,0,0,1,0,21,21,0,0.0684517382854675,0.1976894839127618,0
u_3240,0,0,0,0,0,0,0,0,0.778,0,1,0,0,1,1,1,0,2,2,1,0.0723385877780177,0.1993090045346577,0
u_3981,0,0,0,0,0,0,0,0,0.737,0,1,0,0,0,0,1,0,8,8,0,0.0755776290218095,0.1994169725761174,0
u_6264,0,0,0,0,0,0,0,0,0.769,0,1,0,0,0,0,1,0,23,23,0,0.0736342042755344,0.1994169725761174,0
u_8509,0,0,0,0,0,0,0,0,1.0,1,0,1,1,0,0,1,1,23,23,0,0.0684517382854675,0.1993090045346577,1
u_7757,2,0,2,2,0,2,2,2,1.0,0,1,0,0,0,0,3,4,19,19,0,0.0681278341610883,0.201576333405312,1
u_4209,0,0,0,0,0,0,0,0,0.696,0,0,1,0,0,0,1,0,18,18,0,0.0750377888145109,0.1976894839127618,0
u_4098,0,0,0,0,0,0,0,0,0.7,0,0,0,0,0,0,1,0,3,3,1,0.0755776290218095,0.201576333405312,0
u_7044,3,2,4,4,0,3,4,4,0.783,0,1,0,0,0,0,4,3,9,9,0,0.0755776290218095,0.1976894839127618,1
u_6558,5,0,5,0,0,5,0,5,0.941,0,1,1,0,1,1,4,3,10,10,0,0.0730943640682358,0.1993090045346577,1
u_671,0,0,0,0,0,0,0,0,0.8,0,1,0,0,1,1,1,0,18,18,0,0.0730943640682358,0.1994169725761174,0
u_6389,0,0,0,0,0,0,0,0,0.818,0,1,0,0,0,0,1,0,0,0,1,0.0730943640682358,0.1976894839127618,0
u_673,0,0,0,0,0,0,0,0,0.8,0,1,1,0,0,0,1,0,11,11,0,0.0750377888145109,0.2020082055711509,0
u_6787,0,0,0,0,0,0,0,0,0.762,1,0,1,1,0,0,1,0,1,1,1,0.0723385877780177,0.1976894839127618,1
u_2723,0,0,0,0,0,0,0,0,0.783,0,0,0,0,0,0,1,0,10,10,0,0.0674800259123299,0.1976894839127618,0
u_2537,0,0,0,0,0,0,0,0,0.778,0,0,0,0,0,0,1,0,21,21,0,0.0750377888145109,0.1994169725761174,0
u_5063,0,0,0,0,0,0,0,0,0.769,0,1,0,0,0,0,1,0,4,4,1,0.0730943640682358,0.201576333405312,0
u_4670,0,0,0,0,0,0,0,0,1.0,0,0,0,0,0,0,1,1,19,19,0,0.0739581083999136,0.1976894839127618,0
u_972,0,0,0,0,0,0,0,0,0.727,0,1,0,0,0,0,1,0,21,21,0,0.0674800259123299,0.1994169725761174,0
u_7632,0,0,1,0,0,0,0,1,0.824,1,0,1,0,0,0,3,1,14,14,0,0.0674800259123299,0.2020082055711509,1
u_7574,1,1,1,0,0,1,0,1,0.667,0,1,1,1,1,1,3,2,23,23,0,0.0723385877780177,0.2020082055711509,1
u_8408,0,0,0,0,0,0,0,0,0.727,1,0,0,0,0,0,1,0,19,19,0,0.0684517382854675,0.201576333405312,1
u_3108,0,0,0,0,0,0,0,0,0.8,0,0,0,0,1,1,1,0,3,3,1,0.0643489527099978,0.1993090045346577,0
u_789,0,0,0,0,0,0,0,0,0.783,0,1,0,0,0,0,1,0,20,20,0,0.0755776290218095,0.2020082055711509,0
u_6295,0,0,0,0,0,0,0,0,0.762,0,1,0,0,0,0,1,0,2,2,1,0.0674800259123299,0.201576333405312,0
u_8665,0,0,0,0,0,0,0,0,0.737,0,0,0,0,0,0,1,0,1,1,1,0.0739581083999136,0.2020082055711509,1
u_298,0,0,0,0,0,0,0,0,0.769,0,1,0,0,0,0,1,0,16,16,0,0.0736342042755344,0.1994169725761174,0
u_7420,2,2,3,3,0,2,3,3,0.727,0,1,1,1,0,0,4,3,14,14,0,0.0684517382854675,0.2020082055711509,1
u_7670,0,0,1,1,0,0,1,1,1.0,0,1,1,0,0,0,3,3,11,11,0,0.0750377888145109,0.1976894839127618,1
u_988,0,0,0,0,0,0,0,0,1.0,0,0,0,0,0,0,1,1,22,22,0,0.0709350032390412,0.2020082055711509,0
u_3330,0,0,0,0,0,0,0,0,0.8,0,1,0,0,0,0,1,0,3,3,1,0.0674800259123299,0.201576333405312,0
u_4253,0,0,0,0,0,0,0,0,0.8,0,1,0,0,0,0,1,0,3,3,1,0.0750377888145109,0.201576333405312,0
u_591,0,0,0,0,0,0,0,0,0.762,0,1,1,0,0,0,1,0,14,14,0,0.0755776290218095,0.201576333405312,0
u_90,0,0,0,0,0,0,0,0,0.9,0,1,0,0,0,0,1,1,23,23,0,0.0755776290218095,0.1993090045346577,0
u_5384,0,0,0,0,0,0,0,0,0.875,0,1,0,0,0,0,1,1,5,5,1,0.0736342042755344,0.201576333405312,0
u_6123,0,0,0,0,0,0,0,0,0.941,0,1,0,0,0,0,1,1,7,7,0,0.0739581083999136,0.1994169725761174,0
u_3743,0,0,0,0,0,0,0,0,0.75,0,1,0,0,0,0,1,0,17,17,0,0.0736342042755344,0.1993090045346577,0
u_3686,0,0,0,0,0,0,0,0,0.727,0,1,0,0,0,0,1,0,15,15,0,0.0709350032390412,0.201576333405312,0
u_4618,0,0,0,0,0,0,0,0,0.737,0,0,0,0,0,0,1,0,12,12,0,0.0643489527099978,0.1994169725761174,0
u_4739,0,0,0,0,0,0,0,0,0.87,0,0,1,0,0,0,1,1,10,10,0,0.0736342042755344,0.201576333405312,0
u_2298,0,0,0,0,0,0,0,0,0.733,0,1,1,0,0,0,1,0,17,17,0,0.0674800259123299,0.201576333405312,0
u_8540,0,0,0,0,0,0,0,0,0.783,1,0,1,0,0,0,1,0,18,18,0,0.0739581083999136,0.1993090045346577,1
u_6845,2,1,3,0,0,2,0,3,0.889,0,0,1,0,0,0,4,3,22,22,0,0.0712589073634204,0.1976894839127618,1
u_5462,0,0,0,0,0,0,0,0,1.0,0,1,0,0,0,0,1,1,0,0,1,0.0723385877780177,0.1993090045346577,0
u_2163,0,0,0,0,0,0,0,0,0.778,0,0,1,0,0,0,1,0,13,13,0,0.0712589073634204,0.2020082055711509,0
u_3480,0,0,0,0,0,0,0,0,0.824,0,1,1,0,0,0,1,0,14,14,0,0.0739581083999136,0.201576333405312,0
u_3901,0,0,0,0,0,0,0,0,0.857,0,1,0,0,0,0,1,1,11,11,0,0.0739581083999136,0.1976894839127618,0
u_8405,0,0,1,0,0,0,0,1,0.75,0,0,1,1,0,0,3,1,2,2,1,0.0684517382854675,0.1993090045346577,1
u_4426,0,0,0,0,0,0,0,0,0.833,0,1,1,0,0,0,1,0,16,16,0,0.0730943640682358,0.2020082055711509,0
u_275,0,0,0,0,0,0,0,0,0.762,0,1,0,0,1,1,1,0,13,13,0,0.0681278341610883,0.1976894839127618,0
u_3558,0,0,0,0,0,0,0,0,0.75,0,1,0,0,0,0,1,0,12,12,0,0.0643489527099978,0.2020082055711509,0
u_4285,0,0,0,0,0,0,0,0,0.762,0,1,1,0,0,0,1,0,7,7,0,0.0643489527099978,0.1976894839127618,0
u_8925,1,1,1,1,0,1,1,1,0.833,1,0,1,1,0,0,3,3,14,14,0,0.0712589073634204,0.1993090045346577,1
u_295,0,0,0,0,0,0,0,0,0.727,0,1,0,0,0,0,1,0,19,19,0,0.0681278341610883,0.2020082055711509,0
u_8922,0,1,3,0,0,0,0,3,0.952,1,0,1,0,0,0,5,2,5,5,1,0.0684517382854675,0.1993090045346577,1
u_5038,0,0,0,0,0,0,0,0,0.846,0,0,0,0,0,0,1,0,1,1,1,0.0739581083999136,0.201576333405312,0
u_1844,0,0,0,0,0,0,0,0,0.759,0,1,1,0,0,0,1,0,7,7,0,0.0730943640682358,0.2020082055711509,0
u_4310,0,0,0,0,0,0,0,0,0.818,0,1,0,0,0,0,1,0,5,5,1,0.0674800259123299,0.1994169725761174,0
u_4593,0,0,0,0,0,0,0,0,0.741,0,1,0,0,0,0,1,0,6,6,0,0.071798747570719,0.1994169725761174,0
u_1432,0,0,0,0,0,0,0,0,0.818,0,0,1,0,0,0,1,0,4,4,1,0.0750377888145109,0.1994169725761174,0
u_5901,0,0,0,0,0,0,0,0,0.737,0,1,0,0,0,0,1,0,6,6,0,0.0739581083999136,0.1994169725761174,0
u_3833,0,0,0,0,0,0,0,0,0.8,0,1,1,0,0,0,1,0,14,14,0,0.0643489527099978,0.1993090045346577,0
u_1142,0,0,0,0,0,0,0,0,0.75,0,0,0,0,0,0,1,0,0,0,1,0.0736342042755344,0.1976894839127618,0
u_4515,0,0,0,0,0,0,0,0,0.762,0,0,0,0,0,0,1,0,20,20,0,0.0712589073634204,0.1976894839127618,0
u_8820,0,0,1,0,0,0,0,1,0.857,0,1,1,0,0,0,3,2,0,0,1,0.0712589073634204,0.2020082055711509,1
u_4245,0,0,0,0,0,0,0,0,0.833,0,0,0,0,0,0,1,0,22,22,0,0.0684517382854675,0.1976894839127618,0
u_1672,0,0,0,0,0,0,0,0,0.783,0,1,1,0,0,0,1,0,22,22,0,0.0674800259123299,0.1994169725761174,0
u_3321,0,0,0,0,0,0,0,0,0.769,0,1,0,0,0,0,1,0,14,14,0,0.0739581083999136,0.2020082055711509,0
u_4604,0,0,0,0,0,0,0,0,0.778,0,1,0,0,1,1,1,0,19,19,0,0.0684517382854675,0.1976894839127618,0
u_2413,0,0,0,0,0,0,0,0,1.0,0,0,1,0,0,0,1,1,9,9,0,0.0643489527099978,0.2020082055711509,0
u_4105,0,0,0,0,0,0,0,0,0.706,0,0,0,0,0,0,1,0,23,23,0,0.071798747570719,0.1993090045346577,0
u_4578,0,0,0,0,0,0,0,0,0.857,0,1,1,0,0,0,1,1,10,10,0,0.0723385877780177,0.2020082055711509,0
u_7301,1,0,2,0,0,1,0,2,1.0,0,1,1,0,0,0,4,3,0,0,1,0.0674800259123299,0.1994169725761174,1
u_1223,0,0,0,0,0,0,0,0,0.778,0,0,0,0,0,0,1,0,13,13,0,0.0681278341610883,0.2020082055711509,0
u_2845,0,0,0,0,0,0,0,0,0.75,0,1,0,0,0,0,1,0,20,20,0,0.0712589073634204,0.201576333405312,0
u_1138,0,0,0,0,0,0,0,0,0.8,0,1,0,0,0,0,1,0,3,3,1,0.0730943640682358,0.1994169725761174,0
u_4217,0,0,0,0,0,0,0,0,0.833,0,1,1,0,0,0,1,0,15,15,0,0.0736342042755344,0.1994169725761174,0
u_7764,0,0,0,0,0,0,0,0,0.778,0,1,1,0,0,0,1,0,6,6,0,0.0739581083999136,0.2020082055711509,1
u_5919,0,0,0,0,0,0,0,0,0.7,0,1,1,0,0,0,1,0,15,15,0,0.0750377888145109,0.1976894839127618,0
u_7440,1,0,1,0,0,1,0,1,0.8,1,0,1,1,0,0,3,2,18,18,0,0.0681278341610883,0.1976894839127618,1
u_7476,3,0,3,1,0,3,1,3,1.0,0,1,1,1,0,0,5,4,2,2,1,0.0674800259123299,0.1976894839127618,1
u_5968,0,0,0,0,0,0,0,0,0.818,0,1,0,0,0,0,1,0,5,5,1,0.0723385877780177,0.2020082055711509,0
u_6357,0,0,0,0,0,0,0,0,1.0,0,1,0,0,0,0,1,1,3,3,1,0.0730943640682358,0.2020082055711509,0
u_8974,0,0,0,0,0,0,0,0,0.696,1,0,1,1,0,0,1,0,6,6,0,0.0755776290218095,0.1994169725761174,1
u_1980,0,0,0,0,0,0,0,0,0.8,0,0,1,0,0,0,1,0,2,2,1,0.0730943640682358,0.1993090045346577,0
u_8911,1,0,1,0,0,1,0,1,0.8,1,0,1,0,0,0,3,2,5,5,1,0.0755776290218095,0.1976894839127618,1
u_4137,0,0,0,0,0,0,0,0,0.762,0,1,0,0,0,0,1,0,4,4,1,0.0736342042755344,0.1976894839127618,0
u_9238,0,0,3,3,0,0,3,3,1.0,0,0,1,1,0,0,4,3,12,12,0,0.071798747570719,0.1994169725761174,1
u_7005,0,0,1,0,0,0,0,1,0.96,0,0,1,1,0,0,3,2,7,7,0,0.0684517382854675,0.2020082055711509,1
u_5769,0,0,0,0,0,0,0,0,0.947,0,0,0,0,0,0,1,1,18,18,0,0.0709350032390412,0.1976894839127618,0
u_6046,0,0,0,0,0,0,0,0,1.0,0,0,0,0,0,0,1,1,22,22,0,0.0739581083999136,0.201576333405312,0
u_6864,0,0,0,0,0,0,0,0,0.8,0,1,1,1,0,0,1,0,6,6,0,0.0709350032390412,0.1993090045346577,1
u_7395,0,0,0,0,0,0,0,0,0.762,0,1,1,1,0,0,1,0,9,9,0,0.0681278341610883,0.1993090045346577,1
u_3405,0,0,0,0,0,0,0,0,0.778,0,1,1,0,0,0,1,0,21,21,0,0.0709350032390412,0.1976894839127618,0
u_1941,0,0,0,0,0,0,0,0,0.957,0,1,1,0,0,0,1,1,15,15,0,0.0739581083999136,0.1994169725761174,0
u_9091,0,0,0,0,0,0,0,0,0.8,0,0,0,0,0,0,1,0,18,18,0,0.0643489527099978,0.1993090045346577,1
u_15,0,0,0,0,0,0,0,0,0.727,0,1,1,0,0,0,1,0,10,10,0,0.0709350032390412,0.1976894839127618,0
u_5376,0,0,0,0,0,0,0,0,1.0,0,1,0,0,0,0,1,1,21,21,0,0.0750377888145109,0.1993090045346577,0
u_7509,0,0,3,2,1,0,2,3,0.957,0,1,0,0,0,0,4,3,1,1,1,0.0730943640682358,0.1976894839127618,1
u_7337,0,3,5,5,0,0,5,5,0.952,0,0,1,1,0,0,5,3,15,15,0,0.0730943640682358,0.1976894839127618,1
u_69,0,0,0,0,0,0,0,0,0.75,0,1,0,0,1,1,1,0,5,5,1,0.0730943640682358,0.1994169725761174,0
u_814,0,0,0,0,0,0,0,0,0.8,0,1,0,0,0,0,1,0,12,12,0,0.0709350032390412,0.201576333405312,0
u_6931,0,0,2,2,1,0,2,2,0.8,1,0,1,1,0,0,3,2,13,13,0,0.0730943640682358,0.2020082055711509,1
u_2248,0,0,0,0,0,0,0,0,0.7,0,1,0,0,0,0,1,0,7,7,0,0.0723385877780177,0.1976894839127618,0
u_3556,0,0,0,0,0,0,0,0,0.7,0,1,0,0,0,0,1,0,21,21,0,0.0739581083999136,0.1994169725761174,0
u_6623,1,0,1,1,1,1,1,1,1.0,1,0,0,0,0,0,3,4,23,23,0,0.0674800259123299,0.2020082055711509,1
u_8073,0,0,1,1,0,0,1,1,0.8,1,0,1,0,0,0,3,2,3,3,1,0.0736342042755344,0.201576333405312,1
u_7174,1,0,1,0,0,1,0,1,1.0,0,0,1,1,1,1,3,3,1,1,1,0.0723385877780177,0.1994169725761174,1
u_5079,0,0,0,0,0,0,0,0,0.762,0,1,1,0,0,0,1,0,9,9,0,0.071798747570719,0.1993090045346577,0
u_7548,2,0,3,2,0,2,2,3,0.737,1,0,1,1,0,0,5,3,9,9,0,0.0755776290218095,0.201576333405312,1
u_7689,0,0,0,0,0,0,0,0,0.75,1,0,0,0,0,0,1,0,2,2,1,0.071798747570719,0.1993090045346577,1
u_2327,0,0,0,0,0,0,0,0,0.737,0,0,0,0,0,0,1,0,6,6,0,0.0709350032390412,0.1994169725761174,0
u_5836,0,0,0,0,0,0,0,0,0.778,0,0,0,0,0,0,1,0,22,22,0,0.071798747570719,0.1993090045346577,0
u_7962,0,0,0,0,0,0,0,0,0.737,1,0,1,1,0,0,1,0,12,12,0,0.0709350032390412,0.2020082055711509,1
u_1387,0,0,0,0,0,0,0,0,1.0,0,1,0,0,0,0,1,1,13,13,0,0.0739581083999136,0.1994169725761174,0
u_8139,0,0,1,1,0,0,1,1,0.952,0,1,1,1,0,0,3,3,10,10,0,0.0643489527099978,0.2020082055711509,1
u_6180,0,0,0,0,0,0,0,0,0.8,0,1,0,0,0,0,1,0,12,12,0,0.0730943640682358,0.2020082055711509,0
u_1963,0,0,0,0,0,0,0,0,0.75,0,1,0,0,1,1,1,0,11,11,0,0.0674800259123299,0.1976894839127618,0
u_2806,0,0,0,0,0,0,0,0,0.909,0,1,0,0,0,0,1,1,11,11,0,0.0739581083999136,0.1976894839127618,0
u_2676,0,0,0,0,0,0,0,0,0.75,0,1,0,0,0,0,1,0,15,15,0,0.0674800259123299,0.2020082055711509,0
u_2377,0,0,0,0,0,0,0,0,0.769,0,1,0,0,0,0,1,0,17,17,0,0.071798747570719,0.1993090045346577,0
u_1229,0,0,0,0,0,0,0,0,0.7,0,1,1,0,0,0,1,0,5,5,1,0.0739581083999136,0.2020082055711509,0
u_4514,0,0,0,0,0,0,0,0,0.75,0,0,0,0,0,0,1,0,15,15,0,0.0739581083999136,0.1976894839127618,0
u_7700,0,0,0,0,0,0,0,0,0.8,1,0,0,0,0,0,1,0,15,15,0,0.0684517382854675,0.1976894839127618,1
u_5501,0,0,0,0,0,0,0,0,0.8,0,0,0,0,0,0,1,0,15,15,0,0.0709350032390412,0.2020082055711509,0
u_3127,0,0,0,0,0,0,0,0,0.72,0,1,1,0,0,0,1,0,23,23,0,0.0674800259123299,0.1976894839127618,0
u_8825,0,0,0,0,0,0,0,0,1.0,0,0,0,0,0,0,1,1,15,15,0,0.0643489527099978,0.2020082055711509,1
u_2403,0,0,0,0,0,0,0,0,0.75,0,0,0,0,0,0,1,0,1,1,1,0.0739581083999136,0.1994169725761174,0
u_270,0,0,0,0,0,0,0,0,0.818,0,1,0,0,0,0,1,0,20,20,0,0.0730943640682358,0.1994169725761174,0
u_8735,1,1,1,1,1,1,1,1,0.769,1,0,1,1,0,0,3,3,8,8,0,0.0739581083999136,0.2020082055711509,1
u_3086,0,0,0,0,0,0,0,0,0.783,0,1,1,0,0,0,1,0,20,20,0,0.0674800259123299,0.2020082055711509,0
u_1539,0,0,0,0,0,0,0,0,0.72,0,1,0,0,0,0,1,0,15,15,0,0.0709350032390412,0.2020082055711509,0
u_7718,0,0,0,0,0,0,0,0,0.778,0,1,1,1,0,0,1,0,15,15,0,0.0709350032390412,0.2020082055711509,1
u_3924,0,0,0,0,0,0,0,0,0.783,0,1,0,0,0,0,1,0,11,11,0,0.0739581083999136,0.2020082055711509,0
u_2489,0,0,0,0,0,0,0,0,0.75,0,0,1,0,0,0,1,0,18,18,0,0.0674800259123299,0.201576333405312,0
u_7198,0,0,0,0,0,0,0,0,0.857,1,0,1,1,0,0,1,1,2,2,1,0.0739581083999136,0.1993090045346577,1
u_6978,2,0,2,1,0,2,1,2,0.963,1,0,1,0,0,0,4,4,4,4,1,0.0712589073634204,0.1976894839127618,1
u_692,0,0,0,0,0,0,0,0,0.667,0,1,0,0,0,0,1,0,9,9,0,0.071798747570719,0.201576333405312,0
u_7782,0,0,0,0,0,0,0,0,0.762,0,0,1,0,0,0,1,0,15,15,0,0.0750377888145109,0.2020082055711509,1
u_9040,1,0,3,0,0,1,0,3,1.0,0,1,1,1,0,0,6,3,17,17,0,0.0755776290218095,0.201576333405312,1
u_2201,0,0,0,0,0,0,0,0,0.833,0,1,0,0,1,1,1,0,3,3,1,0.0712589073634204,0.1993090045346577,0
u_261,0,0,0,0,0,0,0,0,0.783,0,1,1,0,0,0,1,0,3,3,1,0.0709350032390412,0.201576333405312,0
u_6672,0,0,0,0,0,0,0,0,0.8,0,1,1,1,0,0,1,0,19,19,0,0.0684517382854675,0.2020082055711509,1
u_4868,0,0,0,0,0,0,0,0,1.0,0,1,0,0,0,0,1,1,20,20,0,0.0643489527099978,0.201576333405312,0
u_6711,1,1,1,0,0,1,0,1,1.0,0,1,1,1,0,0,3,3,11,11,0,0.0674800259123299,0.201576333405312,1
u_778,0,0,0,0,0,0,0,0,0.762,0,1,1,0,0,0,1,0,10,10,0,0.0755776290218095,0.1976894839127618,0
u_8555,0,0,1,1,0,0,1,1,1.0,1,0,1,0,0,0,3,3,23,23,0,0.0674800259123299,0.1994169725761174,1
u_7835,1,0,1,1,0,1,1,1,0.7,0,0,1,0,1,1,3,3,19,19,0,0.0755776290218095,0.1976894839127618,1
u_3714,0,0,0,0,0,0,0,0,0.727,0,1,1,0,0,0,1,0,19,19,0,0.0739581083999136,0.1993090045346577,0
u_7495,0,0,0,0,0,0,0,0,0.857,1,0,0,0,0,0,1,1,10,10,0,0.071798747570719,0.1976894839127618,1
u_981,0,0,0,0,0,0,0,0,0.87,0,0,0,0,0,0,1,1,15,15,0,0.0643489527099978,0.1994169725761174,0
u_6805,0,0,3,0,0,0,0,3,0.957,0,0,1,1,0,0,4,2,19,19,0,0.0750377888145109,0.2020082055711509,1
u_8163,1,0,2,2,0,1,2,2,0.714,1,0,0,0,0,0,4,3,23,23,0,0.0730943640682358,0.1976894839127618,1
u_7818,0,0,0,0,0,0,0,0,1.0,1,0,0,0,0,0,1,1,14,14,0,0.0739581083999136,0.1993090045346577,1
u_5522,0,0,0,0,0,0,0,0,0.737,0,1,0,0,0,0,1,0,6,6,0,0.0739581083999136,0.1993090045346577,0
u_8711,1,0,1,0,0,1,0,1,0.778,0,1,1,0,1,1,3,2,12,12,0,0.0681278341610883,0.1993090045346577,1
u_3994,0,0,0,0,0,0,0,0,0.947,0,0,0,0,0,0,1,1,2,2,1,0.0684517382854675,0.1994169725761174,0
u_8550,0,0,3,3,1,0,3,3,0.889,0,1,1,1,0,0,3,3,1,1,1,0.0643489527099978,0.2020082055711509,1
u_135,0,0,0,0,0,0,0,0,0.8,0,0,0,0,0,0,1,0,11,11,0,0.0750377888145109,0.1976894839127618,0
u_2286,0,0,0,0,0,0,0,0,0.7,0,1,0,0,0,0,1,0,11,11,0,0.0684517382854675,0.2020082055711509,0
u_2977,0,0,0,0,0,0,0,0,0.706,0,1,1,0,0,0,1,0,13,13,0,0.0674800259123299,0.1993090045346577,0
u_7703,1,1,1,0,0,1,0,1,0.7,0,1,1,0,0,0,3,2,0,0,1,0.0750377888145109,0.1976894839127618,1
u_455,0,0,0,0,0,0,0,0,0.769,0,0,0,0,0,0,1,0,16,16,0,0.0739581083999136,0.201576333405312,0
u_8731,0,0,2,2,0,0,2,2,1.0,0,1,0,0,0,0,3,3,16,16,0,0.0755776290218095,0.201576333405312,1
u_2756,0,0,0,0,0,0,0,0,0.8,0,0,1,0,0,0,1,0,11,11,0,0.0736342042755344,0.1993090045346577,0
u_1680,0,0,0,0,0,0,0,0,0.783,0,1,0,0,0,0,1,0,21,21,0,0.0643489527099978,0.201576333405312,0
u_494,0,0,0,0,0,0,0,0,0.7,0,1,0,0,0,0,1,0,4,4,1,0.0709350032390412,0.1994169725761174,0
u_8403,0,0,3,0,0,0,0,3,0.727,0,0,0,0,0,0,5,1,5,5,1,0.0755776290218095,0.2020082055711509,1
u_8069,0,0,0,0,0,0,0,0,0.857,0,1,0,0,0,0,1,1,12,12,0,0.0643489527099978,0.1993090045346577,1
u_6346,0,0,0,0,0,0,0,0,0.833,0,1,0,0,0,0,1,0,3,3,1,0.0739581083999136,0.1976894839127618,0
u_244,0,0,0,0,0,0,0,0,0.706,0,1,0,0,0,0,1,0,12,12,0,0.0739581083999136,0.1976894839127618,0
u_8236,0,0,0,0,0,0,0,0,0.737,1,0,0,0,0,0,1,0,6,6,0,0.0736342042755344,0.201576333405312,1
u_2746,0,0,0,0,0,0,0,0,0.75,0,1,0,0,0,0,1,0,2,2,1,0.0739581083999136,0.1993090045346577,0
u_6785,0,0,0,0,0,0,0,0,0.667,0,0,1,1,0,0,1,0,9,9,0,0.0674800259123299,0.201576333405312,1
u_6064,0,0,0,0,0,0,0,0,0.783,0,0,1,0,0,0,1,0,22,22,0,0.0750377888145109,0.2020082055711509,0
u_1109,0,0,0,0,0,0,0,0,0.786,0,0,0,0,0,0,1,0,13,13,0,0.0709350032390412,0.1994169725761174,0
u_7645,2,2,5,3,0,2,3,5,0.96,1,0,1,0,0,0,8,4,13,13,0,0.0750377888145109,0.201576333405312,1
u_5830,0,0,0,0,0,0,0,0,0.75,0,0,0,0,0,0,1,0,6,6,0,0.0750377888145109,0.1993090045346577,0
u_6973,3,2,3,0,0,3,0,3,1.0,0,1,1,0,0,0,3,3,8,8,0,0.0709350032390412,0.1994169725761174,1
u_3967,0,0,0,0,0,0,0,0,1.0,0,1,0,0,0,0,1,1,19,19,0,0.0739581083999136,0.2020082055711509,0
u_5245,0,0,0,0,0,0,0,0,0.8,0,1,1,0,0,0,1,0,2,2,1,0.0750377888145109,0.1993090045346577,0
u_2252,0,0,0,0,0,0,0,0,0.833,0,0,0,0,0,0,1,0,6,6,0,0.0712589073634204,0.1993090045346577,0
u_5256,0,0,0,0,0,0,0,0,0.667,0,1,0,0,0,0,1,0,14,14,0,0.0736342042755344,0.2020082055711509,0
u_3018,0,0,0,0,0,0,0,0,0.696,0,1,0,0,0,0,1,0,6,6,0,0.0723385877780177,0.201576333405312,0
u_34,0,0,0,0,0,0,0,0,0.818,0,1,0,0,0,0,1,0,16,16,0,0.0681278341610883,0.201576333405312,0
u_1638,0,0,0,0,0,0,0,0,0.783,0,1,0,0,0,0,1,0,11,11,0,0.0755776290218095,0.2020082055711509,0
u_6495,0,0,0,0,0,0,0,0,1.0,0,0,0,0,0,0,1,1,6,6,0,0.0755776290218095,0.1994169725761174,0
u_8363,2,0,3,2,0,2,2,3,0.96,0,1,1,0,0,0,5,4,6,6,0,0.0730943640682358,0.2020082055711509,1
u_4533,0,0,0,0,0,0,0,0,0.778,0,1,1,0,1,1,1,0,5,5,1,0.0736342042755344,0.201576333405312,0
u_2891,0,0,0,0,0,0,0,0,0.842,0,0,0,0,0,0,1,0,8,8,0,0.0739581083999136,0.1976894839127618,0
u_4293,0,0,0,0,0,0,0,0,0.769,0,1,1,0,0,0,1,0,7,7,0,0.0674800259123299,0.201576333405312,0
u_3318,0,0,0,0,0,0,0,0,1.0,0,1,1,0,1,1,1,1,18,18,0,0.0684517382854675,0.201576333405312,0
u_1198,0,0,0,0,0,0,0,0,0.75,0,1,0,0,0,0,1,0,5,5,1,0.0723385877780177,0.1976894839127618,0
u_3183,0,0,0,0,0,0,0,0,1.0,0,0,0,0,0,0,1,1,0,0,1,0.0755776290218095,0.201576333405312,0
u_2884,0,0,0,0,0,0,0,0,0.75,0,1,1,0,0,0,1,0,7,7,0,0.0681278341610883,0.2020082055711509,0
u_6775,0,0,0,0,0,0,0,0,0.857,1,0,0,0,0,0,1,1,2,2,1,0.071798747570719,0.1994169725761174,1
u_694,0,0,0,0,0,0,0,0,0.7,0,0,0,0,1,1,1,0,20,20,0,0.0712589073634204,0.1994169725761174,0
u_5435,0,0,0,0,0,0,0,0,0.778,0,0,0,0,0,0,1,0,5,5,1,0.0674800259123299,0.2020082055711509,0
u_2654,0,0,0,0,0,0,0,0,1.0,0,0,0,0,0,0,1,1,19,19,0,0.0681278341610883,0.1993090045346577,0
u_8791,1,0,1,1,1,1,1,1,0.696,1,0,1,0,0,0,3,3,17,17,0,0.0674800259123299,0.1993090045346577,1
u_1270,0,0,0,0,0,0,0,0,0.667,0,1,0,0,0,0,1,0,13,13,0,0.0709350032390412,0.1993090045346577,0
u_4177,0,0,0,0,0,0,0,0,1.0,0,1,0,0,0,0,1,1,21,21,0,0.0730943640682358,0.2020082055711509,0
u_9114,0,0,0,0,0,0,0,0,0.778,0,0,1,0,0,0,1,0,13,13,0,0.0739581083999136,0.1976894839127618,1
u_1465,0,0,0,0,0,0,0,0,0.72,0,1,0,0,0,0,1,0,15,15,0,0.0739581083999136,0.1993090045346577,0
u_9209,1,0,2,0,0,1,0,2,1.0,0,0,0,0,0,0,5,3,20,20,0,0.0674800259123299,0.1976894839127618,1
u_1183,0,0,0,0,0,0,0,0,1.0,0,0,0,0,0,0,1,1,21,21,0,0.0674800259123299,0.201576333405312,0
u_4794,0,0,0,0,0,0,0,0,1.0,0,1,0,0,0,0,1,1,6,6,0,0.0750377888145109,0.1976894839127618,0
u_2262,0,0,0,0,0,0,0,0,0.783,0,0,0,0,0,0,1,0,19,19,0,0.0709350032390412,0.1976894839127618,0
u_4206,0,0,0,0,0,0,0,0,0.762,0,0,0,0,0,0,1,0,5,5,1,0.0674800259123299,0.1993090045346577,0
u_3934,0,0,0,0,0,0,0,0,0.783,0,1,0,0,1,1,1,0,17,17,0,0.0681278341610883,0.1994169725761174,0
u_1399,0,0,0,0,0,0,0,0,0.737,0,0,1,0,0,0,1,0,3,3,1,0.0736342042755344,0.201576333405312,0
u_2395,0,0,0,0,0,0,0,0,0.857,0,0,0,0,0,0,1,1,2,2,1,0.0709350032390412,0.1976894839127618,0
u_1873,0,0,0,0,0,0,0,0,0.741,0,1,1,0,0,0,1,0,3,3,1,0.0736342042755344,0.201576333405312,0
u_2434,0,0,0,0,0,0,0,0,0.696,0,1,1,0,0,0,1,0,0,0,1,0.0750377888145109,0.1993090045346577,0
u_8356,0,0,0,0,0,0,0,0,0.727,0,0,0,0,0,0,1,0,23,23,0,0.071798747570719,0.1976894839127618,1
u_2363,0,0,0,0,0,0,0,0,0.737,0,1,0,0,0,0,1,0,8,8,0,0.0681278341610883,0.2020082055711509,0
u_10,0,0,0,0,0,0,0,0,0.759,0,1,0,0,0,0,1,0,11,11,0,0.0684517382854675,0.201576333405312,0
u_1236,0,0,0,0,0,0,0,0,0.909,0,1,0,0,0,0,1,1,21,21,0,0.0712589073634204,0.1994169725761174,0
u_4545,0,0,0,0,0,0,0,0,0.8,0,1,0,0,0,0,1,0,18,18,0,0.0674800259123299,0.1994169725761174,0
u_1841,0,0,0,0,0,0,0,0,1.0,0,1,0,0,0,0,1,1,19,19,0,0.0643489527099978,0.1993090045346577,0
u_8447,0,1,2,1,0,0,1,2,0.933,0,1,1,1,0,0,5,3,7,7,0,0.0684517382854675,0.1976894839127618,1
u_1007,0,0,0,0,0,0,0,0,0.727,0,1,1,0,0,0,1,0,9,9,0,0.0739581083999136,0.1976894839127618,0
u_2519,0,0,0,0,0,0,0,0,0.778,0,0,0,0,0,0,1,0,11,11,0,0.0750377888145109,0.1994169725761174,0
u_5481,0,0,0,0,0,0,0,0,0.783,0,1,0,0,0,0,1,0,8,8,0,0.0723385877780177,0.2020082055711509,0
u_6584,2,0,2,1,0,2,1,2,0.842,0,0,0,0,0,0,4,3,21,21,0,0.0736342042755344,0.1976894839127618,1
u_2331,0,0,0,0,0,0,0,0,0.667,0,1,1,0,0,0,1,0,22,22,0,0.0712589073634204,0.1976894839127618,0
u_2866,0,0,0,0,0,0,0,0,0.714,0,1,0,0,0,0,1,0,0,0,1,0.0709350032390412,0.1976894839127618,0
u_4521,0,0,0,0,0,0,0,0,0.762,0,1,0,0,0,0,1,0,11,11,0,0.0723385877780177,0.1976894839127618,0
u_2401,0,0,0,0,0,0,0,0,0.7,0,1,0,0,0,0,1,0,23,23,0,0.071798747570719,0.201576333405312,0
u_4078,0,0,0,0,0,0,0,0,0.8,0,1,1,0,0,0,1,0,12,12,0,0.0674800259123299,0.2020082055711509,0
u_4373,0,0,0,0,0,0,0,0,0.783,0,1,1,0,0,0,1,0,6,6,0,0.0681278341610883,0.201576333405312,0
u_2378,0,0,0,0,0,0,0,0,0.8,0,1,0,0,0,0,1,0,9,9,0,0.0750377888145109,0.1993090045346577,0
u_3406,0,0,0,0,0,0,0,0,0.75,0,0,0,0,0,0,1,0,17,17,0,0.0674800259123299,0.1994169725761174,0
u_1330,0,0,0,0,0,0,0,0,0.667,0,1,1,0,0,0,1,0,16,16,0,0.0684517382854675,0.2020082055711509,0
u_1475,0,0,0,0,0,0,0,0,0.8,0,1,1,0,0,0,1,0,13,13,0,0.0750377888145109,0.2020082055711509,0
u_8807,0,0,5,3,0,0,3,5,0.909,0,1,1,0,0,0,8,3,13,13,0,0.0755776290218095,0.201576333405312,1
u_8826,1,0,1,1,1,1,1,1,0.952,0,1,1,1,0,0,3,4,15,15,0,0.0674800259123299,0.2020082055711509,1
u_8784,2,0,3,0,0,2,0,3,1.0,0,1,1,1,0,0,6,3,21,21,0,0.0736342042755344,0.201576333405312,1
u_3329,0,0,0,0,0,0,0,0,0.769,0,0,0,0,0,0,1,0,11,11,0,0.0712589073634204,0.1976894839127618,0
u_3770,0,0,0,0,0,0,0,0,0.75,0,1,1,0,0,0,1,0,4,4,1,0.0723385877780177,0.1976894839127618,0
u_994,0,0,0,0,0,0,0,0,0.783,0,1,0,0,0,0,1,0,18,18,0,0.0723385877780177,0.1994169725761174,0
u_5852,0,0,0,0,0,0,0,0,0.727,0,1,0,0,0,0,1,0,9,9,0,0.0739581083999136,0.201576333405312,0
u_2483,0,0,0,0,0,0,0,0,0.741,0,0,0,0,1,1,1,0,5,5,1,0.0723385877780177,0.2020082055711509,0
u_7123,0,0,0,0,0,0,0,0,0.667,1,0,1,1,0,0,1,0,9,9,0,0.071798747570719,0.1976894839127618,1
u_7746,0,0,0,0,0,0,0,0,0.75,0,1,1,1,0,0,1,0,19,19,0,0.0750377888145109,0.1993090045346577,1
u_388,0,0,0,0,0,0,0,0,0.762,0,0,0,0,1,1,1,0,22,22,0,0.0730943640682358,0.1993090045346577,0
u_488,0,0,0,0,0,0,0,0,0.8,0,1,0,0,0,0,1,0,8,8,0,0.0723385877780177,0.1976894839127618,0
u_234,0,0,0,0,0,0,0,0,0.769,0,1,0,0,0,0,1,0,17,17,0,0.0750377888145109,0.1994169725761174,0
u_4960,0,0,0,0,0,0,0,0,0.72,0,1,0,0,0,0,1,0,11,11,0,0.0723385877780177,0.1994169725761174,0
u_8198,0,0,2,0,0,0,0,2,0.875,0,1,1,0,0,0,4,2,18,18,0,0.0750377888145109,0.1976894839127618,1
u_7802,1,0,1,0,0,1,0,1,1.0,1,0,1,1,0,0,3,3,22,22,0,0.0643489527099978,0.1976894839127618,1
u_7361,0,0,1,0,0,0,0,1,1.0,1,0,0,0,0,0,3,2,22,22,0,0.0709350032390412,0.1993090045346577,1
u_3147,0,0,0,0,0,0,0,0,0.778,0,0,1,0,0,0,1,0,10,10,0,0.0709350032390412,0.1993090045346577,0
u_1641,0,0,0,0,0,0,0,0,0.737,0,1,0,0,1,1,1,0,6,6,0,0.0681278341610883,0.2020082055711509,0
u_3126,0,0,0,0,0,0,0,0,0.714,0,1,0,0,0,0,1,0,14,14,0,0.0681278341610883,0.201576333405312,0
u_5226,0,0,0,0,0,0,0,0,0.8,0,0,0,0,0,0,1,0,12,12,0,0.0643489527099978,0.1976894839127618,0
u_7202,0,1,1,0,0,0,0,1,0.933,0,0,0,0,0,0,3,2,12,12,0,0.0739581083999136,0.1976894839127618,1
u_9253,3,1,4,0,0,3,0,4,1.0,1,0,1,1,0,0,6,3,13,13,0,0.0730943640682358,0.1993090045346577,1
u_6629,1,0,1,0,0,1,0,1,0.762,0,1,1,1,0,0,3,2,2,2,1,0.0736342042755344,0.201576333405312,1
u_9249,3,1,3,3,0,3,3,3,1.0,1,0,1,0,1,1,3,4,3,3,1,0.0739581083999136,0.1994169725761174,1
u_5092,0,0,0,0,0,0,0,0,0.75,0,1,0,0,0,0,1,0,4,4,1,0.0739581083999136,0.201576333405312,0
u_9019,0,0,0,0,0,0,0,0,0.857,0,0,1,1,0,0,1,1,21,21,0,0.0712589073634204,0.1994169725761174,1
u_8721,0,0,0,0,0,0,0,0,0.8,0,0,1,0,0,0,1,0,2,2,1,0.0755776290218095,0.2020082055711509,1
u_7004,0,0,0,0,0,0,0,0,0.667,1,0,1,1,0,0,1,0,7,7,0,0.0684517382854675,0.201576333405312,1
u_5982,0,0,0,0,0,0,0,0,0.727,0,1,0,0,0,0,1,0,5,5,1,0.0750377888145109,0.1976894839127618,0
u_664,0,0,0,0,0,0,0,0,0.783,0,1,1,0,0,0,1,0,6,6,0,0.0684517382854675,0.2020082055711509,0
u_3149,0,0,0,0,0,0,0,0,0.727,0,1,1,0,0,0,1,0,12,12,0,0.071798747570719,0.1993090045346577,0
u_3941,0,0,0,0,0,0,0,0,0.818,0,1,0,0,0,0,1,0,15,15,0,0.0684517382854675,0.1993090045346577,0
u_9078,4,0,4,1,0,4,1,4,0.952,1,0,1,1,0,0,6,4,13,13,0,0.0730943640682358,0.1976894839127618,1
u_5319,0,0,0,0,0,0,0,0,0.952,0,1,0,0,0,0,1,1,8,8,0,0.0681278341610883,0.2020082055711509,0
u_2648,0,0,0,0,0,0,0,0,0.727,0,0,0,0,0,0,1,0,5,5,1,0.0739581083999136,0.1976894839127618,0
u_7713,3,2,3,3,0,3,3,3,0.737,1,0,1,0,0,0,3,3,6,6,0,0.0739581083999136,0.1976894839127618,1
u_716,0,0,0,0,0,0,0,0,0.818,0,1,0,0,0,0,1,0,16,16,0,0.071798747570719,0.2020082055711509,0
u_8310,2,0,2,0,0,2,0,2,0.818,0,1,1,1,0,0,3,2,9,9,0,0.0643489527099978,0.1993090045346577,1
u_5768,0,0,0,0,0,0,0,0,0.706,0,0,0,0,0,0,1,0,7,7,0,0.0730943640682358,0.201576333405312,0
u_4238,0,0,0,0,0,0,0,0,0.667,0,1,1,0,0,0,1,0,8,8,0,0.0736342042755344,0.1976894839127618,0
u_6083,0,0,0,0,0,0,0,0,0.75,0,0,0,0,0,0,1,0,7,7,0,0.071798747570719,0.1994169725761174,0
u_9197,0,0,0,0,0,0,0,0,0.737,0,1,1,0,0,0,1,0,15,15,0,0.0750377888145109,0.1994169725761174,1
u_9145,1,0,1,1,0,1,1,1,0.714,1,0,0,0,0,0,3,3,3,3,1,0.0736342042755344,0.2020082055711509,1
u_5651,0,0,0,0,0,0,0,0,0.933,0,1,0,0,0,0,1,1,23,23,0,0.0712589073634204,0.2020082055711509,0
u_1131,0,0,0,0,0,0,0,0,0.8,0,1,1,0,0,0,1,0,19,19,0,0.0739581083999136,0.201576333405312,0
u_804,0,0,0,0,0,0,0,0,0.737,0,1,0,0,1,1,1,0,14,14,0,0.0739581083999136,0.1993090045346577,0
u_2478,0,0,0,0,0,0,0,0,0.75,0,1,0,0,0,0,1,0,4,4,1,0.0643489527099978,0.201576333405312,0
u_3650,0,0,0,0,0,0,0,0,1.0,0,0,0,0,0,0,1,1,23,23,0,0.0709350032390412,0.1994169725761174,0
u_9148,0,0,0,0,0,0,0,0,0.667,1,0,0,0,1,1,1,0,23,23,0,0.0736342042755344,0.201576333405312,1
u_256,0,0,0,0,0,0,0,0,1.0,0,1,0,0,0,0,1,1,18,18,0,0.0730943640682358,0.1976894839127618,0
u_8272,0,0,2,2,1,0,2,2,0.667,0,1,1,1,0,0,4,2,7,7,0,0.0681278341610883,0.1976894839127618,1
u_3659,0,0,0,0,0,0,0,0,0.818,0,0,0,0,0,0,1,0,20,20,0,0.071798747570719,0.2020082055711509,0
u_3655,0,0,0,0,0,0,0,0,0.778,0,1,1,0,0,0,1,0,4,4,1,0.071798747570719,0.1993090045346577,0
u_426,0,0,0,0,0,0,0,0,0.636,0,0,0,0,0,0,1,0,8,8,0,0.0709350032390412,0.1994169725761174,0
u_4084,0,0,0,0,0,0,0,0,0.8,0,1,0,0,0,0,1,0,14,14,0,0.0750377888145109,0.1993090045346577,0
u_5939,0,0,0,0,0,0,0,0,0.762,0,1,0,0,1,1,1,0,12,12,0,0.0739581083999136,0.2020082055711509,0
u_5832,0,0,0,0,0,0,0,0,0.727,0,1,0,0,0,0,1,0,5,5,1,0.0643489527099978,0.1994169725761174,0
u_5915,0,0,0,0,0,0,0,0,0.72,0,0,0,0,0,0,1,0,14,14,0,0.0739581083999136,0.2020082055711509,0
u_629,0,0,0,0,0,0,0,0,0.8,0,1,0,0,0,0,1,0,1,1,1,0.0712589073634204,0.1976894839127618,0
u_8819,0,0,0,0,0,0,0,0,0.875,0,1,0,0,0,0,1,1,23,23,0,0.0712589073634204,0.201576333405312,1
u_3573,0,0,0,0,0,0,0,0,0.75,0,1,1,0,0,0,1,0,1,1,1,0.0739581083999136,0.1976894839127618,0
u_9057,0,0,0,0,0,0,0,0,1.0,0,1,1,0,1,1,1,1,16,16,0,0.0755776290218095,0.1993090045346577,1
u_7180,2,0,5,2,0,2,2,5,0.857,1,0,1,1,0,0,9,4,4,4,1,0.0674800259123299,0.2020082055711509,1
u_3089,0,0,0,0,0,0,0,0,0.783,0,1,0,0,0,0,1,0,13,13,0,0.0750377888145109,0.1976894839127618,0
u_6279,0,0,0,0,0,0,0,0,1.0,0,1,1,0,0,0,1,1,22,22,0,0.0739581083999136,0.201576333405312,0
u_2773,0,0,0,0,0,0,0,0,0.857,0,0,1,0,0,0,1,1,3,3,1,0.0712589073634204,0.201576333405312,0
u_1363,0,0,0,0,0,0,0,0,0.75,0,1,0,0,0,0,1,0,15,15,0,0.0674800259123299,0.201576333405312,0
u_1306,0,0,0,0,0,0,0,0,0.769,0,1,1,0,0,0,1,0,21,21,0,0.0730943640682358,0.1993090045346577,0
u_823,0,0,0,0,0,0,0,0,0.714,0,1,0,0,0,0,1,0,7,7,0,0.0723385877780177,0.2020082055711509,0
u_3363,0,0,0,0,0,0,0,0,0.783,0,0,0,0,0,0,1,0,10,10,0,0.0674800259123299,0.1994169725761174,0
u_1201,0,0,0,0,0,0,0,0,0.778,0,1,1,0,0,0,1,0,8,8,0,0.0684517382854675,0.201576333405312,0
u_2503,0,0,0,0,0,0,0,0,0.727,0,1,1,0,0,0,1,0,6,6,0,0.0750377888145109,0.201576333405312,0
u_3805,0,0,0,0,0,0,0,0,0.818,0,1,0,0,0,0,1,0,9,9,0,0.0730943640682358,0.1993090045346577,0
u_5906,0,0,0,0,0,0,0,0,1.0,0,0,0,0,0,0,1,1,2,2,1,0.0684517382854675,0.1993090045346577,0
u_2289,0,0,0,0,0,0,0,0,0.667,0,1,0,0,0,0,1,0,0,0,1,0.0674800259123299,0.201576333405312,0
u_8907,0,0,0,0,0,0,0,0,0.815,0,1,1,0,0,0,1,0,7,7,0,0.0730943640682358,0.1993090045346577,1
u_2144,0,0,0,0,0,0,0,0,1.0,0,0,0,0,0,0,1,1,13,13,0,0.071798747570719,0.201576333405312,0
u_7169,0,0,1,0,0,0,0,1,0.72,0,0,1,1,0,0,3,1,20,20,0,0.071798747570719,0.1993090045346577,1
u_6020,0,0,0,0,0,0,0,0,0.778,0,1,0,0,0,0,1,0,0,0,1,0.0739581083999136,0.2020082055711509,0
u_2141,0,0,0,0,0,0,0,0,1.0,0,1,1,0,0,0,1,1,14,14,0,0.0712589073634204,0.2020082055711509,0
u_8137,0,0,0,0,0,0,0,0,0.667,1,0,1,1,1,1,1,0,9,9,0,0.0712589073634204,0.2020082055711509,1
u_3313,0,0,0,0,0,0,0,0,0.783,0,0,1,0,0,0,1,0,21,21,0,0.0755776290218095,0.1993090045346577,0
u_8567,1,0,2,0,0,1,0,2,0.9,0,1,1,1,0,0,5,3,6,6,0,0.0643489527099978,0.1993090045346577,1
u_63,0,0,0,0,0,0,0,0,0.75,0,1,0,0,0,0,1,0,15,15,0,0.0736342042755344,0.2020082055711509,0
u_2492,0,0,0,0,0,0,0,0,0.818,0,1,0,0,0,0,1,0,18,18,0,0.0730943640682358,0.1976894839127618,0
u_1522,0,0,0,0,0,0,0,0,0.75,0,1,0,0,0,0,1,0,5,5,1,0.0709350032390412,0.201576333405312,0
u_9138,1,0,1,0,0,1,0,1,1.0,0,1,1,1,1,1,3,3,4,4,1,0.0730943640682358,0.2020082055711509,1
u_6574,1,1,1,1,1,1,1,1,0.727,1,0,1,1,0,0,3,3,21,21,0,0.0643489527099978,0.1976894839127618,1
u_80,0,0,0,0,0,0,0,0,0.727,0,1,0,0,0,0,1,0,15,15,0,0.0674800259123299,0.1993090045346577,0
u_9233,0,0,1,0,0,0,0,1,0.667,0,1,1,1,0,0,3,1,4,4,1,0.0750377888145109,0.1994169725761174,1
u_3393,0,0,0,0,0,0,0,0,0.8,0,1,0,0,0,0,1,0,3,3,1,0.0755776290218095,0.1976894839127618,0
u_6667,1,0,1,0,0,1,0,1,0.824,1,0,1,0,0,0,3,2,13,13,0,0.0681278341610883,0.1976894839127618,1
u_7159,0,0,3,0,0,0,0,3,1.0,0,1,0,0,0,0,6,2,15,15,0,0.0681278341610883,0.1994169725761174,1
u_4315,0,0,0,0,0,0,0,0,0.706,0,1,1,0,0,0,1,0,10,10,0,0.0736342042755344,0.201576333405312,0
u_2688,0,0,0,0,0,0,0,0,0.667,0,1,0,0,0,0,1,0,4,4,1,0.071798747570719,0.1976894839127618,0
u_845,0,0,0,0,0,0,0,0,0.769,0,1,0,0,0,0,1,0,3,3,1,0.0750377888145109,0.2020082055711509,0
u_1481,0,0,0,0,0,0,0,0,0.75,0,1,1,0,0,0,1,0,1,1,1,0.0736342042755344,0.1994169725761174,0
u_3956,0,0,0,0,0,0,0,0,0.75,0,1,1,0,0,0,1,0,22,22,0,0.0730943640682358,0.1993090045346577,0
u_5659,0,0,0,0,0,0,0,0,0.762,0,1,0,0,0,0,1,0,13,13,0,0.0712589073634204,0.1993090045346577,0
u_2493,0,0,0,0,0,0,0,0,0.818,0,1,0,0,0,0,1,0,13,13,0,0.0643489527099978,0.2020082055711509,0
u_6823,1,1,1,0,0,1,0,1,0.824,1,0,1,0,0,0,3,2,5,5,1,0.0674800259123299,0.201576333405312,1
u_1542,0,0,0,0,0,0,0,0,0.75,0,0,0,0,0,0,1,0,20,20,0,0.0755776290218095,0.1976894839127618,0
u_6764,0,0,0,0,0,0,0,0,0.8,0,1,1,1,0,0,1,0,17,17,0,0.0684517382854675,0.1976894839127618,1
u_703,0,0,0,0,0,0,0,0,0.8,0,1,0,0,0,0,1,0,8,8,0,0.0674800259123299,0.201576333405312,0
u_6018,0,0,0,0,0,0,0,0,0.706,0,1,0,0,0,0,1,0,14,14,0,0.071798747570719,0.201576333405312,0
u_1810,0,0,0,0,0,0,0,0,0.818,0,0,0,0,0,0,1,0,3,3,1,0.0712589073634204,0.1976894839127618,0
u_6981,2,0,2,2,1,2,2,2,0.857,1,0,0,0,0,0,3,4,15,15,0,0.0712589073634204,0.1994169725761174,1
u_5204,0,0,0,0,0,0,0,0,0.833,0,0,0,0,0,0,1,0,15,15,0,0.0755776290218095,0.1993090045346577,0
u_2892,0,0,0,0,0,0,0,0,0.737,0,1,0,0,0,0,1,0,17,17,0,0.0739581083999136,0.1993090045346577,0
u_141,0,0,0,0,0,0,0,0,0.824,0,1,0,0,0,0,1,0,13,13,0,0.0736342042755344,0.201576333405312,0
u_576,0,0,0,0,0,0,0,0,0.762,0,1,0,0,0,0,1,0,17,17,0,0.0643489527099978,0.2020082055711509,0
u_667,0,0,0,0,0,0,0,0,0.783,0,1,0,0,0,0,1,0,18,18,0,0.0712589073634204,0.1993090045346577,0
u_5546,0,0,0,0,0,0,0,0,0.706,0,1,1,0,0,0,1,0,2,2,1,0.0730943640682358,0.1993090045346577,0
u_4175,0,0,0,0,0,0,0,0,0.737,0,1,1,0,0,0,1,0,8,8,0,0.0739581083999136,0.1976894839127618,0
u_2901,0,0,0,0,0,0,0,0,0.9,0,1,0,0,0,0,1,1,9,9,0,0.0750377888145109,0.1993090045346577,0
u_7280,0,0,1,1,0,0,1,1,0.818,0,0,1,1,0,0,3,2,14,14,0,0.0643489527099978,0.1976894839127618,1
u_4738,0,0,0,0,0,0,0,0,0.783,0,0,0,0,1,1,1,0,13,13,0,0.0755776290218095,0.2020082055711509,0
u_1336,0,0,0,0,0,0,0,0,0.778,0,1,0,0,1,1,1,0,13,13,0,0.0755776290218095,0.1993090045346577,0
u_5994,0,0,0,0,0,0,0,0,0.87,0,0,0,0,0,0,1,1,9,9,0,0.0755776290218095,0.201576333405312,0
u_1624,0,0,0,0,0,0,0,0,0.778,0,1,1,0,0,0,1,0,7,7,0,0.0730943640682358,0.1976894839127618,0
u_8490,0,0,2,0,0,0,0,2,0.75,1,0,1,1,0,0,3,1,11,11,0,0.0750377888145109,0.1993090045346577,1
u_6364,0,0,0,0,0,0,0,0,0.737,0,1,0,0,0,0,1,0,5,5,1,0.0681278341610883,0.2020082055711509,0
u_6957,0,0,0,0,0,0,0,0,0.818,0,1,1,1,1,1,1,0,1,1,1,0.071798747570719,0.2020082055711509,1
u_8690,0,0,0,0,0,0,0,0,0.783,0,1,1,0,0,0,1,0,0,0,1,0.0755776290218095,0.1993090045346577,1
u_3194,0,0,0,0,0,0,0,0,0.706,0,1,1,0,0,0,1,0,16,16,0,0.0739581083999136,0.201576333405312,0
u_2304,0,0,0,0,0,0,0,0,0.75,0,1,0,0,0,0,1,0,16,16,0,0.0674800259123299,0.1993090045346577,0
u_4630,0,0,0,0,0,0,0,0,0.727,0,0,0,0,0,0,1,0,15,15,0,0.0674800259123299,0.1976894839127618,0
u_3640,0,0,0,0,0,0,0,0,0.714,0,1,1,0,0,0,1,0,22,22,0,0.0755776290218095,0.201576333405312,0
u_5591,0,0,0,0,0,0,0,0,0.762,0,1,1,0,0,0,1,0,23,23,0,0.0643489527099978,0.2020082055711509,0
u_7231,2,0,2,0,0,2,0,2,1.0,1,0,1,1,0,0,3,3,5,5,1,0.0739581083999136,0.1976894839127618,1
u_7116,0,0,0,0,0,0,0,0,0.8,0,0,1,1,0,0,1,0,22,22,0,0.0723385877780177,0.1976894839127618,1
u_1206,0,0,0,0,0,0,0,0,0.783,0,1,0,0,0,0,1,0,21,21,0,0.0755776290218095,0.2020082055711509,0
u_5810,0,0,0,0,0,0,0,0,0.737,0,1,0,0,1,1,1,0,19,19,0,0.0712589073634204,0.1976894839127618,0
u_4918,0,0,0,0,0,0,0,0,0.783,0,1,0,0,0,0,1,0,23,23,0,0.0709350032390412,0.1993090045346577,0
u_6388,0,0,0,0,0,0,0,0,0.786,0,1,0,0,0,0,1,0,1,1,1,0.0643489527099978,0.1976894839127618,0
u_2683,0,0,0,0,0,0,0,0,0.75,0,1,0,0,0,0,1,0,6,6,0,0.0684517382854675,0.1994169725761174,0
u_4508,0,0,0,0,0,0,0,0,0.818,0,0,0,0,0,0,1,0,10,10,0,0.0730943640682358,0.1993090045346577,0
u_377,0,0,0,0,0,0,0,0,0.778,0,0,1,0,0,0,1,0,20,20,0,0.0674800259123299,0.2020082055711509,0
u_8677,2,2,3,0,0,2,0,3,1.0,0,1,1,0,0,0,4,3,12,12,0,0.0739581083999136,0.1993090045346577,1
u_4109,0,0,0,0,0,0,0,0,0.824,0,1,0,0,0,0,1,0,13,13,0,0.0674800259123299,0.1994169725761174,0
u_7297,0,0,0,0,0,0,0,0,0.696,0,1,0,0,0,0,1,0,22,22,0,0.0674800259123299,0.2020082055711509,1
u_297,0,0,0,0,0,0,0,0,0.778,0,1,1,0,0,0,1,0,0,0,1,0.0684517382854675,0.2020082055711509,0
u_6683,2,2,4,2,0,2,2,4,1.0,0,1,1,1,0,0,7,4,3,3,1,0.0755776290218095,0.1976894839127618,1
u_8855,0,0,1,1,1,0,1,1,0.769,0,1,1,1,0,0,3,2,6,6,0,0.0684517382854675,0.1993090045346577,1
u_4192,0,0,0,0,0,0,0,0,0.941,0,1,1,0,0,0,1,1,17,17,0,0.0736342042755344,0.1994169725761174,0
u_3303,0,0,0,0,0,0,0,0,0.762,0,1,1,0,0,0,1,0,21,21,0,0.071798747570719,0.201576333405312,0
u_5169,0,0,0,0,0,0,0,0,0.778,0,1,1,0,0,0,1,0,20,20,0,0.0755776290218095,0.2020082055711509,0
u_7385,0,1,1,0,0,0,0,1,1.0,0,0,1,1,0,0,3,2,11,11,0,0.0709350032390412,0.1993090045346577,1
u_5920,0,0,0,0,0,0,0,0,0.72,0,1,1,0,0,0,1,0,4,4,1,0.0739581083999136,0.1993090045346577,0
u_8704,2,1,2,1,1,2,1,2,0.875,0,1,0,0,0,0,4,4,15,15,0,0.0681278341610883,0.201576333405312,1
u_5766,0,0,0,0,0,0,0,0,1.0,0,0,0,0,0,0,1,1,5,5,1,0.0674800259123299,0.1993090045346577,0
u_1414,0,0,0,0,0,0,0,0,0.762,0,1,1,0,0,0,1,0,13,13,0,0.0712589073634204,0.201576333405312,0
u_5607,0,0,0,0,0,0,0,0,0.783,0,1,0,0,0,0,1,0,3,3,1,0.0681278341610883,0.1976894839127618,0
u_2748,0,0,0,0,0,0,0,0,0.87,0,1,0,0,0,0,1,1,8,8,0,0.0750377888145109,0.2020082055711509,0
u_3411,0,0,0,0,0,0,0,0,0.7,0,0,0,0,0,0,1,0,2,2,1,0.0750377888145109,0.1994169725761174,0
u_8238,0,0,0,0,0,0,0,0,0.706,0,0,1,1,0,0,1,0,19,19,0,0.0709350032390412,0.1994169725761174,1
u_3774,0,0,0,0,0,0,0,0,0.762,0,1,0,0,0,0,1,0,7,7,0,0.0736342042755344,0.2020082055711509,0
u_7156,1,0,3,2,0,1,2,3,0.952,1,0,1,0,0,0,6,4,22,22,0,0.0674800259123299,0.1994169725761174,1
u_3591,0,0,0,0,0,0,0,0,0.7,0,0,0,0,0,0,1,0,6,6,0,0.0684517382854675,0.201576333405312,0
u_8289,2,0,4,3,0,2,3,4,1.0,1,0,1,0,1,1,6,4,0,0,1,0.0723385877780177,0.1976894839127618,1
u_515,0,0,0,0,0,0,0,0,0.741,0,0,0,0,0,0,1,0,18,18,0,0.0750377888145109,0.201576333405312,0
u_5118,0,0,0,0,0,0,0,0,0.762,0,1,1,0,0,0,1,0,2,2,1,0.0755776290218095,0.201576333405312,0
u_6277,0,0,0,0,0,0,0,0,0.706,0,0,0,0,0,0,1,0,18,18,0,0.0674800259123299,0.1976894839127618,0
u_1134,0,0,0,0,0,0,0,0,0.75,0,0,0,0,0,0,1,0,17,17,0,0.0681278341610883,0.201576333405312,0
u_7675,0,0,1,0,0,0,0,1,0.727,0,1,1,0,0,0,3,1,2,2,1,0.0684517382854675,0.1994169725761174,1
u_3555,0,0,0,0,0,0,0,0,1.0,0,1,1,0,0,0,1,1,19,19,0,0.0681278341610883,0.1976894839127618,0
u_7036,0,0,0,0,0,0,0,0,0.9,0,1,0,0,0,0,1,1,1,1,1,0.0712589073634204,0.1994169725761174,1
u_2948,0,0,0,0,0,0,0,0,0.759,0,1,0,0,0,0,1,0,14,14,0,0.0739581083999136,0.1993090045346577,0
u_337,0,0,0,0,0,0,0,0,0.727,0,1,1,0,0,0,1,0,19,19,0,0.0755776290218095,0.201576333405312,0
u_6835,0,0,1,0,0,0,0,1,0.7,1,0,1,0,0,0,3,1,11,11,0,0.071798747570719,0.2020082055711509,1
u_2906,0,0,0,0,0,0,0,0,0.762,0,1,0,0,0,0,1,0,22,22,0,0.0739581083999136,0.1994169725761174,0
u_4168,0,0,0,0,0,0,0,0,0.769,0,0,0,0,0,0,1,0,11,11,0,0.0750377888145109,0.1993090045346577,0
u_2902,0,0,0,0,0,0,0,0,0.8,0,1,0,0,0,0,1,0,17,17,0,0.0723385877780177,0.1976894839127618,0
u_6194,0,0,0,0,0,0,0,0,0.783,0,0,1,0,0,0,1,0,10,10,0,0.071798747570719,0.1976894839127618,0
u_5455,0,0,0,0,0,0,0,0,0.8,0,1,1,0,0,0,1,0,1,1,1,0.0750377888145109,0.1994169725761174,0
u_1250,0,0,0,0,0,0,0,0,0.8,0,0,0,0,0,0,1,0,1,1,1,0.0684517382854675,0.1994169725761174,0
u_6669,0,0,1,1,0,0,1,1,1.0,0,0,0,0,1,1,3,3,11,11,0,0.0736342042755344,0.201576333405312,1
u_6834,1,0,2,0,0,1,0,2,0.7,1,0,1,1,0,0,5,2,11,11,0,0.071798747570719,0.2020082055711509,1
u_6795,1,0,2,0,0,1,0,2,1.0,0,1,0,0,0,0,4,3,0,0,1,0.0643489527099978,0.2020082055711509,1
u_6230,0,0,0,0,0,0,0,0,0.818,0,1,0,0,0,0,1,0,16,16,0,0.0709350032390412,0.1976894839127618,0
u_6406,0,0,0,0,0,0,0,0,0.941,0,1,0,0,0,0,1,1,0,0,1,0.0750377888145109,0.1993090045346577,0
u_7890,1,0,1,1,0,1,1,1,0.957,0,1,1,0,0,0,3,4,16,16,0,0.0736342042755344,0.1976894839127618,1
u_8307,1,0,1,0,0,1,0,1,0.8,0,1,1,1,0,0,3,2,16,16,0,0.0736342042755344,0.1993090045346577,1
u_7188,0,0,2,0,0,0,0,2,0.706,1,0,1,1,0,0,5,1,13,13,0,0.0736342042755344,0.1976894839127618,1
u_2234,0,0,0,0,0,0,0,0,0.842,0,0,1,0,0,0,1,0,9,9,0,0.0681278341610883,0.201576333405312,0
u_443,0,0,0,0,0,0,0,0,0.667,0,0,1,0,0,0,1,0,18,18,0,0.0712589073634204,0.1994169725761174,0
u_6527,2,0,3,0,0,2,0,3,1.0,0,1,1,0,0,0,5,3,2,2,1,0.0730943640682358,0.2020082055711509,1
u_7062,1,0,2,2,1,1,2,2,0.727,0,1,1,0,0,0,4,3,19,19,0,0.0709350032390412,0.2020082055711509,1
u_4893,0,0,0,0,0,0,0,0,0.737,0,1,1,0,0,0,1,0,2,2,1,0.0739581083999136,0.1993090045346577,0
u_4211,0,0,0,0,0,0,0,0,0.75,0,1,0,0,0,0,1,0,21,21,0,0.0643489527099978,0.1994169725761174,0
u_7146,0,0,0,0,0,0,0,0,0.783,0,1,1,1,0,0,1,0,13,13,0,0.0739581083999136,0.201576333405312,1
u_2883,0,0,0,0,0,0,0,0,0.947,0,1,0,0,0,0,1,1,4,4,1,0.0674800259123299,0.1976894839127618,0
u_8146,5,2,5,4,0,5,4,5,0.957,0,1,1,1,0,0,4,4,7,7,0,0.0674800259123299,0.1976894839127618,1
u_7908,0,0,2,1,0,0,1,2,0.947,0,0,0,0,0,0,4,3,3,3,1,0.0736342042755344,0.2020082055711509,1
u_6554,3,2,4,0,0,3,0,4,1.0,0,1,1,1,1,1,6,3,20,20,0,0.0750377888145109,0.1994169725761174,1
u_6936,0,1,1,1,0,0,1,1,1.0,0,1,1,1,0,0,3,3,13,13,0,0.0643489527099978,0.201576333405312,1
u_6702,4,5,5,0,0,4,0,5,1.0,0,0,1,1,0,0,8,3,19,19,0,0.0750377888145109,0.1993090045346577,1
u_4174,0,0,0,0,0,0,0,0,0.727,0,1,0,0,0,0,1,0,19,19,0,0.0736342042755344,0.1993090045346577,0
u_7315,1,0,2,0,0,1,0,2,0.947,0,1,1,1,0,0,4,3,17,17,0,0.0739581083999136,0.1994169725761174,1
u_4254,0,0,0,0,0,0,0,0,0.818,0,1,1,0,0,0,1,0,6,6,0,0.0681278341610883,0.1976894839127618,0
u_5239,0,0,0,0,0,0,0,0,0.762,0,1,1,0,0,0,1,0,14,14,0,0.0681278341610883,0.201576333405312,0
u_7374,2,2,4,2,0,2,2,4,1.0,0,1,0,0,0,0,7,4,13,13,0,0.0709350032390412,0.201576333405312,1
u_3065,0,0,0,0,0,0,0,0,0.8,0,0,0,0,0,0,1,0,1,1,1,0.0755776290218095,0.1993090045346577,0
u_896,0,0,0,0,0,0,0,0,0.8,0,1,1,0,0,0,1,0,13,13,0,0.071798747570719,0.201576333405312,0
u_5764,0,0,0,0,0,0,0,0,0.727,0,1,1,0,0,0,1,0,18,18,0,0.0755776290218095,0.1994169725761174,0
u_3157,0,0,0,0,0,0,0,0,0.762,0,1,0,0,0,0,1,0,12,12,0,0.0643489527099978,0.1994169725761174,0
u_4536,0,0,0,0,0,0,0,0,1.0,0,1,1,0,0,0,1,1,17,17,0,0.0712589073634204,0.2020082055711509,0
u_2282,0,0,0,0,0,0,0,0,0.818,0,1,1,0,0,0,1,0,5,5,1,0.0739581083999136,0.1976894839127618,0
u_9079,0,0,0,0,0,0,0,0,0.875,0,0,0,0,0,0,1,1,17,17,0,0.0750377888145109,0.201576333405312,1
u_6813,0,0,0,0,0,0,0,0,0.667,0,0,1,1,0,0,1,0,13,13,0,0.0755776290218095,0.1994169725761174,1
u_1526,0,0,0,0,0,0,0,0,0.733,0,0,0,0,0,0,1,0,2,2,1,0.0723385877780177,0.1976894839127618,0
u_3975,0,0,0,0,0,0,0,0,0.737,0,1,0,0,0,0,1,0,11,11,0,0.0709350032390412,0.1993090045346577,0
u_8298,0,0,0,0,0,0,0,0,0.667,1,0,1,1,0,0,1,0,7,7,0,0.0730943640682358,0.201576333405312,1
u_645,0,0,0,0,0,0,0,0,0.8,0,1,1,0,0,0,1,0,0,0,1,0.0739581083999136,0.201576333405312,0
u_8285,0,0,0,0,0,0,0,0,0.8,0,1,1,1,0,0,1,0,23,23,0,0.0755776290218095,0.1976894839127618,1
u_6940,0,0,0,0,0,0,0,0,0.636,0,1,1,0,0,0,1,0,23,23,0,0.0643489527099978,0.1976894839127618,1
u_672,0,0,0,0,0,0,0,0,0.824,0,1,1,0,0,0,1,0,23,23,0,0.0643489527099978,0.201576333405312,0
u_9070,0,1,1,1,0,0,1,1,0.696,0,1,1,0,0,0,3,2,22,22,0,0.0736342042755344,0.1976894839127618,1
u_8756,1,0,1,0,0,1,0,1,1.0,0,1,0,0,0,0,3,3,13,13,0,0.0674800259123299,0.201576333405312,1
u_1755,0,0,0,0,0,0,0,0,0.842,0,1,1,0,0,0,1,0,13,13,0,0.0750377888145109,0.2020082055711509,0
u_3400,0,0,0,0,0,0,0,0,1.0,0,1,0,0,0,0,1,1,0,0,1,0.0755776290218095,0.2020082055711509,0
u_8038,1,0,2,0,0,1,0,2,1.0,0,1,1,1,0,0,5,3,11,11,0,0.0674800259123299,0.1994169725761174,1
u_1907,0,0,0,0,0,0,0,0,0.762,0,1,1,0,0,0,1,0,12,12,0,0.0739581083999136,0.1993090045346577,0
u_2983,0,0,0,0,0,0,0,0,0.769,0,1,0,0,0,0,1,0,23,23,0,0.0739581083999136,0.2020082055711509,0
u_1289,0,0,0,0,0,0,0,0,0.783,0,1,0,0,0,0,1,0,17,17,0,0.0723385877780177,0.1993090045346577,0
u_8916,1,0,3,0,0,1,0,3,0.824,1,0,0,0,0,0,6,2,1,1,1,0.0723385877780177,0.1976894839127618,1
u_4362,0,0,0,0,0,0,0,0,0.952,0,1,0,0,0,0,1,1,6,6,0,0.0755776290218095,0.201576333405312,0
u_2359,0,0,0,0,0,0,0,0,0.818,0,1,0,0,0,0,1,0,1,1,1,0.0755776290218095,0.2020082055711509,0
u_5633,0,0,0,0,0,0,0,0,0.75,0,1,1,0,0,0,1,0,11,11,0,0.0750377888145109,0.1993090045346577,0
u_4890,0,0,0,0,0,0,0,0,0.783,0,0,1,0,0,0,1,0,0,0,1,0.0750377888145109,0.1976894839127618,0
u_1378,0,0,0,0,0,0,0,0,0.815,0,1,0,0,0,0,1,0,13,13,0,0.0739581083999136,0.1976894839127618,0
u_7221,4,1,5,5,0,4,5,5,0.857,1,0,1,1,0,0,4,4,4,4,1,0.0674800259123299,0.201576333405312,1
u_5419,0,0,0,0,0,0,0,0,0.778,0,0,0,0,0,0,1,0,13,13,0,0.0681278341610883,0.1994169725761174,0
u_5639,0,0,0,0,0,0,0,0,0.737,0,1,0,0,0,0,1,0,22,22,0,0.0739581083999136,0.2020082055711509,0
u_257,0,0,0,0,0,0,0,0,0.818,0,1,0,0,0,0,1,0,4,4,1,0.0709350032390412,0.1976894839127618,0
u_9232,0,0,0,0,0,0,0,0,0.222,1,0,0,0,0,0,1,0,3,3,1,0.0681278341610883,0.1994169725761174,1
u_7837,4,2,4,0,0,4,0,4,0.952,0,1,1,1,0,0,4,3,21,21,0,0.0739581083999136,0.1976894839127618,1
u_4002,0,0,0,0,0,0,0,0,0.778,0,1,0,0,0,0,1,0,15,15,0,0.0730943640682358,0.1993090045346577,0
u_8009,4,0,5,3,0,4,3,5,1.0,1,0,1,1,0,0,6,4,7,7,0,0.0712589073634204,0.2020082055711509,1
u_6301,0,0,0,0,0,0,0,0,0.737,0,1,1,0,0,0,1,0,13,13,0,0.0739581083999136,0.1993090045346577,0
u_5255,0,0,0,0,0,0,0,0,0.75,0,1,1,0,0,0,1,0,13,13,0,0.0739581083999136,0.1994169725761174,0
u_2097,0,0,0,0,0,0,0,0,0.818,0,1,0,0,0,0,1,0,7,7,0,0.0712589073634204,0.1976894839127618,0
u_2246,0,0,0,0,0,0,0,0,0.692,0,1,0,0,0,0,1,0,23,23,0,0.0709350032390412,0.201576333405312,0
u_3326,0,0,0,0,0,0,0,0,0.75,0,0,1,0,1,1,1,0,9,9,0,0.071798747570719,0.2020082055711509,0
u_224,0,0,0,0,0,0,0,0,0.737,0,1,1,0,0,0,1,0,16,16,0,0.0723385877780177,0.1976894839127618,0
u_8453,0,0,0,0,0,0,0,0,0.714,0,1,1,1,0,0,1,0,16,16,0,0.0730943640682358,0.1994169725761174,1
u_1887,0,0,0,0,0,0,0,0,0.833,0,0,0,0,0,0,1,0,12,12,0,0.0674800259123299,0.1994169725761174,0
u_5031,0,0,0,0,0,0,0,0,0.783,0,0,0,0,0,0,1,0,16,16,0,0.0755776290218095,0.1976894839127618,0
u_4432,0,0,0,0,0,0,0,0,0.778,0,1,0,0,0,0,1,0,21,21,0,0.0755776290218095,0.1994169725761174,0
u_6315,0,0,0,0,0,0,0,0,0.909,0,1,1,0,0,0,1,1,22,22,0,0.0730943640682358,0.201576333405312,0
u_1989,0,0,0,0,0,0,0,0,0.762,0,1,0,0,0,0,1,0,8,8,0,0.0736342042755344,0.201576333405312,0
u_8394,1,0,1,0,0,1,0,1,0.875,1,0,1,1,1,1,3,3,23,23,0,0.0750377888145109,0.2020082055711509,1
u_799,0,0,0,0,0,0,0,0,0.947,0,0,0,0,0,0,1,1,2,2,1,0.0674800259123299,0.1993090045346577,0
u_3024,0,0,0,0,0,0,0,0,0.727,0,1,1,0,0,0,1,0,21,21,0,0.0730943640682358,0.1993090045346577,0
u_5351,0,0,0,0,0,0,0,0,0.737,0,0,1,0,0,0,1,0,15,15,0,0.0723385877780177,0.1976894839127618,0
u_249,0,0,0,0,0,0,0,0,0.75,0,1,1,0,0,0,1,0,0,0,1,0.0709350032390412,0.1994169725761174,0
u_5574,0,0,0,0,0,0,0,0,1.0,0,1,1,0,0,0,1,1,20,20,0,0.0723385877780177,0.201576333405312,0
u_9171,1,0,1,0,0,1,0,1,0.947,1,0,1,1,0,0,3,3,2,2,1,0.0681278341610883,0.1976894839127618,1
u_3039,0,0,0,0,0,0,0,0,0.778,0,1,0,0,0,0,1,0,10,10,0,0.0723385877780177,0.1994169725761174,0
u_8016,0,0,4,0,0,0,0,4,0.778,0,1,0,0,0,0,5,1,17,17,0,0.0674800259123299,0.1993090045346577,1
u_5412,0,0,0,0,0,0,0,0,0.7,0,1,0,0,0,0,1,0,11,11,0,0.0739581083999136,0.2020082055711509,0
u_8066,0,1,1,1,0,0,1,1,0.824,1,0,1,1,0,0,3,2,8,8,0,0.0755776290218095,0.1994169725761174,1
u_7295,0,0,0,0,0,0,0,0,0.75,0,0,1,1,0,0,1,0,5,5,1,0.0739581083999136,0.2020082055711509,1
u_313,0,0,0,0,0,0,0,0,0.8,0,1,0,0,0,0,1,0,3,3,1,0.0712589073634204,0.1994169725761174,0
u_8541,1,1,1,0,0,1,0,1,0.783,0,0,1,0,0,0,3,2,18,18,0,0.0739581083999136,0.1993090045346577,1
u_8293,0,0,0,0,0,0,0,0,0.889,0,1,1,1,0,0,1,1,2,2,1,0.0643489527099978,0.1993090045346577,1
u_5583,0,0,0,0,0,0,0,0,1.0,0,1,0,0,0,0,1,1,18,18,0,0.0684517382854675,0.1994169725761174,0
u_9188,4,2,4,2,0,4,2,4,1.0,1,0,1,1,0,0,5,4,2,2,1,0.0681278341610883,0.1976894839127618,1
u_7362,1,1,2,0,0,1,0,2,1.0,0,1,0,0,0,0,5,3,23,23,0,0.0709350032390412,0.1994169725761174,1
u_6368,0,0,0,0,0,0,0,0,0.947,0,1,1,0,0,0,1,1,2,2,1,0.0674800259123299,0.2020082055711509,0
u_8070,1,0,1,1,0,1,1,1,0.8,0,1,0,0,0,0,3,3,13,13,0,0.071798747570719,0.1993090045346577,1
u_3731,0,0,0,0,0,0,0,0,0.815,0,1,0,0,0,0,1,0,12,12,0,0.0755776290218095,0.201576333405312,0
u_3202,0,0,0,0,0,0,0,0,0.8,0,0,0,0,0,0,1,0,7,7,0,0.0755776290218095,0.1993090045346577,0
u_1182,0,0,0,0,0,0,0,0,0.778,0,0,0,0,0,0,1,0,1,1,1,0.0684517382854675,0.1993090045346577,0
u_5582,0,0,0,0,0,0,0,0,0.762,0,1,1,0,0,0,1,0,15,15,0,0.0723385877780177,0.1976894839127618,0
u_2581,0,0,0,0,0,0,0,0,0.762,0,0,0,0,0,0,1,0,16,16,0,0.0709350032390412,0.2020082055711509,0
u_111,0,0,0,0,0,0,0,0,0.727,0,1,0,0,0,0,1,0,13,13,0,0.0750377888145109,0.1976894839127618,0
u_1858,0,0,0,0,0,0,0,0,0.769,0,0,0,0,0,0,1,0,22,22,0,0.0730943640682358,0.201576333405312,0
u_6780,3,1,3,0,0,3,0,3,0.957,0,1,1,1,0,0,4,3,19,19,0,0.0674800259123299,0.1976894839127618,1
u_7094,2,0,2,1,1,2,1,2,1.0,0,1,1,1,0,0,4,4,11,11,0,0.0712589073634204,0.1994169725761174,1
u_4156,0,0,0,0,0,0,0,0,0.696,0,1,0,0,0,0,1,0,14,14,0,0.0755776290218095,0.2020082055711509,0
u_60,0,0,0,0,0,0,0,0,0.842,0,0,0,0,0,0,1,0,19,19,0,0.0730943640682358,0.1976894839127618,0
u_8167,0,0,0,0,0,0,0,0,0.933,0,1,1,0,0,0,1,1,13,13,0,0.0681278341610883,0.2020082055711509,1
u_7103,0,0,2,2,0,0,2,2,0.706,0,1,0,0,0,0,3,2,10,10,0,0.0739581083999136,0.1993090045346577,1
u_505,0,0,0,0,0,0,0,0,0.8,0,1,0,0,0,0,1,0,15,15,0,0.0643489527099978,0.2020082055711509,0
u_8251,1,0,1,1,1,1,1,1,1.0,0,1,1,0,0,0,3,4,1,1,1,0.0681278341610883,0.2020082055711509,1
u_3552,0,0,0,0,0,0,0,0,1.0,0,1,0,0,0,0,1,1,1,1,1,0.0709350032390412,0.2020082055711509,0
u_6786,1,0,1,0,0,1,0,1,0.706,1,0,0,0,0,0,3,2,11,11,0,0.0674800259123299,0.201576333405312,1
u_4644,0,0,0,0,0,0,0,0,0.8,0,0,0,0,0,0,1,0,15,15,0,0.0709350032390412,0.1976894839127618,0
u_2728,0,0,0,0,0,0,0,0,0.783,0,1,0,0,0,0,1,0,9,9,0,0.0755776290218095,0.2020082055711509,0
u_7714,0,0,0,0,0,0,0,0,0.783,0,0,0,0,0,0,1,0,14,14,0,0.0739581083999136,0.2020082055711509,1
u_1881,0,0,0,0,0,0,0,0,0.783,0,1,0,0,0,0,1,0,20,20,0,0.0736342042755344,0.2020082055711509,0
u_5848,0,0,0,0,0,0,0,0,0.8,0,1,0,0,0,0,1,0,13,13,0,0.0723385877780177,0.1993090045346577,0
u_8548,0,0,0,0,0,0,0,0,0.889,1,0,1,1,0,0,1,1,0,0,1,0.0643489527099978,0.2020082055711509,1
u_1742,0,0,0,0,0,0,0,0,0.9,0,1,1,0,0,0,1,1,17,17,0,0.0674800259123299,0.2020082055711509,0
u_3588,0,0,0,0,0,0,0,0,0.75,0,1,0,0,0,0,1,0,22,22,0,0.0736342042755344,0.1994169725761174,0
u_4631,0,0,0,0,0,0,0,0,0.72,0,1,1,0,0,0,1,0,9,9,0,0.0723385877780177,0.1976894839127618,0
u_1350,0,0,0,0,0,0,0,0,0.774,0,1,1,0,1,1,1,0,1,1,1,0.0739581083999136,0.201576333405312,0
u_2698,0,0,0,0,0,0,0,0,0.696,0,1,0,0,0,0,1,0,8,8,0,0.0750377888145109,0.1993090045346577,0
u_7916,1,0,1,0,0,1,0,1,0.952,0,0,1,0,0,0,3,3,3,3,1,0.0750377888145109,0.2020082055711509,1
u_19,0,0,0,0,0,0,0,0,0.824,0,0,0,0,0,0,1,0,11,11,0,0.0736342042755344,0.1994169725761174,0
u_6518,0,0,1,0,0,0,0,1,0.778,0,0,1,1,0,0,3,1,14,14,0,0.0681278341610883,0.201576333405312,1
u_5112,0,0,0,0,0,0,0,0,0.8,0,0,0,0,0,0,1,0,10,10,0,0.0730943640682358,0.2020082055711509,0
u_5284,0,0,0,0,0,0,0,0,0.762,0,1,0,0,0,0,1,0,15,15,0,0.0730943640682358,0.1976894839127618,0
u_7341,3,0,3,3,0,3,3,3,0.737,0,1,0,0,0,0,3,3,1,1,1,0.0739581083999136,0.1994169725761174,1
u_4534,0,0,0,0,0,0,0,0,0.889,0,0,1,0,0,0,1,1,7,7,0,0.0739581083999136,0.2020082055711509,0
u_6815,2,0,3,3,0,2,3,3,0.833,0,1,1,1,0,0,4,3,16,16,0,0.0684517382854675,0.1994169725761174,1
u_8808,1,0,2,1,1,1,1,2,1.0,0,1,1,1,0,0,5,4,10,10,0,0.0755776290218095,0.201576333405312,1
u_4632,0,0,0,0,0,0,0,0,0.762,0,1,0,0,0,0,1,0,21,21,0,0.0755776290218095,0.1994169725761174,0
u_5632,0,0,0,0,0,0,0,0,0.696,0,1,0,0,0,0,1,0,13,13,0,0.0736342042755344,0.1993090045346577,0
u_6090,0,0,0,0,0,0,0,0,0.8,0,0,0,0,0,0,1,0,12,12,0,0.0643489527099978,0.1994169725761174,0
u_5285,0,0,0,0,0,0,0,0,0.778,0,1,0,0,0,0,1,0,0,0,1,0.0730943640682358,0.2020082055711509,0
u_5683,0,0,0,0,0,0,0,0,0.727,0,1,1,0,0,0,1,0,22,22,0,0.0750377888145109,0.1994169725761174,0
u_5738,0,0,0,0,0,0,0,0,0.667,0,0,0,0,0,0,1,0,7,7,0,0.0712589073634204,0.2020082055711509,0
u_8357,0,1,1,1,0,0,1,1,0.667,0,1,1,1,1,1,3,2,0,0,1,0.0730943640682358,0.1994169725761174,1
u_6453,0,0,0,0,0,0,0,0,1.0,0,0,0,0,0,0,1,1,4,4,1,0.0755776290218095,0.1994169725761174,0
u_771,0,0,0,0,0,0,0,0,0.727,0,1,0,0,0,0,1,0,1,1,1,0.0739581083999136,0.2020082055711509,0
u_1617,0,0,0,0,0,0,0,0,1.0,0,1,0,0,0,0,1,1,18,18,0,0.0739581083999136,0.1993090045346577,0
u_2352,0,0,0,0,0,0,0,0,0.783,0,0,0,0,0,0,1,0,8,8,0,0.0739581083999136,0.2020082055711509,0
u_2673,0,0,0,0,0,0,0,0,0.783,0,1,1,0,0,0,1,0,8,8,0,0.0755776290218095,0.2020082055711509,0
u_7619,0,0,1,1,0,0,1,1,0.727,0,1,1,1,0,0,3,2,23,23,0,0.0755776290218095,0.1994169725761174,1
u_8132,3,2,3,3,2,3,3,3,0.857,1,0,1,1,0,0,3,4,1,1,1,0.0684517382854675,0.1994169725761174,1
u_7664,1,1,2,0,0,1,0,2,0.952,0,1,1,0,0,0,4,3,3,3,1,0.0709350032390412,0.1993090045346577,1
u_8805,0,0,1,0,0,0,0,1,0.957,0,1,1,1,0,0,3,2,10,10,0,0.0755776290218095,0.201576333405312,1
u_5448,0,0,0,0,0,0,0,0,0.783,0,1,0,0,0,0,1,0,21,21,0,0.0709350032390412,0.1994169725761174,0
u_2562,0,0,0,0,0,0,0,0,0.75,0,1,0,0,0,0,1,0,21,21,0,0.0712589073634204,0.2020082055711509,0
u_2984,0,0,0,0,0,0,0,0,0.8,0,1,0,0,0,0,1,0,5,5,1,0.0736342042755344,0.1994169725761174,0
u_6372,0,0,0,0,0,0,0,0,0.818,0,0,0,0,0,0,1,0,13,13,0,0.0674800259123299,0.1976894839127618,0
u_6334,0,0,0,0,0,0,0,0,0.8,0,0,0,0,0,0,1,0,11,11,0,0.0736342042755344,0.1994169725761174,0
u_1908,0,0,0,0,0,0,0,0,0.8,0,1,0,0,0,0,1,0,5,5,1,0.0755776290218095,0.1994169725761174,0
u_7108,2,0,2,1,0,2,1,2,0.947,0,1,0,0,0,0,4,4,23,23,0,0.0684517382854675,0.2020082055711509,1
u_3129,0,0,0,0,0,0,0,0,0.941,0,1,1,0,0,0,1,1,0,0,1,0.0750377888145109,0.1993090045346577,0
u_7284,0,0,0,0,0,0,0,0,0.857,0,1,1,1,0,0,1,1,21,21,0,0.0643489527099978,0.1994169725761174,1
u_5121,0,0,0,0,0,0,0,0,0.8,0,1,0,0,0,0,1,0,3,3,1,0.071798747570719,0.1993090045346577,0
u_5110,0,0,0,0,0,0,0,0,0.947,0,1,1,0,0,0,1,1,5,5,1,0.0674800259123299,0.1994169725761174,0
u_6821,1,0,1,0,0,1,0,1,0.833,0,1,1,1,1,1,3,2,0,0,1,0.0712589073634204,0.201576333405312,1
u_710,0,0,0,0,0,0,0,0,0.889,0,1,1,0,0,0,1,1,10,10,0,0.0643489527099978,0.1993090045346577,0
u_7696,0,0,1,0,0,0,0,1,0.7,1,0,1,1,0,0,3,1,8,8,0,0.0730943640682358,0.1994169725761174,1
u_4904,0,0,0,0,0,0,0,0,0.857,0,1,1,0,0,0,1,1,18,18,0,0.071798747570719,0.2020082055711509,0
u_5914,0,0,0,0,0,0,0,0,1.0,0,0,0,0,0,0,1,1,1,1,1,0.0730943640682358,0.201576333405312,0
u_8575,1,0,2,0,0,1,0,2,0.957,0,0,0,0,1,1,5,3,7,7,0,0.0736342042755344,0.201576333405312,1
u_2347,0,0,0,0,0,0,0,0,0.783,0,1,0,0,0,0,1,0,10,10,0,0.0709350032390412,0.201576333405312,0
u_6758,0,0,5,3,0,0,3,5,0.667,0,0,1,1,0,0,6,2,5,5,1,0.0674800259123299,0.1994169725761174,1
u_8270,1,0,2,1,0,1,1,2,0.769,0,1,0,0,0,0,5,3,22,22,0,0.0681278341610883,0.1976894839127618,1
u_7992,2,0,2,0,0,2,0,2,0.875,1,0,1,1,0,0,3,3,13,13,0,0.0736342042755344,0.201576333405312,1
u_4678,0,0,0,0,0,0,0,0,0.8,0,0,0,0,0,0,1,0,16,16,0,0.0730943640682358,0.1993090045346577,0
u_7006,1,1,2,0,0,1,0,2,0.762,0,0,0,0,0,0,5,2,7,7,0,0.0684517382854675,0.2020082055711509,1
u_976,0,0,0,0,0,0,0,0,0.737,0,0,0,0,0,0,1,0,22,22,0,0.0684517382854675,0.1976894839127618,0
u_8553,4,3,5,0,0,4,0,5,0.741,0,0,1,1,0,0,4,2,5,5,1,0.0643489527099978,0.1994169725761174,1
u_8507,0,0,1,1,1,0,1,1,0.8,1,0,1,1,0,0,3,2,8,8,0,0.0736342042755344,0.2020082055711509,1
u_5530,0,0,0,0,0,0,0,0,1.0,0,1,0,0,0,0,1,1,4,4,1,0.0709350032390412,0.1993090045346577,0
u_180,0,0,0,0,0,0,0,0,0.824,0,1,0,0,0,0,1,0,9,9,0,0.071798747570719,0.1976894839127618,0
u_8564,4,0,4,3,0,4,3,4,0.947,0,0,1,0,0,0,4,4,5,5,1,0.0755776290218095,0.2020082055711509,1
u_5971,0,0,0,0,0,0,0,0,0.8,0,0,0,0,0,0,1,0,5,5,1,0.0674800259123299,0.1994169725761174,0
u_6790,0,0,2,0,0,0,0,2,0.952,0,1,1,1,0,0,3,2,2,2,1,0.0723385877780177,0.1976894839127618,1
u_3553,0,0,0,0,0,0,0,0,0.762,0,1,1,0,0,0,1,0,16,16,0,0.0739581083999136,0.201576333405312,0
u_5081,0,0,0,0,0,0,0,0,0.714,0,0,1,0,0,0,1,0,10,10,0,0.0730943640682358,0.1994169725761174,0
u_1826,0,0,0,0,0,0,0,0,1.0,0,0,0,0,0,0,1,1,11,11,0,0.0739581083999136,0.2020082055711509,0
u_5199,0,0,0,0,0,0,0,0,1.0,0,1,0,0,0,0,1,1,19,19,0,0.0739581083999136,0.1994169725761174,0
u_1315,0,0,0,0,0,0,0,0,0.75,0,1,0,0,0,0,1,0,1,1,1,0.0723385877780177,0.1994169725761174,0
u_8312,1,0,1,0,0,1,0,1,1.0,0,1,1,1,0,0,3,3,19,19,0,0.0723385877780177,0.201576333405312,1
u_2450,0,0,0,0,0,0,0,0,0.75,0,1,0,0,0,0,1,0,14,14,0,0.0684517382854675,0.1994169725761174,0
u_5387,0,0,0,0,0,0,0,0,0.741,0,1,1,0,0,0,1,0,21,21,0,0.071798747570719,0.1993090045346577,0
u_3913,0,0,0,0,0,0,0,0,0.8,0,0,1,0,0,0,1,0,0,0,1,0.0730943640682358,0.1976894839127618,0
u_3155,0,0,0,0,0,0,0,0,0.8,0,1,0,0,0,0,1,0,16,16,0,0.071798747570719,0.2020082055711509,0
u_3951,0,0,0,0,0,0,0,0,0.7,0,1,1,0,0,0,1,0,9,9,0,0.0755776290218095,0.2020082055711509,0
u_6876,1,0,2,2,0,1,2,2,1.0,0,0,0,0,0,0,4,4,3,3,1,0.0739581083999136,0.201576333405312,1
u_8098,2,2,3,0,0,2,0,3,0.75,0,1,1,0,0,0,4,2,13,13,0,0.0750377888145109,0.1993090045346577,1
u_5308,0,0,0,0,0,0,0,0,1.0,0,1,0,0,0,0,1,1,22,22,0,0.0674800259123299,0.201576333405312,0
u_1951,0,0,0,0,0,0,0,0,0.72,0,0,1,0,0,0,1,0,17,17,0,0.0684517382854675,0.1976894839127618,0
u_7193,0,0,3,0,0,0,0,3,0.75,1,0,1,0,0,0,5,1,22,22,0,0.0739581083999136,0.1993090045346577,1
u_287,0,0,0,0,0,0,0,0,0.759,0,0,1,0,0,0,1,0,19,19,0,0.0730943640682358,0.1976894839127618,0
u_7618,1,0,2,0,0,1,0,2,0.857,0,1,0,0,0,0,4,3,23,23,0,0.0755776290218095,0.1994169725761174,1
u_7870,5,4,5,2,0,5,2,5,0.957,0,1,0,0,0,0,6,4,12,12,0,0.0739581083999136,0.1993090045346577,1
u_6002,0,0,0,0,0,0,0,0,0.72,0,1,1,0,0,0,1,0,20,20,0,0.0730943640682358,0.201576333405312,0
u_4605,0,0,0,0,0,0,0,0,0.8,0,1,1,0,0,0,1,0,6,6,0,0.0643489527099978,0.201576333405312,0
u_8085,1,0,1,1,0,1,1,1,1.0,0,1,1,0,0,0,3,4,14,14,0,0.071798747570719,0.1976894839127618,1
u_6175,0,0,0,0,0,0,0,0,0.762,0,1,0,0,0,0,1,0,23,23,0,0.071798747570719,0.1993090045346577,0
u_4068,0,0,0,0,0,0,0,0,0.696,0,1,1,0,0,0,1,0,2,2,1,0.071798747570719,0.1976894839127618,0
u_8639,0,1,1,0,0,0,0,1,1.0,0,1,1,1,0,0,3,2,19,19,0,0.0755776290218095,0.1994169725761174,1
u_7592,0,0,0,0,0,0,0,0,0.857,0,1,1,1,1,1,1,1,19,19,0,0.0755776290218095,0.2020082055711509,1
u_28,0,0,0,0,0,0,0,0,0.762,0,1,1,0,0,0,1,0,22,22,0,0.0681278341610883,0.1993090045346577,0
u_4880,0,0,0,0,0,0,0,0,0.727,0,0,0,0,0,0,1,0,16,16,0,0.0681278341610883,0.201576333405312,0
u_8496,0,0,0,0,0,0,0,0,0.667,1,0,1,1,0,0,1,0,1,1,1,0.0709350032390412,0.1976894839127618,1
u_7991,0,0,3,2,0,0,2,3,0.875,0,1,1,1,0,0,4,3,14,14,0,0.0736342042755344,0.201576333405312,1
u_1371,0,0,0,0,0,0,0,0,0.696,0,1,0,0,0,0,1,0,8,8,0,0.0712589073634204,0.1993090045346577,0
u_4376,0,0,0,0,0,0,0,0,0.778,0,1,0,0,0,0,1,0,0,0,1,0.0643489527099978,0.1993090045346577,0
u_1184,0,0,0,0,0,0,0,0,1.0,0,1,0,0,0,0,1,1,14,14,0,0.0736342042755344,0.201576333405312,0
u_3703,0,0,0,0,0,0,0,0,0.952,0,0,1,0,0,0,1,1,13,13,0,0.0643489527099978,0.201576333405312,0
u_5802,0,0,0,0,0,0,0,0,0.762,0,1,1,0,0,0,1,0,7,7,0,0.0643489527099978,0.1993090045346577,0
u_1070,0,0,0,0,0,0,0,0,1.0,0,1,0,0,0,0,1,1,10,10,0,0.0755776290218095,0.1993090045346577,0
u_8788,0,0,0,0,0,0,0,0,0.7,0,0,1,1,1,1,1,0,13,13,0,0.0723385877780177,0.201576333405312,1
u_4477,0,0,0,0,0,0,0,0,0.762,0,1,0,0,0,0,1,0,9,9,0,0.0709350032390412,0.1976894839127618,0
u_5411,0,0,0,0,0,0,0,0,0.583,0,0,0,0,0,0,1,0,15,15,0,0.0739581083999136,0.1993090045346577,0
u_3454,0,0,0,0,0,0,0,0,0.824,0,1,0,0,0,0,1,0,20,20,0,0.071798747570719,0.2020082055711509,0
u_59,0,0,0,0,0,0,0,0,1.0,0,0,0,0,0,0,1,1,19,19,0,0.0684517382854675,0.1993090045346577,0
u_1136,0,0,0,0,0,0,0,0,0.7,0,1,1,0,0,0,1,0,7,7,0,0.0730943640682358,0.1994169725761174,0
u_7753,2,0,3,2,0,2,2,3,0.75,1,0,1,1,0,0,5,3,1,1,1,0.0755776290218095,0.1993090045346577,1
u_4623,0,0,0,0,0,0,0,0,0.762,0,0,1,0,0,0,1,0,12,12,0,0.0712589073634204,0.1994169725761174,0
u_1632,0,0,0,0,0,0,0,0,0.762,0,1,1,0,0,0,1,0,12,12,0,0.0739581083999136,0.201576333405312,0
u_1590,0,0,0,0,0,0,0,0,1.0,0,1,0,0,0,0,1,1,14,14,0,0.0739581083999136,0.1994169725761174,0
u_3274,0,0,0,0,0,0,0,0,0.815,0,1,0,0,0,0,1,0,5,5,1,0.0674800259123299,0.1994169725761174,0
u_1833,0,0,0,0,0,0,0,0,0.706,0,1,0,0,0,0,1,0,7,7,0,0.0755776290218095,0.1993090045346577,0
u_5720,0,0,0,0,0,0,0,0,1.0,0,1,0,0,0,0,1,1,15,15,0,0.0755776290218095,0.1976894839127618,0
u_9242,3,1,4,4,1,3,4,4,0.667,1,0,1,0,0,0,4,3,0,0,1,0.0736342042755344,0.201576333405312,1
u_965,0,0,0,0,0,0,0,0,0.706,0,1,0,0,0,0,1,0,4,4,1,0.0755776290218095,0.1993090045346577,0
u_8588,4,3,5,0,0,4,0,5,1.0,1,0,0,0,0,0,7,3,15,15,0,0.0723385877780177,0.1993090045346577,1
u_929,0,0,0,0,0,0,0,0,0.783,0,1,0,0,1,1,1,0,23,23,0,0.0739581083999136,0.1994169725761174,0
u_3980,0,0,0,0,0,0,0,0,0.75,0,1,0,0,0,0,1,0,7,7,0,0.071798747570719,0.1994169725761174,0
u_5146,0,0,0,0,0,0,0,0,1.0,0,1,0,0,0,0,1,1,22,22,0,0.0730943640682358,0.201576333405312,0
u_7866,3,2,3,0,0,3,0,3,1.0,1,0,0,0,0,0,5,3,6,6,0,0.0739581083999136,0.1993090045346577,1
u_2275,0,0,0,0,0,0,0,0,0.762,0,1,0,0,0,0,1,0,0,0,1,0.0681278341610883,0.1994169725761174,0
u_5075,0,0,0,0,0,0,0,0,0.75,0,1,0,0,0,0,1,0,18,18,0,0.0739581083999136,0.2020082055711509,0
u_5271,0,0,0,0,0,0,0,0,0.909,0,0,0,0,0,0,1,1,8,8,0,0.0709350032390412,0.2020082055711509,0
u_1918,0,0,0,0,0,0,0,0,0.75,0,1,0,0,0,0,1,0,4,4,1,0.071798747570719,0.201576333405312,0
u_5337,0,0,0,0,0,0,0,0,0.75,0,1,0,0,0,0,1,0,12,12,0,0.0736342042755344,0.2020082055711509,0
u_6544,2,0,2,0,0,2,0,2,0.842,0,1,0,0,0,0,4,2,21,21,0,0.0730943640682358,0.1994169725761174,1
u_2681,0,0,0,0,0,0,0,0,0.857,0,1,1,0,0,0,1,1,16,16,0,0.0739581083999136,0.1994169725761174,0
u_3716,0,0,0,0,0,0,0,0,0.769,0,1,0,0,0,0,1,0,12,12,0,0.0723385877780177,0.201576333405312,0
u_3267,0,0,0,0,0,0,0,0,0.8,0,1,0,0,0,0,1,0,6,6,0,0.0643489527099978,0.1994169725761174,0
u_1437,0,0,0,0,0,0,0,0,0.889,0,0,0,0,0,0,1,1,12,12,0,0.0709350032390412,0.201576333405312,0
u_2672,0,0,0,0,0,0,0,0,0.818,0,1,1,0,0,0,1,0,23,23,0,0.0730943640682358,0.1993090045346577,0
u_6745,0,0,0,0,0,0,0,0,0.706,1,0,1,1,0,0,1,0,16,16,0,0.0739581083999136,0.1994169725761174,1
u_8515,0,1,1,0,0,0,0,1,0.857,1,0,1,1,0,0,3,2,13,13,0,0.0712589073634204,0.1993090045346577,1
u_3234,0,0,0,0,0,0,0,0,0.72,0,0,0,0,0,0,1,0,23,23,0,0.0684517382854675,0.1976894839127618,0
u_8885,0,0,0,0,0,0,0,0,0.8,0,0,1,0,0,0,1,0,12,12,0,0.0643489527099978,0.1994169725761174,1
u_3962,0,0,0,0,0,0,0,0,1.0,0,1,1,0,0,0,1,1,12,12,0,0.0755776290218095,0.201576333405312,0
u_4617,0,0,0,0,0,0,0,0,1.0,0,1,1,0,0,0,1,1,19,19,0,0.0712589073634204,0.1993090045346577,0
u_6236,0,0,0,0,0,0,0,0,0.778,0,1,0,0,0,0,1,0,3,3,1,0.0723385877780177,0.1994169725761174,0
u_8105,1,0,1,0,0,1,0,1,1.0,0,0,0,0,0,0,3,3,8,8,0,0.0681278341610883,0.1993090045346577,1
u_3098,0,0,0,0,0,0,0,0,0.957,0,1,0,0,0,0,1,1,10,10,0,0.0643489527099978,0.201576333405312,0
u_6663,1,1,2,0,0,1,0,2,0.8,1,0,1,1,1,1,5,2,14,14,0,0.071798747570719,0.1976894839127618,1
u_7085,0,0,3,1,0,0,1,3,1.0,1,0,0,0,0,0,6,3,0,0,1,0.0736342042755344,0.1993090045346577,1
u_3954,0,0,0,0,0,0,0,0,0.696,0,1,1,0,0,0,1,0,0,0,1,0.0739581083999136,0.1994169725761174,0
u_6850,1,0,1,0,0,1,0,1,1.0,1,0,1,0,0,0,3,3,2,2,1,0.0750377888145109,0.1993090045346577,1
u_7342,0,0,0,0,0,0,0,0,0.8,0,1,0,0,0,0,1,0,23,23,0,0.0712589073634204,0.1993090045346577,1
u_231,0,0,0,0,0,0,0,0,0.824,0,0,0,0,0,0,1,0,18,18,0,0.0736342042755344,0.1994169725761174,0
u_8652,3,0,3,2,0,3,2,3,0.889,0,0,1,1,0,0,4,4,4,4,1,0.0755776290218095,0.1994169725761174,1
u_7252,0,0,0,0,0,0,0,0,0.875,0,1,1,0,0,0,1,1,2,2,1,0.0736342042755344,0.201576333405312,1
u_3243,0,0,0,0,0,0,0,0,0.75,0,1,0,0,0,0,1,0,15,15,0,0.071798747570719,0.1993090045346577,0
u_5902,0,0,0,0,0,0,0,0,0.769,0,1,1,0,0,0,1,0,8,8,0,0.0755776290218095,0.201576333405312,0
u_6763,2,1,4,0,0,2,0,4,1.0,0,0,1,1,0,0,6,3,4,4,1,0.0739581083999136,0.1993090045346577,1
u_3687,0,0,0,0,0,0,0,0,0.696,0,1,1,0,0,0,1,0,18,18,0,0.0723385877780177,0.2020082055711509,0
u_3858,0,0,0,0,0,0,0,0,0.8,0,1,1,0,0,0,1,0,23,23,0,0.071798747570719,0.1976894839127618,0
u_7195,1,0,2,1,0,1,1,2,1.0,0,0,1,1,0,0,5,4,16,16,0,0.0730943640682358,0.1976894839127618,1
u_802,0,0,0,0,0,0,0,0,0.947,0,1,0,0,0,0,1,1,4,4,1,0.0755776290218095,0.1994169725761174,0
u_7748,0,0,1,0,0,0,0,1,0.952,0,0,1,0,0,0,3,2,19,19,0,0.0643489527099978,0.1994169725761174,1
u_8734,0,0,0,0,0,0,0,0,0.7,0,1,1,1,1,1,1,0,8,8,0,0.071798747570719,0.2020082055711509,1
u_1159,0,0,0,0,0,0,0,0,0.833,0,1,0,0,0,0,1,0,1,1,1,0.0750377888145109,0.2020082055711509,0
u_5047,0,0,0,0,0,0,0,0,0.783,0,0,1,0,0,0,1,0,4,4,1,0.0730943640682358,0.1993090045346577,0
u_8852,0,2,2,2,0,0,2,2,0.737,1,0,0,0,0,0,3,2,3,3,1,0.0723385877780177,0.1993090045346577,1
u_1733,0,0,0,0,0,0,0,0,0.87,0,1,0,0,0,0,1,1,1,1,1,0.0739581083999136,0.1993090045346577,0
u_7038,1,0,1,0,0,1,0,1,1.0,0,1,0,0,1,1,3,3,1,1,1,0.0684517382854675,0.1994169725761174,1
u_5018,0,0,0,0,0,0,0,0,0.692,0,0,0,0,0,0,1,0,7,7,0,0.0750377888145109,0.1993090045346577,0
u_3087,0,0,0,0,0,0,0,0,0.667,0,0,0,0,0,0,1,0,10,10,0,0.0739581083999136,0.1976894839127618,0
u_3075,0,0,0,0,0,0,0,0,0.941,0,0,0,0,0,0,1,1,3,3,1,0.0681278341610883,0.1994169725761174,0
u_1332,0,0,0,0,0,0,0,0,0.778,0,1,0,0,0,0,1,0,2,2,1,0.0709350032390412,0.1976894839127618,0
u_8319,1,1,1,1,1,1,1,1,1.0,0,1,1,1,0,0,3,4,1,1,1,0.0739581083999136,0.1993090045346577,1
u_2311,0,0,0,0,0,0,0,0,0.762,0,1,0,0,0,0,1,0,19,19,0,0.0750377888145109,0.1994169725761174,0
u_1956,0,0,0,0,0,0,0,0,0.75,0,1,0,0,0,0,1,0,16,16,0,0.0681278341610883,0.1993090045346577,0
u_4691,0,0,0,0,0,0,0,0,0.737,0,0,1,0,0,0,1,0,17,17,0,0.0730943640682358,0.1993090045346577,0
u_4884,0,0,0,0,0,0,0,0,0.75,0,0,0,0,0,0,1,0,8,8,0,0.0750377888145109,0.1976894839127618,0
u_7070,1,1,1,1,0,1,1,1,0.941,1,0,0,0,0,0,3,4,13,13,0,0.0736342042755344,0.2020082055711509,1
u_1568,0,0,0,0,0,0,0,0,0.706,0,0,0,0,0,0,1,0,15,15,0,0.071798747570719,0.201576333405312,0
u_7144,0,0,2,0,0,0,0,2,0.952,0,0,1,1,0,0,4,2,12,12,0,0.0643489527099978,0.1993090045346577,1
u_8465,3,0,3,0,0,3,0,3,0.963,0,1,1,1,0,0,4,3,8,8,0,0.0709350032390412,0.2020082055711509,1
u_5114,0,0,0,0,0,0,0,0,0.857,0,1,0,0,0,0,1,1,6,6,0,0.0750377888145109,0.201576333405312,0
u_8601,0,0,1,1,1,0,1,1,1.0,0,1,0,0,0,0,3,3,21,21,0,0.0674800259123299,0.1994169725761174,1
u_4430,0,0,0,0,0,0,0,0,0.667,0,0,0,0,0,0,1,0,20,20,0,0.0739581083999136,0.1994169725761174,0
u_76,0,0,0,0,0,0,0,0,0.818,0,0,1,0,0,0,1,0,1,1,1,0.0684517382854675,0.1993090045346577,0
u_9222,1,0,1,1,0,1,1,1,0.875,1,0,0,0,0,0,3,4,0,0,1,0.0755776290218095,0.1994169725761174,1
u_8311,0,0,0,0,0,0,0,0,0.667,0,1,0,0,0,0,1,0,18,18,0,0.0723385877780177,0.201576333405312,1
u_3593,0,0,0,0,0,0,0,0,0.8,0,0,1,0,0,0,1,0,8,8,0,0.0736342042755344,0.2020082055711509,0
u_4883,0,0,0,0,0,0,0,0,0.75,0,1,0,0,0,0,1,0,9,9,0,0.0723385877780177,0.1994169725761174,0
u_4611,0,0,0,0,0,0,0,0,1.0,0,0,0,0,0,0,1,1,17,17,0,0.071798747570719,0.1976894839127618,0
u_1863,0,0,0,0,0,0,0,0,0.769,0,1,0,0,0,0,1,0,5,5,1,0.0730943640682358,0.1976894839127618,0
u_1698,0,0,0,0,0,0,0,0,0.667,0,1,0,0,0,0,1,0,23,23,0,0.0755776290218095,0.1976894839127618,0
u_9045,1,0,1,0,0,1,0,1,1.0,0,1,1,1,0,0,3,3,8,8,0,0.0712589073634204,0.2020082055711509,1
u_1034,0,0,0,0,0,0,0,0,0.842,0,0,0,0,0,0,1,0,13,13,0,0.0712589073634204,0.1976894839127618,0
u_7128,1,0,1,0,0,1,0,1,0.947,1,0,1,0,0,0,3,3,6,6,0,0.0674800259123299,0.1993090045346577,1
u_8709,0,0,0,0,0,0,0,0,0.778,0,1,1,1,0,0,1,0,12,12,0,0.0739581083999136,0.1993090045346577,1
u_335,0,0,0,0,0,0,0,0,0.842,0,1,0,0,0,0,1,0,19,19,0,0.0730943640682358,0.2020082055711509,0
u_1709,0,0,0,0,0,0,0,0,0.783,0,0,1,0,0,0,1,0,3,3,1,0.071798747570719,0.1994169725761174,0
u_327,0,0,0,0,0,0,0,0,0.75,0,0,1,0,0,0,1,0,0,0,1,0.0750377888145109,0.201576333405312,0
u_9031,2,1,5,4,0,2,4,5,1.0,0,1,0,0,1,1,7,4,13,13,0,0.0736342042755344,0.1994169725761174,1
u_3344,0,0,0,0,0,0,0,0,0.714,0,1,0,0,0,0,1,0,8,8,0,0.0755776290218095,0.1994169725761174,0
u_7622,0,0,0,0,0,0,0,0,0.667,0,1,1,1,0,0,1,0,10,10,0,0.0739581083999136,0.1993090045346577,1
u_6442,0,0,0,0,0,0,0,0,0.72,0,0,0,0,0,0,1,0,7,7,0,0.0684517382854675,0.1994169725761174,0
u_6448,0,0,0,0,0,0,0,0,0.737,0,1,1,0,0,0,1,0,10,10,0,0.0709350032390412,0.2020082055711509,0
u_8950,0,0,0,0,0,0,0,0,0.741,0,0,1,0,0,0,1,0,11,11,0,0.0739581083999136,0.1994169725761174,1
u_3534,0,0,0,0,0,0,0,0,0.778,0,1,1,0,0,0,1,0,16,16,0,0.0709350032390412,0.1994169725761174,0
u_2498,0,0,0,0,0,0,0,0,0.762,0,0,1,0,0,0,1,0,15,15,0,0.0712589073634204,0.1993090045346577,0
u_3515,0,0,0,0,0,0,0,0,0.88,0,1,1,0,0,0,1,1,11,11,0,0.0736342042755344,0.1976894839127618,0
u_2465,0,0,0,0,0,0,0,0,0.737,0,1,0,0,0,0,1,0,9,9,0,0.0739581083999136,0.201576333405312,0
u_4967,0,0,0,0,0,0,0,0,0.8,0,1,0,0,0,0,1,0,2,2,1,0.0674800259123299,0.1976894839127618,0
u_6319,0,0,0,0,0,0,0,0,0.762,0,0,0,0,0,0,1,0,16,16,0,0.0684517382854675,0.1976894839127618,0
u_7616,0,0,3,2,0,0,2,3,1.0,0,1,0,0,0,0,5,3,15,15,0,0.0709350032390412,0.1994169725761174,1
u_3943,0,0,0,0,0,0,0,0,1.0,0,0,0,0,1,1,1,1,11,11,0,0.0643489527099978,0.1994169725761174,0
u_1815,0,0,0,0,0,0,0,0,0.727,0,0,1,0,0,0,1,0,6,6,0,0.0739581083999136,0.1994169725761174,0
u_3299,0,0,0,0,0,0,0,0,0.778,0,1,1,0,0,0,1,0,14,14,0,0.0739581083999136,0.1994169725761174,0
u_6606,0,0,0,0,0,0,0,0,1.0,1,0,1,1,0,0,1,1,0,0,1,0.0681278341610883,0.1994169725761174,1
u_8799,2,1,2,0,0,2,0,2,0.737,0,1,1,0,0,0,4,2,23,23,0,0.0739581083999136,0.2020082055711509,1
u_5449,0,0,0,0,0,0,0,0,0.8,0,1,1,0,0,0,1,0,7,7,0,0.0730943640682358,0.1976894839127618,0
u_35,0,0,0,0,0,0,0,0,0.75,0,1,1,0,0,0,1,0,8,8,0,0.071798747570719,0.201576333405312,0
u_1872,0,0,0,0,0,0,0,0,0.818,0,1,0,0,0,0,1,0,16,16,0,0.0709350032390412,0.2020082055711509,0
u_565,0,0,0,0,0,0,0,0,1.0,0,1,0,0,0,0,1,1,19,19,0,0.0730943640682358,0.1994169725761174,0
u_3348,0,0,0,0,0,0,0,0,1.0,0,1,0,0,0,0,1,1,1,1,1,0.0723385877780177,0.201576333405312,0
u_1565,0,0,0,0,0,0,0,0,0.783,0,1,0,0,0,0,1,0,20,20,0,0.0684517382854675,0.201576333405312,0
u_1023,0,0,0,0,0,0,0,0,0.7,0,0,0,0,0,0,1,0,2,2,1,0.0643489527099978,0.1976894839127618,0
u_8142,3,0,4,3,1,3,3,4,0.952,0,1,1,0,0,0,5,4,11,11,0,0.0643489527099978,0.2020082055711509,1
u_3961,0,0,0,0,0,0,0,0,0.875,0,0,0,0,0,0,1,1,4,4,1,0.0709350032390412,0.1994169725761174,0
u_2539,0,0,0,0,0,0,0,0,0.778,0,1,0,0,0,0,1,0,21,21,0,0.0674800259123299,0.1976894839127618,0
u_848,0,0,0,0,0,0,0,0,1.0,0,1,0,0,0,0,1,1,2,2,1,0.0739581083999136,0.201576333405312,0
u_4524,0,0,0,0,0,0,0,0,0.783,0,1,1,0,0,0,1,0,15,15,0,0.0736342042755344,0.2020082055711509,0
u_8766,3,0,3,2,0,3,2,3,0.889,0,0,1,1,0,0,4,4,7,7,0,0.0736342042755344,0.1976894839127618,1
u_5190,0,0,0,0,0,0,0,0,0.875,0,1,1,0,0,0,1,1,13,13,0,0.0674800259123299,0.1976894839127618,0
u_4155,0,0,0,0,0,0,0,0,1.0,0,1,0,0,0,0,1,1,6,6,0,0.0730943640682358,0.1993090045346577,0
u_669,0,0,0,0,0,0,0,0,0.8,0,1,0,0,0,0,1,0,14,14,0,0.0681278341610883,0.201576333405312,0
u_7891,5,0,5,4,0,5,4,5,1.0,0,1,1,0,1,1,4,4,21,21,0,0.0730943640682358,0.1976894839127618,1
u_1426,0,0,0,0,0,0,0,0,0.846,0,0,0,0,0,0,1,0,19,19,0,0.0755776290218095,0.201576333405312,0
u_2341,0,0,0,0,0,0,0,0,0.737,0,1,1,0,0,0,1,0,13,13,0,0.0681278341610883,0.1994169725761174,0
u_447,0,0,0,0,0,0,0,0,0.833,0,1,0,0,0,0,1,0,0,0,1,0.0750377888145109,0.1994169725761174,0
u_4333,0,0,0,0,0,0,0,0,0.75,0,1,0,0,0,0,1,0,21,21,0,0.0709350032390412,0.2020082055711509,0
u_7660,2,4,5,3,1,2,3,5,0.947,0,1,0,0,0,0,8,4,16,16,0,0.0709350032390412,0.2020082055711509,1
u_871,0,0,0,0,0,0,0,0,0.8,0,0,0,0,0,0,1,0,13,13,0,0.0755776290218095,0.1994169725761174,0
u_454,0,0,0,0,0,0,0,0,0.741,0,1,1,0,0,0,1,0,12,12,0,0.0739581083999136,0.1976894839127618,0
u_1376,0,0,0,0,0,0,0,0,0.7,0,0,0,0,0,0,1,0,0,0,1,0.0736342042755344,0.1993090045346577,0
u_7276,1,1,3,2,0,1,2,3,1.0,0,1,0,0,0,0,6,4,0,0,1,0.0684517382854675,0.2020082055711509,1
u_8457,0,0,0,0,0,0,0,0,0.696,1,0,1,1,0,0,1,0,16,16,0,0.0723385877780177,0.1994169725761174,1
u_3331,0,0,0,0,0,0,0,0,0.696,0,0,0,0,0,0,1,0,22,22,0,0.0709350032390412,0.1994169725761174,0
u_816,0,0,0,0,0,0,0,0,0.786,0,1,0,0,0,0,1,0,0,0,1,0.0712589073634204,0.201576333405312,0
u_4921,0,0,0,0,0,0,0,0,0.737,0,1,0,0,0,0,1,0,13,13,0,0.0739581083999136,0.1976894839127618,0
u_9018,2,1,2,1,0,2,1,2,0.8,1,0,1,1,0,0,4,3,6,6,0,0.0723385877780177,0.201576333405312,1
u_2011,0,0,0,0,0,0,0,0,0.778,0,1,0,0,0,0,1,0,23,23,0,0.0739581083999136,0.2020082055711509,0
u_8858,2,2,2,2,0,2,2,2,0.8,0,0,1,1,0,0,3,3,4,4,1,0.0681278341610883,0.2020082055711509,1
u_5723,0,0,0,0,0,0,0,0,0.737,0,0,0,0,0,0,1,0,0,0,1,0.0739581083999136,0.1993090045346577,0
u_8617,0,0,0,0,0,0,0,0,0.824,1,0,0,0,0,0,1,0,14,14,0,0.0755776290218095,0.201576333405312,1
u_8327,0,0,3,0,0,0,0,3,0.778,0,0,1,1,0,0,5,1,9,9,0,0.0736342042755344,0.1993090045346577,1
u_722,0,0,0,0,0,0,0,0,0.778,0,0,1,0,0,0,1,0,22,22,0,0.071798747570719,0.1994169725761174,0
u_9038,0,0,0,0,0,0,0,0,0.8,0,1,1,1,0,0,1,0,15,15,0,0.0736342042755344,0.2020082055711509,1
u_4707,0,0,0,0,0,0,0,0,0.783,0,1,0,0,0,0,1,0,8,8,0,0.0723385877780177,0.201576333405312,0
u_2360,0,0,0,0,0,0,0,0,0.8,0,1,1,0,0,0,1,0,0,0,1,0.0712589073634204,0.1994169725761174,0
u_3191,0,0,0,0,0,0,0,0,0.818,0,0,0,0,0,0,1,0,13,13,0,0.0643489527099978,0.2020082055711509,0
u_792,0,0,0,0,0,0,0,0,0.741,0,0,0,0,0,0,1,0,3,3,1,0.0712589073634204,0.1994169725761174,0
u_6545,3,0,3,1,0,3,1,3,0.833,0,1,1,1,0,0,5,3,23,23,0,0.0730943640682358,0.1994169725761174,1
u_5007,0,0,0,0,0,0,0,0,0.8,0,1,0,0,0,0,1,0,10,10,0,0.0709350032390412,0.1994169725761174,0
u_1016,0,0,0,0,0,0,0,0,0.727,0,1,0,0,0,0,1,0,18,18,0,0.071798747570719,0.1993090045346577,0
u_6504,0,0,0,0,0,0,0,0,0.8,0,1,0,0,0,0,1,0,13,13,0,0.0739581083999136,0.201576333405312,1
u_268,0,0,0,0,0,0,0,0,0.625,0,0,0,0,0,0,1,0,2,2,1,0.0739581083999136,0.2020082055711509,0
u_1626,0,0,0,0,0,0,0,0,0.737,0,0,0,0,0,0,1,0,10,10,0,0.0736342042755344,0.1993090045346577,0
u_122,0,0,0,0,0,0,0,0,0.778,0,1,1,0,0,0,1,0,17,17,0,0.0681278341610883,0.1976894839127618,0
u_6335,0,0,0,0,0,0,0,0,0.727,0,1,0,0,0,0,1,0,14,14,0,0.0709350032390412,0.1993090045346577,0
u_850,0,0,0,0,0,0,0,0,0.8,0,0,0,0,0,0,1,0,23,23,0,0.0755776290218095,0.1993090045346577,0
u_5472,0,0,0,0,0,0,0,0,0.875,0,1,1,0,0,0,1,1,12,12,0,0.0643489527099978,0.1993090045346577,0
u_5656,0,0,0,0,0,0,0,0,0.857,0,0,1,0,0,0,1,1,18,18,0,0.0736342042755344,0.1993090045346577,0
u_9121,2,0,4,0,0,2,0,4,1.0,0,1,1,1,0,0,6,3,4,4,1,0.0643489527099978,0.2020082055711509,1
u_8978,0,0,0,0,0,0,0,0,0.727,1,0,1,1,0,0,1,0,2,2,1,0.0712589073634204,0.201576333405312,1
u_8043,0,0,0,0,0,0,0,0,0.762,1,0,1,0,0,0,1,0,11,11,0,0.0736342042755344,0.1976894839127618,1
u_3973,0,0,0,0,0,0,0,0,0.75,0,0,1,0,0,0,1,0,20,20,0,0.0739581083999136,0.1994169725761174,0
u_6475,0,0,0,0,0,0,0,0,0.7,0,0,1,0,0,0,1,0,13,13,0,0.0643489527099978,0.1976894839127618,0
u_3020,0,0,0,0,0,0,0,0,1.0,0,1,0,0,0,0,1,1,18,18,0,0.0750377888145109,0.2020082055711509,0
u_6603,3,0,3,0,0,3,0,3,0.737,1,0,1,0,0,0,5,2,21,21,0,0.0736342042755344,0.1976894839127618,1
u_1803,0,0,0,0,0,0,0,0,0.75,0,0,0,0,0,0,1,0,5,5,1,0.0755776290218095,0.2020082055711509,0
u_2240,0,0,0,0,0,0,0,0,0.636,0,1,0,0,0,0,1,0,20,20,0,0.0736342042755344,0.201576333405312,0
u_6811,3,0,3,0,0,3,0,3,1.0,0,0,1,0,0,0,3,3,15,15,0,0.0643489527099978,0.2020082055711509,1
u_4216,0,0,0,0,0,0,0,0,0.6,0,1,0,0,0,0,1,0,23,23,0,0.0723385877780177,0.201576333405312,0
u_2035,0,0,0,0,0,0,0,0,0.762,0,1,0,0,0,0,1,0,0,0,1,0.0755776290218095,0.1994169725761174,0
u_3639,0,0,0,0,0,0,0,0,0.778,0,0,1,0,0,0,1,0,10,10,0,0.0736342042755344,0.201576333405312,0
u_2614,0,0,0,0,0,0,0,0,0.933,0,1,1,0,0,0,1,1,6,6,0,0.0684517382854675,0.2020082055711509,0
u_6192,0,0,0,0,0,0,0,0,0.8,0,1,0,0,0,0,1,0,7,7,0,0.0755776290218095,0.1994169725761174,0
u_6017,0,0,0,0,0,0,0,0,1.0,0,1,0,0,0,0,1,1,16,16,0,0.0730943640682358,0.201576333405312,0
u_5724,0,0,0,0,0,0,0,0,0.857,0,1,0,0,0,0,1,1,21,21,0,0.0674800259123299,0.1976894839127618,0
u_7040,1,0,1,1,0,1,1,1,0.75,1,0,0,0,0,0,3,3,6,6,0,0.0755776290218095,0.1976894839127618,1
u_1828,0,0,0,0,0,0,0,0,0.8,0,1,1,0,0,0,1,0,7,7,0,0.0739581083999136,0.1976894839127618,0
u_6312,0,0,0,0,0,0,0,0,0.667,0,1,0,0,0,0,1,0,16,16,0,0.071798747570719,0.1976894839127618,0
u_6646,2,4,5,2,0,2,2,5,1.0,1,0,1,1,0,0,9,4,11,11,0,0.0739581083999136,0.2020082055711509,1
u_474,0,0,0,0,0,0,0,0,0.818,0,1,1,0,0,0,1,0,18,18,0,0.0739581083999136,0.1976894839127618,0
u_4665,0,0,0,0,0,0,0,0,1.0,0,1,0,0,0,0,1,1,3,3,1,0.0681278341610883,0.1994169725761174,0
u_7898,0,0,0,0,0,0,0,0,0.833,0,0,1,1,0,0,1,0,1,1,1,0.0736342042755344,0.1993090045346577,1
u_6907,0,0,4,2,0,0,2,4,0.957,0,1,1,0,0,0,7,3,13,13,0,0.0750377888145109,0.1976894839127618,1
u_5187,0,0,0,0,0,0,0,0,0.818,0,1,0,0,0,0,1,0,18,18,0,0.0681278341610883,0.1993090045346577,0
u_8976,0,3,3,0,0,0,0,3,0.778,0,0,1,1,0,0,3,1,8,8,0,0.0755776290218095,0.1994169725761174,1
u_7889,3,1,3,2,0,3,2,3,0.957,0,0,1,1,1,1,4,4,18,18,0,0.0730943640682358,0.1976894839127618,1
u_8688,1,0,3,0,0,1,0,3,1.0,0,1,1,1,0,0,6,3,5,5,1,0.0750377888145109,0.1993090045346577,1
u_8189,0,0,5,0,0,0,0,5,1.0,0,0,1,1,0,0,5,2,17,17,0,0.0709350032390412,0.1976894839127618,1
u_3882,0,0,0,0,0,0,0,0,0.7,0,1,1,0,0,0,1,0,1,1,1,0.0739581083999136,0.1993090045346577,0
u_6482,0,0,0,0,0,0,0,0,0.727,0,0,0,0,0,0,1,0,22,22,0,0.0739581083999136,0.1993090045346577,0
u_8391,0,0,1,0,0,0,0,1,0.696,0,1,1,1,0,0,3,1,5,5,1,0.0712589073634204,0.1976894839127618,1
u_8517,1,0,3,2,2,1,2,3,1.0,1,0,1,0,0,0,6,4,13,13,0,0.0712589073634204,0.1976894839127618,1
u_5230,0,0,0,0,0,0,0,0,0.667,0,1,1,0,0,0,1,0,8,8,0,0.0755776290218095,0.1994169725761174,0
u_4173,0,0,0,0,0,0,0,0,0.783,0,1,0,0,0,0,1,0,18,18,0,0.0739581083999136,0.1993090045346577,0
u_2406,0,0,0,0,0,0,0,0,0.933,0,0,0,0,0,0,1,1,1,1,1,0.0739581083999136,0.1993090045346577,0
u_4878,0,0,0,0,0,0,0,0,1.0,0,1,0,0,0,0,1,1,18,18,0,0.0730943640682358,0.2020082055711509,0
u_5973,0,0,0,0,0,0,0,0,0.842,0,1,1,0,0,0,1,0,11,11,0,0.071798747570719,0.1976894839127618,0
u_2224,0,0,0,0,0,0,0,0,0.727,0,1,0,0,0,0,1,0,8,8,0,0.0674800259123299,0.1976894839127618,0
u_1513,0,0,0,0,0,0,0,0,0.87,0,1,0,0,0,0,1,1,9,9,0,0.0681278341610883,0.2020082055711509,0
u_8572,0,0,1,0,0,0,0,1,0.75,1,0,1,1,0,0,3,1,6,6,0,0.071798747570719,0.201576333405312,1
u_1195,0,0,0,0,0,0,0,0,0.842,0,1,1,0,0,0,1,0,12,12,0,0.071798747570719,0.1994169725761174,0
u_9003,1,0,1,0,0,1,0,1,0.875,0,1,1,0,0,0,3,3,9,9,0,0.0674800259123299,0.1993090045346577,1
u_3519,0,0,0,0,0,0,0,0,0.667,0,0,1,0,0,0,1,0,11,11,0,0.0712589073634204,0.1976894839127618,0
u_7114,2,0,2,0,0,2,0,2,0.783,0,1,1,1,0,0,4,2,0,0,1,0.0736342042755344,0.1993090045346577,1
u_1180,0,0,0,0,0,0,0,0,0.727,0,0,0,0,0,0,1,0,19,19,0,0.0739581083999136,0.1994169725761174,0
u_8379,2,0,2,0,0,2,0,2,1.0,1,0,1,1,0,0,4,3,13,13,0,0.0736342042755344,0.2020082055711509,1
u_1861,0,0,0,0,0,0,0,0,0.769,0,1,1,0,0,0,1,0,9,9,0,0.0684517382854675,0.2020082055711509,0
u_8151,1,0,2,2,1,1,2,2,1.0,1,0,1,1,0,0,4,4,15,15,0,0.0723385877780177,0.2020082055711509,1
u_8662,3,0,5,0,0,3,0,5,1.0,0,1,1,0,0,0,7,3,14,14,0,0.0730943640682358,0.1976894839127618,1
u_8535,0,0,0,0,0,0,0,0,0.696,0,1,1,1,0,0,1,0,13,13,0,0.0739581083999136,0.1994169725761174,1
u_2836,0,0,0,0,0,0,0,0,0.769,0,1,0,0,0,0,1,0,6,6,0,0.0750377888145109,0.1976894839127618,0
u_330,0,0,0,0,0,0,0,0,0.857,0,1,0,0,0,0,1,1,10,10,0,0.0684517382854675,0.201576333405312,0
u_7350,0,0,5,3,0,0,3,5,1.0,0,0,1,0,0,0,8,3,14,14,0,0.0750377888145109,0.201576333405312,1
u_7194,0,0,0,0,0,0,0,0,1.0,0,1,1,1,0,0,1,1,15,15,0,0.0730943640682358,0.1976894839127618,1
u_7027,1,0,1,0,0,1,0,1,0.75,1,0,0,0,0,0,3,2,1,1,1,0.0755776290218095,0.1994169725761174,1
u_4260,0,0,0,0,0,0,0,0,0.769,0,1,0,0,0,0,1,0,15,15,0,0.071798747570719,0.1976894839127618,0
u_4958,0,0,0,0,0,0,0,0,0.72,0,0,1,0,0,0,1,0,0,0,1,0.071798747570719,0.201576333405312,0
u_1785,0,0,0,0,0,0,0,0,1.0,0,1,0,0,0,0,1,1,7,7,0,0.0750377888145109,0.1976894839127618,0
u_8171,1,0,1,1,0,1,1,1,0.857,0,1,0,0,1,1,3,4,0,0,1,0.0681278341610883,0.1994169725761174,1
u_4716,0,0,0,0,0,0,0,0,0.737,0,0,0,0,0,0,1,0,5,5,1,0.071798747570719,0.201576333405312,0
u_2661,0,0,0,0,0,0,0,0,0.8,0,1,0,0,0,0,1,0,11,11,0,0.0736342042755344,0.201576333405312,0
u_8110,0,1,1,1,0,0,1,1,0.842,0,1,0,0,0,0,3,2,2,2,1,0.0684517382854675,0.1976894839127618,1
u_3365,0,0,0,0,0,0,0,0,0.8,0,0,0,0,0,0,1,0,23,23,0,0.0730943640682358,0.1976894839127618,0
u_9049,0,0,0,0,0,0,0,0,0.75,0,1,1,0,1,1,1,0,1,1,1,0.0739581083999136,0.201576333405312,1
u_189,0,0,0,0,0,0,0,0,0.846,0,1,0,0,0,0,1,0,23,23,0,0.0709350032390412,0.1976894839127618,0
u_3388,0,0,0,0,0,0,0,0,0.737,0,0,0,0,0,0,1,0,16,16,0,0.0643489527099978,0.1994169725761174,0
u_682,0,0,0,0,0,0,0,0,1.0,0,0,0,0,0,0,1,1,1,1,1,0.0681278341610883,0.1994169725761174,0
u_6434,0,0,0,0,0,0,0,0,1.0,0,0,0,0,0,0,1,1,16,16,0,0.0643489527099978,0.2020082055711509,0
u_1156,0,0,0,0,0,0,0,0,0.727,0,0,0,0,0,0,1,0,19,19,0,0.0709350032390412,0.1994169725761174,0
u_1758,0,0,0,0,0,0,0,0,0.72,0,1,0,0,0,0,1,0,1,1,1,0.0674800259123299,0.1976894839127618,0
u_5426,0,0,0,0,0,0,0,0,0.783,0,0,0,0,0,0,1,0,22,22,0,0.0681278341610883,0.1994169725761174,0
u_78,0,0,0,0,0,0,0,0,0.737,0,1,0,0,0,0,1,0,18,18,0,0.0736342042755344,0.1976894839127618,0
u_4652,0,0,0,0,0,0,0,0,1.0,0,1,0,0,0,0,1,1,5,5,1,0.0681278341610883,0.201576333405312,0
u_137,0,0,0,0,0,0,0,0,0.727,0,1,1,0,0,0,1,0,11,11,0,0.0730943640682358,0.1993090045346577,0
u_8876,3,0,3,1,0,3,1,3,0.952,1,0,0,0,0,0,5,4,12,12,0,0.0643489527099978,0.1993090045346577,1
u_4170,0,0,0,0,0,0,0,0,1.0,0,0,1,0,0,0,1,1,13,13,0,0.0739581083999136,0.201576333405312,0
u_6353,0,0,0,0,0,0,0,0,0.818,0,1,0,0,0,0,1,0,14,14,0,0.0723385877780177,0.1976894839127618,0
u_242,0,0,0,0,0,0,0,0,0.8,0,0,0,0,0,0,1,0,10,10,0,0.0755776290218095,0.1993090045346577,0
u_5561,0,0,0,0,0,0,0,0,0.75,0,1,0,0,0,0,1,0,2,2,1,0.0681278341610883,0.1976894839127618,0
u_1900,0,0,0,0,0,0,0,0,0.778,0,0,1,0,0,0,1,0,7,7,0,0.0709350032390412,0.1994169725761174,0
u_1862,0,0,0,0,0,0,0,0,1.0,0,0,0,0,0,0,1,1,0,0,1,0.0723385877780177,0.1994169725761174,0
u_1967,0,0,0,0,0,0,0,0,0.818,0,0,0,0,0,0,1,0,17,17,0,0.0684517382854675,0.1994169725761174,0
u_3415,0,0,0,0,0,0,0,0,0.818,0,1,0,0,0,0,1,0,20,20,0,0.0709350032390412,0.2020082055711509,0
u_5048,0,0,0,0,0,0,0,0,0.741,0,1,1,0,0,0,1,0,11,11,0,0.0643489527099978,0.1976894839127618,0
u_1361,0,0,0,0,0,0,0,0,0.696,0,0,0,0,0,0,1,0,21,21,0,0.0750377888145109,0.1993090045346577,0
u_1009,0,0,0,0,0,0,0,0,0.714,0,1,0,0,0,0,1,0,15,15,0,0.071798747570719,0.1994169725761174,0
u_785,0,0,0,0,0,0,0,0,0.818,0,1,0,0,0,0,1,0,6,6,0,0.0709350032390412,0.1976894839127618,0
u_6866,0,0,0,0,0,0,0,0,1.0,1,0,0,0,0,0,1,1,13,13,0,0.0674800259123299,0.1994169725761174,1
u_7733,2,1,2,1,0,2,1,2,0.833,1,0,1,1,1,1,4,3,21,21,0,0.0712589073634204,0.1994169725761174,1
u_4136,0,0,0,0,0,0,0,0,0.72,0,0,0,0,0,0,1,0,2,2,1,0.0643489527099978,0.1994169725761174,0
u_574,0,0,0,0,0,0,0,0,0.87,0,1,0,0,0,0,1,1,14,14,0,0.0739581083999136,0.1994169725761174,0
u_6261,0,0,0,0,0,0,0,0,0.769,0,0,1,0,0,0,1,0,1,1,1,0.071798747570719,0.1994169725761174,0
u_5253,0,0,0,0,0,0,0,0,0.741,0,1,0,0,1,1,1,0,18,18,0,0.0739581083999136,0.1994169725761174,0
u_2056,0,0,0,0,0,0,0,0,0.857,0,1,0,0,0,0,1,1,22,22,0,0.0736342042755344,0.201576333405312,0
u_2726,0,0,0,0,0,0,0,0,0.737,0,1,0,0,0,0,1,0,14,14,0,0.0684517382854675,0.201576333405312,0
u_4795,0,0,0,0,0,0,0,0,0.667,0,1,0,0,0,0,1,0,13,13,0,0.0736342042755344,0.1993090045346577,0
u_7747,1,0,2,1,0,1,1,2,1.0,0,1,0,0,0,0,5,4,20,20,0,0.0750377888145109,0.2020082055711509,1
u_3466,0,0,0,0,0,0,0,0,0.75,0,0,1,0,0,0,1,0,14,14,0,0.071798747570719,0.1993090045346577,0
u_4115,0,0,0,0,0,0,0,0,0.75,0,1,0,0,0,0,1,0,2,2,1,0.0643489527099978,0.201576333405312,0
u_8689,0,0,2,0,0,0,0,2,1.0,0,1,0,0,0,0,4,2,4,4,1,0.0750377888145109,0.1976894839127618,1
u_1867,0,0,0,0,0,0,0,0,0.9,0,1,0,0,0,0,1,1,14,14,0,0.0712589073634204,0.201576333405312,0
u_3952,0,0,0,0,0,0,0,0,0.909,0,0,0,0,0,0,1,1,19,19,0,0.0730943640682358,0.201576333405312,0
u_6309,0,0,0,0,0,0,0,0,0.818,0,1,1,0,0,0,1,0,11,11,0,0.0723385877780177,0.2020082055711509,0
u_4793,0,0,0,0,0,0,0,0,0.75,0,1,0,0,0,0,1,0,18,18,0,0.0712589073634204,0.201576333405312,0
u_5306,0,0,0,0,0,0,0,0,0.923,0,1,0,0,0,0,1,1,14,14,0,0.0674800259123299,0.201576333405312,0
u_6611,0,1,5,0,0,0,0,5,0.966,0,1,1,0,0,0,7,2,6,6,0,0.0681278341610883,0.1994169725761174,1
u_4226,0,0,0,0,0,0,0,0,0.8,0,1,1,0,0,0,1,0,17,17,0,0.0730943640682358,0.1994169725761174,0
u_5622,0,0,0,0,0,0,0,0,0.741,0,1,1,0,0,0,1,0,21,21,0,0.0750377888145109,0.1993090045346577,0
u_6570,0,0,0,0,0,0,0,0,0.737,0,0,1,0,0,0,1,0,9,9,0,0.071798747570719,0.1993090045346577,1
u_4286,0,0,0,0,0,0,0,0,0.75,0,1,0,0,0,0,1,0,1,1,1,0.0709350032390412,0.1993090045346577,0
u_8943,3,0,3,0,0,3,0,3,1.0,1,0,1,1,0,0,5,3,14,14,0,0.0736342042755344,0.2020082055711509,1
u_9147,2,0,2,0,0,2,0,2,1.0,0,0,1,1,0,0,3,3,4,4,1,0.0736342042755344,0.1976894839127618,1
u_396,0,0,0,0,0,0,0,0,0.762,0,1,1,0,0,0,1,0,6,6,0,0.0712589073634204,0.2020082055711509,0
u_5188,0,0,0,0,0,0,0,0,0.842,0,0,0,0,0,0,1,0,8,8,0,0.071798747570719,0.1994169725761174,0
u_2364,0,0,0,0,0,0,0,0,0.667,0,1,0,0,0,0,1,0,3,3,1,0.0736342042755344,0.201576333405312,0
u_6396,0,0,0,0,0,0,0,0,0.75,0,1,1,0,0,0,1,0,22,22,0,0.0681278341610883,0.1976894839127618,0
u_6497,0,0,0,0,0,0,0,0,0.778,0,1,1,0,0,0,1,0,22,22,0,0.0750377888145109,0.1993090045346577,0
u_1515,0,0,0,0,0,0,0,0,0.727,0,1,0,0,0,0,1,0,13,13,0,0.0674800259123299,0.1976894839127618,0
u_4923,0,0,0,0,0,0,0,0,1.0,0,1,0,0,0,0,1,1,21,21,0,0.0643489527099978,0.1993090045346577,0
u_3677,0,0,0,0,0,0,0,0,0.737,0,0,0,0,1,1,1,0,23,23,0,0.0723385877780177,0.1993090045346577,0
u_1011,0,0,0,0,0,0,0,0,0.75,0,1,0,0,0,0,1,0,9,9,0,0.0736342042755344,0.2020082055711509,0
u_9074,0,0,0,0,0,0,0,0,0.842,0,1,1,0,0,0,1,0,7,7,0,0.0730943640682358,0.1976894839127618,1
u_5889,0,0,0,0,0,0,0,0,0.783,0,1,1,0,0,0,1,0,17,17,0,0.0684517382854675,0.1994169725761174,0
u_1307,0,0,0,0,0,0,0,0,0.727,0,1,0,0,0,0,1,0,8,8,0,0.0750377888145109,0.1976894839127618,0
u_8619,2,0,2,0,0,2,0,2,1.0,0,1,1,1,0,0,4,3,15,15,0,0.0755776290218095,0.1994169725761174,1
u_5390,0,0,0,0,0,0,0,0,0.7,0,0,1,0,0,0,1,0,4,4,1,0.0643489527099978,0.201576333405312,0
u_498,0,0,0,0,0,0,0,0,0.7,0,1,0,0,0,0,1,0,6,6,0,0.0684517382854675,0.1976894839127618,0
u_7524,0,2,3,2,1,0,2,3,1.0,0,1,1,1,0,0,6,3,8,8,0,0.0643489527099978,0.1993090045346577,1
u_2235,0,0,0,0,0,0,0,0,0.72,0,1,0,0,0,0,1,0,14,14,0,0.0712589073634204,0.2020082055711509,0
u_5851,0,0,0,0,0,0,0,0,0.941,0,1,0,0,0,0,1,1,17,17,0,0.0730943640682358,0.1993090045346577,0
u_983,0,0,0,0,0,0,0,0,0.833,0,1,0,0,0,0,1,0,3,3,1,0.0681278341610883,0.2020082055711509,0
u_8644,1,0,1,0,0,1,0,1,0.8,0,0,1,0,0,0,3,2,15,15,0,0.0739581083999136,0.201576333405312,1
u_2552,0,0,0,0,0,0,0,0,0.7,0,1,0,0,0,0,1,0,9,9,0,0.0709350032390412,0.201576333405312,0
u_1962,0,0,0,0,0,0,0,0,0.778,0,1,0,0,0,0,1,0,8,8,0,0.0709350032390412,0.1994169725761174,0
u_7707,4,0,4,2,0,4,2,4,0.952,1,0,1,1,0,0,5,4,4,4,1,0.0750377888145109,0.1976894839127618,1
u_430,0,0,0,0,0,0,0,0,1.0,0,0,0,0,0,0,1,1,3,3,1,0.0643489527099978,0.1994169725761174,0
u_4495,0,0,0,0,0,0,0,0,0.783,0,1,1,0,0,0,1,0,20,20,0,0.0643489527099978,0.1994169725761174,0
u_7760,0,0,0,0,0,0,0,0,0.875,0,1,1,1,0,0,1,1,13,13,0,0.071798747570719,0.1994169725761174,1
u_6612,0,0,0,0,0,0,0,0,0.8,0,0,1,1,0,0,1,0,6,6,0,0.0736342042755344,0.201576333405312,1
u_7294,2,1,2,1,0,2,1,2,0.957,1,0,1,1,0,0,4,4,9,9,0,0.0730943640682358,0.1994169725761174,1
u_6753,0,0,0,0,0,0,0,0,0.667,1,0,0,0,1,1,1,0,0,0,1,0.0736342042755344,0.2020082055711509,1
u_6945,1,0,1,0,0,1,0,1,1.0,0,1,0,0,0,0,3,3,19,19,0,0.0712589073634204,0.201576333405312,1
u_4347,0,0,0,0,0,0,0,0,1.0,0,1,0,0,0,0,1,1,19,19,0,0.0674800259123299,0.1994169725761174,0
u_6070,0,0,0,0,0,0,0,0,0.857,0,1,0,0,0,0,1,1,15,15,0,0.0681278341610883,0.2020082055711509,0
u_1249,0,0,0,0,0,0,0,0,0.727,0,0,0,0,0,0,1,0,15,15,0,0.0723385877780177,0.201576333405312,0
u_4050,0,0,0,0,0,0,0,0,0.75,0,1,1,0,0,0,1,0,8,8,0,0.0739581083999136,0.1993090045346577,0
u_8932,0,0,0,0,0,0,0,0,0.72,1,0,0,0,0,0,1,0,5,5,1,0.0739581083999136,0.2020082055711509,1
u_8782,0,0,2,0,0,0,0,2,1.0,0,1,1,0,0,0,4,2,20,20,0,0.0736342042755344,0.201576333405312,1
u_3857,0,0,0,0,0,0,0,0,0.941,0,0,1,0,0,0,1,1,12,12,0,0.0723385877780177,0.1994169725761174,0
u_4154,0,0,0,0,0,0,0,0,0.692,0,1,0,0,0,0,1,0,9,9,0,0.0750377888145109,0.1976894839127618,0
u_7142,0,0,0,0,0,0,0,0,0.818,0,1,1,0,0,0,1,0,10,10,0,0.0643489527099978,0.1993090045346577,1
u_4370,0,0,0,0,0,0,0,0,0.762,0,1,0,0,0,0,1,0,23,23,0,0.0709350032390412,0.1976894839127618,0
u_8196,0,1,1,0,0,0,0,1,0.889,1,0,1,1,0,0,3,2,10,10,0,0.0643489527099978,0.1976894839127618,1
u_7425,1,0,2,0,0,1,0,2,0.957,1,0,1,0,1,1,4,3,0,0,1,0.0736342042755344,0.1993090045346577,1
u_8133,2,1,2,2,1,2,2,2,1.0,0,1,0,0,1,1,3,4,1,1,1,0.0712589073634204,0.1994169725761174,1
u_3633,0,0,0,0,0,0,0,0,0.8,0,0,0,0,0,0,1,0,17,17,0,0.0709350032390412,0.1994169725761174,0
u_6613,1,0,1,0,0,1,0,1,0.889,0,1,1,1,0,0,3,3,6,6,0,0.0736342042755344,0.201576333405312,1
u_4516,0,0,0,0,0,0,0,0,0.762,0,0,1,0,0,0,1,0,21,21,0,0.0755776290218095,0.1993090045346577,0
u_4823,0,0,0,0,0,0,0,0,0.7,0,0,1,0,0,0,1,0,10,10,0,0.0739581083999136,0.2020082055711509,0
u_2600,0,0,0,0,0,0,0,0,0.75,0,0,0,0,0,0,1,0,21,21,0,0.0755776290218095,0.2020082055711509,0
u_4930,0,0,0,0,0,0,0,0,0.815,0,1,0,0,0,0,1,0,13,13,0,0.0736342042755344,0.1993090045346577,0
u_7019,0,0,4,0,0,0,0,4,0.957,0,0,1,1,0,0,5,2,17,17,0,0.0739581083999136,0.2020082055711509,1
u_6179,0,0,0,0,0,0,0,0,0.72,0,0,1,0,1,1,1,0,8,8,0,0.0681278341610883,0.2020082055711509,0
u_5758,0,0,0,0,0,0,0,0,0.857,0,1,0,0,0,0,1,1,7,7,0,0.0750377888145109,0.201576333405312,0
u_4278,0,0,0,0,0,0,0,0,1.0,0,0,1,0,0,0,1,1,0,0,1,0.0755776290218095,0.1994169725761174,0
u_8202,2,1,2,0,0,2,0,2,0.818,0,0,1,0,0,0,4,2,18,18,0,0.071798747570719,0.1976894839127618,1
u_3757,0,0,0,0,0,0,0,0,0.72,0,0,0,0,0,0,1,0,7,7,0,0.0739581083999136,0.1993090045346577,0
u_571,0,0,0,0,0,0,0,0,1.0,0,1,0,0,0,0,1,1,9,9,0,0.0730943640682358,0.1976894839127618,0
u_1838,0,0,0,0,0,0,0,0,0.762,0,1,1,0,1,1,1,0,10,10,0,0.0684517382854675,0.2020082055711509,0
u_956,0,0,0,0,0,0,0,0,0.8,0,1,0,0,0,0,1,0,13,13,0,0.0643489527099978,0.1993090045346577,0
u_8023,0,0,0,0,0,0,0,0,0.737,0,0,1,1,0,0,1,0,12,12,0,0.0681278341610883,0.201576333405312,1
u_7397,3,0,3,3,1,3,3,3,1.0,0,1,1,0,0,0,3,4,11,11,0,0.0681278341610883,0.1976894839127618,1
u_2931,0,0,0,0,0,0,0,0,0.941,0,0,1,0,0,0,1,1,3,3,1,0.0674800259123299,0.1976894839127618,0
u_1219,0,0,0,0,0,0,0,0,0.778,0,1,1,0,0,0,1,0,6,6,0,0.071798747570719,0.2020082055711509,0
u_2799,0,0,0,0,0,0,0,0,0.72,0,0,0,0,0,0,1,0,19,19,0,0.0712589073634204,0.1994169725761174,0
u_4642,0,0,0,0,0,0,0,0,0.87,0,1,1,0,0,0,1,1,8,8,0,0.0709350032390412,0.1994169725761174,0
u_869,0,0,0,0,0,0,0,0,0.7,0,0,0,0,0,0,1,0,8,8,0,0.0709350032390412,0.201576333405312,0
u_2379,0,0,0,0,0,0,0,0,0.7,0,0,0,0,0,0,1,0,11,11,0,0.0723385877780177,0.201576333405312,0
u_2070,0,0,0,0,0,0,0,0,0.75,0,1,1,0,0,0,1,0,6,6,0,0.0709350032390412,0.1994169725761174,0
u_4184,0,0,0,0,0,0,0,0,0.7,0,1,0,0,0,0,1,0,4,4,1,0.071798747570719,0.1993090045346577,0
u_8800,0,0,0,0,0,0,0,0,0.917,0,0,1,1,0,0,1,1,13,13,0,0.0681278341610883,0.2020082055711509,1
u_7072,0,0,0,0,0,0,0,0,0.933,0,1,0,0,0,0,1,1,3,3,1,0.0684517382854675,0.201576333405312,1
u_5244,0,0,0,0,0,0,0,0,0.706,0,1,0,0,0,0,1,0,5,5,1,0.0712589073634204,0.1994169725761174,0
u_5835,0,0,0,0,0,0,0,0,0.778,0,1,0,0,0,0,1,0,4,4,1,0.0750377888145109,0.1976894839127618,0
u_2875,0,0,0,0,0,0,0,0,0.818,0,1,0,0,0,0,1,0,21,21,0,0.0730943640682358,0.1994169725761174,0
u_793,0,0,0,0,0,0,0,0,1.0,0,1,0,0,0,0,1,1,7,7,0,0.071798747570719,0.2020082055711509,0
u_9110,3,0,4,2,0,3,2,4,1.0,0,1,0,0,0,0,6,4,2,2,1,0.071798747570719,0.201576333405312,1
u_6912,1,0,1,0,0,1,0,1,1.0,0,0,1,1,0,0,3,3,2,2,1,0.0723385877780177,0.1993090045346577,1
u_7607,1,0,2,1,0,1,1,2,0.947,1,0,0,0,0,0,5,4,5,5,1,0.0681278341610883,0.201576333405312,1
u_2426,0,0,0,0,0,0,0,0,0.769,0,1,0,0,0,0,1,0,4,4,1,0.0723385877780177,0.1994169725761174,0
u_1260,0,0,0,0,0,0,0,0,0.741,0,1,0,0,0,0,1,0,22,22,0,0.0755776290218095,0.1993090045346577,0
u_1541,0,0,0,0,0,0,0,0,0.762,0,0,1,0,0,0,1,0,8,8,0,0.0755776290218095,0.1994169725761174,0
u_3061,0,0,0,0,0,0,0,0,0.696,0,1,0,0,0,0,1,0,7,7,0,0.0643489527099978,0.1976894839127618,0
u_3615,0,0,0,0,0,0,0,0,0.769,0,0,0,0,0,0,1,0,12,12,0,0.0643489527099978,0.1994169725761174,0
u_4650,0,0,0,0,0,0,0,0,0.8,0,0,0,0,0,0,1,0,20,20,0,0.0712589073634204,0.1993090045346577,0
u_1046,0,0,0,0,0,0,0,0,0.727,0,0,0,0,0,0,1,0,11,11,0,0.0755776290218095,0.1976894839127618,0
u_418,0,0,0,0,0,0,0,0,0.8,0,0,1,0,0,0,1,0,11,11,0,0.071798747570719,0.201576333405312,0
u_6059,0,0,0,0,0,0,0,0,0.692,0,0,1,0,0,0,1,0,22,22,0,0.071798747570719,0.1994169725761174,0
u_4626,0,0,0,0,0,0,0,0,0.75,0,1,0,0,0,0,1,0,0,0,1,0.0684517382854675,0.1993090045346577,0
u_8249,4,1,4,4,0,4,4,4,1.0,0,1,1,1,0,0,3,4,16,16,0,0.0723385877780177,0.2020082055711509,1
u_3283,0,0,0,0,0,0,0,0,0.72,0,1,0,0,0,0,1,0,7,7,0,0.0755776290218095,0.1993090045346577,0
u_173,0,0,0,0,0,0,0,0,0.75,0,0,1,0,0,0,1,0,1,1,1,0.0709350032390412,0.1994169725761174,0
u_5300,0,0,0,0,0,0,0,0,0.8,0,0,0,0,0,0,1,0,23,23,0,0.0684517382854675,0.1993090045346577,0
u_7475,2,0,2,0,0,2,0,2,0.857,1,0,0,0,0,0,4,3,1,1,1,0.0674800259123299,0.1976894839127618,1
u_9259,0,0,0,0,0,0,0,0,0.857,1,0,1,1,0,0,1,1,7,7,0,0.0750377888145109,0.1993090045346577,1
u_4836,0,0,0,0,0,0,0,0,0.8,0,1,1,0,0,0,1,0,7,7,0,0.071798747570719,0.201576333405312,0
u_4374,0,0,0,0,0,0,0,0,0.75,0,0,0,0,0,0,1,0,5,5,1,0.0723385877780177,0.1993090045346577,0
u_4149,0,0,0,0,0,0,0,0,0.818,0,1,0,0,0,0,1,0,5,5,1,0.0739581083999136,0.201576333405312,0
u_7199,1,0,1,1,1,1,1,1,0.75,0,1,0,0,0,0,3,3,2,2,1,0.0739581083999136,0.1993090045346577,1
u_5290,0,0,0,0,0,0,0,0,0.818,0,0,1,0,0,0,1,0,1,1,1,0.0730943640682358,0.1994169725761174,0
u_5425,0,0,0,0,0,0,0,0,0.857,0,0,0,0,0,0,1,1,20,20,0,0.0723385877780177,0.1994169725761174,0
u_1039,0,0,0,0,0,0,0,0,0.846,0,0,1,0,0,0,1,0,7,7,0,0.0643489527099978,0.1994169725761174,0
u_7679,0,0,2,0,0,0,0,2,0.762,0,1,1,1,0,0,5,1,4,4,1,0.0681278341610883,0.201576333405312,1
u_5613,0,0,0,0,0,0,0,0,0.783,0,0,0,0,0,0,1,0,11,11,0,0.0709350032390412,0.1976894839127618,0
u_7157,0,0,0,0,0,0,0,0,0.737,1,0,1,1,0,0,1,0,13,13,0,0.0750377888145109,0.1994169725761174,1
u_5222,0,0,0,0,0,0,0,0,0.737,0,1,0,0,0,0,1,0,18,18,0,0.0739581083999136,0.2020082055711509,0
u_4280,0,0,0,0,0,0,0,0,0.696,0,1,1,0,0,0,1,0,18,18,0,0.0739581083999136,0.201576333405312,0
u_445,0,0,0,0,0,0,0,0,0.762,0,1,0,0,0,0,1,0,5,5,1,0.0730943640682358,0.1976894839127618,0
u_4913,0,0,0,0,0,0,0,0,0.769,0,1,0,0,0,0,1,0,14,14,0,0.0643489527099978,0.2020082055711509,0
u_9119,0,0,0,0,0,0,0,0,0.706,1,0,1,1,0,0,1,0,2,2,1,0.0643489527099978,0.1993090045346577,1
u_733,0,0,0,0,0,0,0,0,0.842,0,0,0,0,0,0,1,0,19,19,0,0.0736342042755344,0.1976894839127618,0
u_3036,0,0,0,0,0,0,0,0,0.75,0,1,1,0,0,0,1,0,23,23,0,0.0643489527099978,0.1976894839127618,0
u_3462,0,0,0,0,0,0,0,0,0.778,0,1,1,0,0,0,1,0,20,20,0,0.071798747570719,0.1993090045346577,0
u_8274,0,0,0,0,0,0,0,0,0.737,1,0,0,0,0,0,1,0,1,1,1,0.0723385877780177,0.1976894839127618,1
u_1413,0,0,0,0,0,0,0,0,0.8,0,1,0,0,0,0,1,0,19,19,0,0.0739581083999136,0.1976894839127618,0
u_2164,0,0,0,0,0,0,0,0,0.842,0,0,1,0,0,0,1,0,0,0,1,0.0674800259123299,0.2020082055711509,0
u_187,0,0,0,0,0,0,0,0,0.727,0,1,0,0,0,0,1,0,21,21,0,0.0723385877780177,0.1994169725761174,0
u_6861,0,1,2,1,0,0,1,2,0.952,0,0,1,1,0,0,4,3,14,14,0,0.0739581083999136,0.1976894839127618,1
u_8620,0,0,0,0,0,0,0,0,0.75,0,1,1,1,0,0,1,0,22,22,0,0.0684517382854675,0.1994169725761174,1
u_1245,0,0,0,0,0,0,0,0,0.741,0,0,0,0,0,0,1,0,13,13,0,0.0681278341610883,0.1993090045346577,0
u_6338,0,0,0,0,0,0,0,0,0.727,0,0,0,0,0,0,1,0,8,8,0,0.0712589073634204,0.1994169725761174,0
u_2917,0,0,0,0,0,0,0,0,0.696,0,1,0,0,0,0,1,0,1,1,1,0.0684517382854675,0.1976894839127618,0
u_2380,0,0,0,0,0,0,0,0,1.0,0,1,1,0,0,0,1,1,5,5,1,0.0750377888145109,0.1976894839127618,0
u_1,0,0,0,0,0,0,0,0,0.875,0,1,1,0,0,0,1,1,6,6,0,0.0755776290218095,0.201576333405312,0
u_1706,0,0,0,0,0,0,0,0,1.0,0,1,0,0,0,0,1,1,23,23,0,0.0755776290218095,0.1993090045346577,0
u_369,0,0,0,0,0,0,0,0,0.769,0,0,0,0,0,0,1,0,14,14,0,0.0739581083999136,0.1993090045346577,0
u_3788,0,0,0,0,0,0,0,0,0.8,0,1,0,0,0,0,1,0,11,11,0,0.0674800259123299,0.2020082055711509,0
u_7739,1,0,1,0,0,1,0,1,0.762,0,0,1,1,0,0,3,2,14,14,0,0.0755776290218095,0.2020082055711509,1
u_5514,0,0,0,0,0,0,0,0,0.762,0,1,1,0,0,0,1,0,2,2,1,0.0739581083999136,0.201576333405312,0
u_2987,0,0,0,0,0,0,0,0,0.714,0,1,0,0,0,0,1,0,8,8,0,0.0723385877780177,0.1994169725761174,0
u_3562,0,0,0,0,0,0,0,0,0.818,0,1,0,0,0,0,1,0,2,2,1,0.0674800259123299,0.1993090045346577,0
u_8675,1,0,1,1,0,1,1,1,0.947,1,0,0,0,0,0,3,4,17,17,0,0.0739581083999136,0.201576333405312,1
u_2232,0,0,0,0,0,0,0,0,0.8,0,1,1,0,0,0,1,0,0,0,1,0.0723385877780177,0.2020082055711509,0
u_284,0,0,0,0,0,0,0,0,0.778,0,1,0,0,0,0,1,0,14,14,0,0.0750377888145109,0.201576333405312,0
u_1220,0,0,0,0,0,0,0,0,0.667,0,0,0,0,0,0,1,0,14,14,0,0.0681278341610883,0.1994169725761174,0
u_6636,3,0,3,0,0,3,0,3,1.0,0,1,0,0,0,0,4,3,20,20,0,0.0709350032390412,0.1976894839127618,1
u_8205,0,0,0,0,0,0,0,0,0.75,0,1,1,1,0,0,1,0,20,20,0,0.0709350032390412,0.2020082055711509,1
u_7930,1,0,1,0,0,1,0,1,0.941,0,0,1,0,0,0,3,3,11,11,0,0.0730943640682358,0.2020082055711509,1
u_4400,0,0,0,0,0,0,0,0,0.846,0,0,0,0,0,0,1,0,17,17,0,0.0755776290218095,0.1993090045346577,0
u_8752,1,0,3,1,0,1,1,3,0.952,0,1,0,0,0,0,7,4,4,4,1,0.0730943640682358,0.1994169725761174,1
u_1170,0,0,0,0,0,0,0,0,0.933,0,0,0,0,0,0,1,1,9,9,0,0.0755776290218095,0.1976894839127618,0
u_3911,0,0,0,0,0,0,0,0,0.815,0,1,0,0,0,0,1,0,23,23,0,0.0712589073634204,0.1993090045346577,0
u_8106,0,0,2,1,1,0,1,2,0.737,0,0,1,0,0,0,4,2,8,8,0,0.0681278341610883,0.1993090045346577,1
u_4962,0,0,0,0,0,0,0,0,0.75,0,1,0,0,0,0,1,0,22,22,0,0.0755776290218095,0.201576333405312,0
u_1514,0,0,0,0,0,0,0,0,0.889,0,1,0,0,0,0,1,1,13,13,0,0.0684517382854675,0.1976894839127618,0
u_4779,0,0,0,0,0,0,0,0,0.783,0,0,0,0,0,0,1,0,17,17,0,0.0681278341610883,0.1994169725761174,0
u_861,0,0,0,0,0,0,0,0,0.762,0,1,0,0,0,0,1,0,22,22,0,0.0739581083999136,0.201576333405312,0
u_8195,0,2,3,1,1,0,1,3,0.818,0,1,0,0,0,0,7,2,11,11,0,0.0643489527099978,0.1994169725761174,1
u_1401,0,0,0,0,0,0,0,0,0.833,0,1,0,0,0,0,1,0,2,2,1,0.0681278341610883,0.1976894839127618,0
u_5631,0,0,0,0,0,0,0,0,0.818,0,1,0,0,0,0,1,0,21,21,0,0.0709350032390412,0.2020082055711509,0
u_2759,0,0,0,0,0,0,0,0,0.737,0,0,0,0,0,0,1,0,15,15,0,0.0736342042755344,0.2020082055711509,0
u_3898,0,0,0,0,0,0,0,0,0.8,0,1,0,0,0,0,1,0,15,15,0,0.0755776290218095,0.2020082055711509,0
u_7840,0,0,1,1,0,0,1,1,0.667,0,1,0,0,0,0,3,2,10,10,0,0.0643489527099978,0.1994169725761174,1
u_4100,0,0,0,0,0,0,0,0,0.7,0,1,1,0,0,0,1,0,8,8,0,0.0681278341610883,0.2020082055711509,0
u_5357,0,0,0,0,0,0,0,0,1.0,0,1,0,0,0,0,1,1,21,21,0,0.0681278341610883,0.1993090045346577,0
u_3207,0,0,0,0,0,0,0,0,0.786,0,1,1,0,0,0,1,0,19,19,0,0.0750377888145109,0.1976894839127618,0
u_8679,0,1,2,2,2,0,2,2,1.0,0,1,1,1,0,0,3,3,12,12,0,0.0739581083999136,0.1993090045346577,1
u_6425,0,0,0,0,0,0,0,0,0.737,0,1,0,0,0,0,1,0,22,22,0,0.0684517382854675,0.1993090045346577,0
u_8542,2,2,2,1,1,2,1,2,0.9,0,1,1,1,0,0,4,4,18,18,0,0.0739581083999136,0.1993090045346577,1
u_8552,3,2,4,4,0,3,4,4,0.692,0,1,1,1,0,0,4,3,4,4,1,0.0643489527099978,0.2020082055711509,1
u_4829,0,0,0,0,0,0,0,0,0.8,0,1,1,0,0,0,1,0,12,12,0,0.0684517382854675,0.1976894839127618,0
u_7332,0,0,0,0,0,0,0,0,0.87,0,1,0,0,0,0,1,1,9,9,0,0.0736342042755344,0.1976894839127618,1
u_2905,0,0,0,0,0,0,0,0,0.783,0,0,0,0,0,0,1,0,5,5,1,0.0684517382854675,0.201576333405312,0
u_926,0,0,0,0,0,0,0,0,0.706,0,1,0,0,0,0,1,0,0,0,1,0.0739581083999136,0.1994169725761174,0
u_5951,0,0,0,0,0,0,0,0,0.727,0,1,1,0,0,0,1,0,15,15,0,0.0674800259123299,0.1994169725761174,0
u_880,0,0,0,0,0,0,0,0,0.824,0,0,1,0,0,0,1,0,5,5,1,0.0739581083999136,0.1993090045346577,0
u_8466,0,0,0,0,0,0,0,0,1.0,1,0,1,0,0,0,1,1,20,20,0,0.0750377888145109,0.1994169725761174,1
u_4357,0,0,0,0,0,0,0,0,0.737,0,0,0,0,0,0,1,0,3,3,1,0.0730943640682358,0.2020082055711509,0
u_2345,0,0,0,0,0,0,0,0,0.8,0,0,0,0,0,0,1,0,6,6,0,0.0730943640682358,0.201576333405312,0
u_2389,0,0,0,0,0,0,0,0,0.762,0,1,0,0,0,0,1,0,1,1,1,0.0712589073634204,0.201576333405312,0
u_1346,0,0,0,0,0,0,0,0,0.769,0,0,1,0,0,0,1,0,23,23,0,0.0739581083999136,0.1993090045346577,0
u_1783,0,0,0,0,0,0,0,0,0.9,0,0,0,0,0,0,1,1,3,3,1,0.0755776290218095,0.201576333405312,0
u_4509,0,0,0,0,0,0,0,0,0.8,0,0,0,0,1,1,1,0,18,18,0,0.0723385877780177,0.201576333405312,0
u_5664,0,0,0,0,0,0,0,0,0.783,0,1,0,0,0,0,1,0,1,1,1,0.0739581083999136,0.2020082055711509,0
u_9184,0,0,0,0,0,0,0,0,0.667,0,1,1,1,0,0,1,0,21,21,0,0.0709350032390412,0.1976894839127618,1
u_6407,0,0,0,0,0,0,0,0,0.737,0,1,0,0,0,0,1,0,8,8,0,0.071798747570719,0.1993090045346577,0
u_4953,0,0,0,0,0,0,0,0,1.0,0,0,1,0,0,0,1,1,4,4,1,0.0684517382854675,0.201576333405312,0
u_827,0,0,0,0,0,0,0,0,0.7,0,1,0,0,0,0,1,0,22,22,0,0.0739581083999136,0.1976894839127618,0
u_8543,0,0,0,0,0,0,0,0,0.833,0,1,0,0,0,0,1,0,6,6,0,0.0739581083999136,0.2020082055711509,1
u_6752,2,1,4,0,0,2,0,4,1.0,0,0,1,0,0,0,6,3,12,12,0,0.0723385877780177,0.2020082055711509,1
u_7952,5,0,5,0,0,5,0,5,1.0,0,1,1,1,0,0,5,3,1,1,1,0.0739581083999136,0.2020082055711509,1
u_228,0,0,0,0,0,0,0,0,0.947,0,0,0,0,0,0,1,1,19,19,0,0.0674800259123299,0.1993090045346577,0
u_6183,0,0,0,0,0,0,0,0,0.762,0,1,0,0,0,0,1,0,6,6,0,0.0730943640682358,0.1976894839127618,0
u_3023,0,0,0,0,0,0,0,0,0.778,0,1,0,0,0,0,1,0,17,17,0,0.0723385877780177,0.2020082055711509,0
u_2862,0,0,0,0,0,0,0,0,0.818,0,1,0,0,1,1,1,0,13,13,0,0.0755776290218095,0.201576333405312,0
u_5794,0,0,0,0,0,0,0,0,0.783,0,1,0,0,0,0,1,0,1,1,1,0.071798747570719,0.1994169725761174,0
u_5082,0,0,0,0,0,0,0,0,0.762,0,0,0,0,0,0,1,0,7,7,0,0.0712589073634204,0.1994169725761174,0
u_3055,0,0,0,0,0,0,0,0,0.783,0,1,1,0,0,0,1,0,16,16,0,0.0723385877780177,0.1976894839127618,0
u_195,0,0,0,0,0,0,0,0,0.696,0,1,0,0,0,0,1,0,20,20,0,0.0736342042755344,0.1993090045346577,0
u_296,0,0,0,0,0,0,0,0,0.762,0,1,1,0,0,0,1,0,1,1,1,0.0723385877780177,0.1993090045346577,0
u_2415,0,0,0,0,0,0,0,0,1.0,0,1,0,0,0,0,1,1,10,10,0,0.0712589073634204,0.1976894839127618,0
u_3195,0,0,0,0,0,0,0,0,0.762,0,1,0,0,0,0,1,0,19,19,0,0.0643489527099978,0.1993090045346577,0
u_8787,2,0,2,2,0,2,2,2,0.75,1,0,0,0,1,1,3,3,4,4,1,0.0709350032390412,0.1993090045346577,1
u_6291,0,0,0,0,0,0,0,0,0.778,0,0,0,0,0,0,1,0,13,13,0,0.0684517382854675,0.2020082055711509,0
u_8860,1,1,1,0,0,1,0,1,1.0,0,1,1,1,0,0,3,3,16,16,0,0.0739581083999136,0.2020082055711509,1
u_4873,0,0,0,0,0,0,0,0,0.8,0,0,1,0,0,0,1,0,11,11,0,0.0730943640682358,0.1993090045346577,0
u_8948,0,1,4,0,0,0,0,4,0.762,0,1,1,0,0,0,6,1,13,13,0,0.0674800259123299,0.2020082055711509,1
u_6058,0,0,0,0,0,0,0,0,0.857,0,1,0,0,0,0,1,1,22,22,0,0.0643489527099978,0.1993090045346577,0
u_3132,0,0,0,0,0,0,0,0,0.75,0,1,0,0,0,0,1,0,13,13,0,0.0684517382854675,0.201576333405312,0
u_1100,0,0,0,0,0,0,0,0,0.818,0,1,0,0,0,0,1,0,5,5,1,0.0736342042755344,0.1976894839127618,0
u_1402,0,0,0,0,0,0,0,0,0.778,0,1,0,0,0,0,1,0,7,7,0,0.0684517382854675,0.1994169725761174,0
u_7838,3,0,3,2,0,3,2,3,0.952,1,0,1,0,0,0,4,4,20,20,0,0.0739581083999136,0.1976894839127618,1
u_5336,0,0,0,0,0,0,0,0,1.0,0,0,0,0,0,0,1,1,17,17,0,0.0723385877780177,0.1994169725761174,0
u_3893,0,0,0,0,0,0,0,0,0.842,0,1,0,0,0,0,1,0,12,12,0,0.0730943640682358,0.1993090045346577,0
u_8114,2,1,4,0,0,2,0,4,1.0,0,1,0,0,0,0,7,3,19,19,0,0.0723385877780177,0.2020082055711509,1
u_8576,0,0,0,0,0,0,0,0,0.737,0,1,0,0,0,0,1,0,3,3,1,0.0712589073634204,0.1994169725761174,1
u_5168,0,0,0,0,0,0,0,0,0.778,0,1,0,0,0,0,1,0,3,3,1,0.071798747570719,0.201576333405312,0
u_6906,0,0,1,0,0,0,0,1,1.0,0,1,0,0,0,0,3,2,11,11,0,0.0750377888145109,0.1976894839127618,1
u_895,0,0,0,0,0,0,0,0,0.818,0,0,1,0,0,0,1,0,7,7,0,0.0684517382854675,0.1976894839127618,0
u_2061,0,0,0,0,0,0,0,0,1.0,0,1,0,0,0,0,1,1,11,11,0,0.0739581083999136,0.2020082055711509,0
u_4230,0,0,0,0,0,0,0,0,0.783,0,1,0,0,0,0,1,0,19,19,0,0.071798747570719,0.201576333405312,0
u_760,0,0,0,0,0,0,0,0,0.8,0,1,0,0,0,0,1,0,13,13,0,0.071798747570719,0.2020082055711509,0
u_9202,0,0,2,1,0,0,1,2,0.75,1,0,0,0,0,0,5,2,12,12,0,0.0723385877780177,0.1976894839127618,1
u_995,0,0,0,0,0,0,0,0,0.714,0,1,0,0,0,0,1,0,1,1,1,0.0723385877780177,0.1976894839127618,0
u_2294,0,0,0,0,0,0,0,0,0.842,0,0,0,0,0,0,1,0,19,19,0,0.0684517382854675,0.201576333405312,0
u_2012,0,0,0,0,0,0,0,0,0.857,0,1,0,0,0,0,1,1,15,15,0,0.0750377888145109,0.1976894839127618,0
u_7084,3,3,5,2,0,3,2,5,1.0,0,1,1,1,0,0,8,4,2,2,1,0.0736342042755344,0.1993090045346577,1
u_3963,0,0,0,0,0,0,0,0,0.762,0,0,1,0,0,0,1,0,5,5,1,0.0643489527099978,0.1976894839127618,0
u_2197,0,0,0,0,0,0,0,0,0.8,0,1,0,0,0,0,1,0,20,20,0,0.0681278341610883,0.1993090045346577,0
u_3064,0,0,0,0,0,0,0,0,0.737,0,1,0,0,1,1,1,0,19,19,0,0.0681278341610883,0.1994169725761174,0
u_589,0,0,0,0,0,0,0,0,0.75,0,1,1,0,0,0,1,0,6,6,0,0.0736342042755344,0.2020082055711509,0
u_9068,0,0,0,0,0,0,0,0,0.696,1,0,1,1,0,0,1,0,21,21,0,0.0736342042755344,0.1976894839127618,1
u_3866,0,0,0,0,0,0,0,0,0.941,0,1,1,0,1,1,1,1,10,10,0,0.0674800259123299,0.201576333405312,0
u_2617,0,0,0,0,0,0,0,0,0.7,0,0,1,0,0,0,1,0,12,12,0,0.0739581083999136,0.1994169725761174,0
u_7205,2,3,3,1,0,2,1,3,1.0,0,1,1,1,0,0,6,4,13,13,0,0.0709350032390412,0.1976894839127618,1
u_6729,2,0,2,0,0,2,0,2,0.952,0,1,0,0,0,0,3,3,9,9,0,0.0750377888145109,0.1994169725761174,1
u_5399,0,0,0,0,0,0,0,0,0.815,0,0,1,0,0,0,1,0,3,3,1,0.0723385877780177,0.1976894839127618,0
u_4896,0,0,0,0,0,0,0,0,0.815,0,1,1,0,0,0,1,0,9,9,0,0.0730943640682358,0.201576333405312,0
u_5528,0,0,0,0,0,0,0,0,0.9,0,1,1,0,0,0,1,1,1,1,1,0.0730943640682358,0.2020082055711509,0
u_43,0,0,0,0,0,0,0,0,0.8,0,1,0,0,0,0,1,0,10,10,0,0.0739581083999136,0.1993090045346577,0
u_5940,0,0,0,0,0,0,0,0,0.824,0,1,0,0,0,0,1,0,2,2,1,0.0750377888145109,0.201576333405312,0
u_943,0,0,0,0,0,0,0,0,0.727,0,1,0,0,0,0,1,0,8,8,0,0.0739581083999136,0.2020082055711509,0
u_8755,0,0,0,0,0,0,0,0,0.714,0,0,1,0,0,0,1,0,13,13,0,0.0674800259123299,0.201576333405312,1
u_116,0,0,0,0,0,0,0,0,0.833,0,1,1,0,0,0,1,0,8,8,0,0.0684517382854675,0.2020082055711509,0
u_1894,0,0,0,0,0,0,0,0,0.762,0,1,1,0,0,0,1,0,18,18,0,0.0730943640682358,0.1993090045346577,0
u_2815,0,0,0,0,0,0,0,0,0.714,0,0,0,0,0,0,1,0,5,5,1,0.0709350032390412,0.201576333405312,0
u_1412,0,0,0,0,0,0,0,0,0.762,0,1,0,0,0,0,1,0,20,20,0,0.0674800259123299,0.2020082055711509,0
u_5508,0,0,0,0,0,0,0,0,0.815,0,1,0,0,0,0,1,0,8,8,0,0.0712589073634204,0.1993090045346577,0
u_3897,0,0,0,0,0,0,0,0,0.818,0,0,1,0,0,0,1,0,22,22,0,0.0684517382854675,0.1994169725761174,0
u_6444,0,0,0,0,0,0,0,0,0.783,0,1,0,0,0,0,1,0,14,14,0,0.0736342042755344,0.1994169725761174,0
u_5539,0,0,0,0,0,0,0,0,0.706,0,0,0,0,0,0,1,0,9,9,0,0.0755776290218095,0.1994169725761174,0
u_4628,0,0,0,0,0,0,0,0,0.786,0,1,0,0,0,0,1,0,1,1,1,0.0739581083999136,0.201576333405312,0
u_1211,0,0,0,0,0,0,0,0,0.778,0,1,0,0,0,0,1,0,7,7,0,0.0643489527099978,0.1994169725761174,0
u_9,0,0,0,0,0,0,0,0,0.8,0,0,0,0,0,0,1,0,17,17,0,0.0739581083999136,0.1993090045346577,0
u_4854,0,0,0,0,0,0,0,0,0.696,0,0,0,0,0,0,1,0,14,14,0,0.0739581083999136,0.1994169725761174,0
u_8647,0,0,1,0,0,0,0,1,0.96,0,0,1,1,0,0,3,2,11,11,0,0.0684517382854675,0.201576333405312,1
u_4731,0,0,0,0,0,0,0,0,0.8,0,1,0,0,0,0,1,0,0,0,1,0.0739581083999136,0.2020082055711509,0
u_1998,0,0,0,0,0,0,0,0,0.8,0,1,0,0,0,0,1,0,22,22,0,0.0709350032390412,0.1994169725761174,0
u_9012,1,0,1,0,0,1,0,1,0.941,1,0,1,0,1,1,3,3,15,15,0,0.0730943640682358,0.1993090045346577,1
u_8054,0,0,0,0,0,0,0,0,0.783,0,1,1,0,0,0,1,0,8,8,0,0.0674800259123299,0.1993090045346577,1
u_8869,0,0,1,0,0,0,0,1,0.778,1,0,1,0,1,1,3,1,22,22,0,0.0723385877780177,0.1994169725761174,1
u_5892,0,0,0,0,0,0,0,0,0.762,0,1,0,0,0,0,1,0,13,13,0,0.0712589073634204,0.1976894839127618,0
u_6231,0,0,0,0,0,0,0,0,0.72,0,1,0,0,0,0,1,0,9,9,0,0.0643489527099978,0.1993090045346577,0
u_8389,0,0,0,0,0,0,0,0,0.75,0,1,1,1,0,0,1,0,5,5,1,0.0712589073634204,0.1976894839127618,1
u_2300,0,0,0,0,0,0,0,0,0.727,0,1,0,0,0,0,1,0,4,4,1,0.0684517382854675,0.201576333405312,0
u_4433,0,0,0,0,0,0,0,0,0.727,0,1,0,0,0,0,1,0,1,1,1,0.0674800259123299,0.1994169725761174,0
u_8817,1,0,1,0,0,1,0,1,1.0,0,1,0,0,0,0,3,3,20,20,0,0.0750377888145109,0.1993090045346577,1
u_1598,0,0,0,0,0,0,0,0,0.8,0,0,0,0,1,1,1,0,18,18,0,0.0736342042755344,0.1993090045346577,0
u_3801,0,0,0,0,0,0,0,0,0.75,0,0,1,0,0,0,1,0,3,3,1,0.0739581083999136,0.1976894839127618,0
u_4676,0,0,0,0,0,0,0,0,0.762,0,0,1,0,0,0,1,0,20,20,0,0.0674800259123299,0.1976894839127618,0
u_4182,0,0,0,0,0,0,0,0,0.769,0,0,0,0,0,0,1,0,8,8,0,0.0723385877780177,0.201576333405312,0
u_6118,0,0,0,0,0,0,0,0,0.727,0,0,0,0,0,0,1,0,2,2,1,0.0730943640682358,0.2020082055711509,0
u_6146,0,0,0,0,0,0,0,0,0.783,0,1,1,0,0,0,1,0,22,22,0,0.0750377888145109,0.1976894839127618,0
u_7905,0,0,2,1,0,0,1,2,1.0,1,0,1,1,0,0,5,3,22,22,0,0.0643489527099978,0.1976894839127618,1
u_6202,0,0,0,0,0,0,0,0,0.72,0,1,0,0,0,0,1,0,16,16,0,0.0739581083999136,0.1993090045346577,0
u_2078,0,0,0,0,0,0,0,0,0.75,0,1,1,0,0,0,1,0,2,2,1,0.0681278341610883,0.1976894839127618,0
u_8707,3,0,4,3,3,3,3,4,0.957,1,0,1,1,0,0,5,4,15,15,0,0.0681278341610883,0.201576333405312,1
u_7590,0,0,1,0,0,0,0,1,0.889,1,0,1,0,0,0,3,2,10,10,0,0.071798747570719,0.1976894839127618,1
u_7799,0,0,4,0,0,0,0,4,1.0,0,0,1,1,0,0,5,2,12,12,0,0.0674800259123299,0.201576333405312,1
u_569,0,0,0,0,0,0,0,0,0.75,0,1,0,0,0,0,1,0,7,7,0,0.0709350032390412,0.1994169725761174,0
u_5628,0,0,0,0,0,0,0,0,0.75,0,1,1,0,0,0,1,0,19,19,0,0.0709350032390412,0.2020082055711509,0
u_5967,0,0,0,0,0,0,0,0,0.727,0,1,0,0,0,0,1,0,7,7,0,0.0750377888145109,0.1976894839127618,0
u_903,0,0,0,0,0,0,0,0,0.75,0,1,0,0,0,0,1,0,1,1,1,0.0730943640682358,0.2020082055711509,0
u_7965,1,0,3,0,0,1,0,3,1.0,1,0,0,0,0,0,5,3,14,14,0,0.0709350032390412,0.2020082055711509,1
u_5706,0,0,0,0,0,0,0,0,0.87,0,1,1,0,0,0,1,1,22,22,0,0.0736342042755344,0.1993090045346577,0
u_680,0,0,0,0,0,0,0,0,0.783,0,1,0,0,0,0,1,0,16,16,0,0.071798747570719,0.1976894839127618,0
u_2650,0,0,0,0,0,0,0,0,0.783,0,1,0,0,0,0,1,0,7,7,0,0.071798747570719,0.1994169725761174,0
u_2638,0,0,0,0,0,0,0,0,1.0,0,1,0,0,0,0,1,1,23,23,0,0.0750377888145109,0.1993090045346577,0
u_7841,0,0,0,0,0,0,0,0,0.833,1,0,0,0,0,0,1,0,18,18,0,0.0681278341610883,0.1976894839127618,1
u_2528,0,0,0,0,0,0,0,0,0.842,0,1,1,0,0,0,1,0,3,3,1,0.071798747570719,0.1994169725761174,0
u_8328,2,0,4,2,0,2,2,4,1.0,1,0,0,0,0,0,7,4,11,11,0,0.0736342042755344,0.201576333405312,1
u_4159,0,0,0,0,0,0,0,0,0.8,0,1,0,0,0,0,1,0,4,4,1,0.0739581083999136,0.201576333405312,0
u_1808,0,0,0,0,0,0,0,0,0.75,0,1,0,0,0,0,1,0,1,1,1,0.0723385877780177,0.201576333405312,0
u_7668,0,0,0,0,0,0,0,0,0.6,1,0,1,1,0,0,1,0,9,9,0,0.0750377888145109,0.2020082055711509,1
u_744,0,0,0,0,0,0,0,0,0.727,0,0,0,0,0,0,1,0,18,18,0,0.0643489527099978,0.1993090045346577,0
u_172,0,0,0,0,0,0,0,0,1.0,0,1,1,0,0,0,1,1,2,2,1,0.0750377888145109,0.1994169725761174,0
u_5718,0,0,0,0,0,0,0,0,0.783,0,0,0,0,0,0,1,0,4,4,1,0.0681278341610883,0.1976894839127618,0
u_2868,0,0,0,0,0,0,0,0,0.75,0,0,0,0,0,0,1,0,23,23,0,0.0736342042755344,0.1994169725761174,0
u_6382,0,0,0,0,0,0,0,0,0.737,0,0,0,0,0,0,1,0,20,20,0,0.0750377888145109,0.1976894839127618,0
u_6350,0,0,0,0,0,0,0,0,0.72,0,1,0,0,0,0,1,0,2,2,1,0.0739581083999136,0.1976894839127618,0
u_5820,0,0,0,0,0,0,0,0,0.857,0,1,0,0,0,0,1,1,15,15,0,0.0674800259123299,0.1994169725761174,0
u_758,0,0,0,0,0,0,0,0,0.786,0,1,1,0,0,0,1,0,13,13,0,0.0736342042755344,0.1976894839127618,0
u_6242,0,0,0,0,0,0,0,0,0.824,0,1,0,0,0,0,1,0,9,9,0,0.0755776290218095,0.201576333405312,0
u_1609,0,0,0,0,0,0,0,0,0.8,0,0,0,0,0,0,1,0,9,9,0,0.0723385877780177,0.2020082055711509,0
u_368,0,0,0,0,0,0,0,0,0.8,0,1,0,0,0,0,1,0,14,14,0,0.0709350032390412,0.1993090045346577,0
u_1479,0,0,0,0,0,0,0,0,0.818,0,1,1,0,0,0,1,0,5,5,1,0.0681278341610883,0.2020082055711509,0
u_4752,0,0,0,0,0,0,0,0,0.75,0,1,0,0,0,0,1,0,22,22,0,0.0643489527099978,0.1993090045346577,0
u_3557,0,0,0,0,0,0,0,0,0.737,0,0,0,0,0,0,1,0,4,4,1,0.0739581083999136,0.2020082055711509,0
u_6077,0,0,0,0,0,0,0,0,0.7,0,0,0,0,0,0,1,0,21,21,0,0.0755776290218095,0.1993090045346577,0
u_2879,0,0,0,0,0,0,0,0,0.815,0,1,0,0,0,0,1,0,7,7,0,0.0674800259123299,0.2020082055711509,0
u_1416,0,0,0,0,0,0,0,0,0.778,0,0,1,0,0,0,1,0,2,2,1,0.0736342042755344,0.2020082055711509,0
u_8823,1,0,1,0,0,1,0,1,0.778,1,0,1,1,0,0,3,2,20,20,0,0.0755776290218095,0.201576333405312,1
u_6269,0,0,0,0,0,0,0,0,0.727,0,0,1,0,0,0,1,0,2,2,1,0.0750377888145109,0.201576333405312,0
u_6095,0,0,0,0,0,0,0,0,0.8,0,1,0,0,0,0,1,0,7,7,0,0.0723385877780177,0.1976894839127618,0
u_1927,0,0,0,0,0,0,0,0,0.778,0,1,0,0,0,0,1,0,18,18,0,0.0755776290218095,0.1993090045346577,0
u_1710,0,0,0,0,0,0,0,0,0.762,0,1,0,0,0,0,1,0,19,19,0,0.0674800259123299,0.2020082055711509,0
u_8577,1,0,2,0,0,1,0,2,1.0,0,1,0,0,0,0,4,3,4,4,1,0.0712589073634204,0.1993090045346577,1
u_6782,1,0,1,0,0,1,0,1,0.957,0,1,1,0,0,0,3,3,18,18,0,0.0674800259123299,0.1976894839127618,1
u_509,0,0,0,0,0,0,0,0,0.769,0,1,0,0,0,0,1,0,12,12,0,0.0723385877780177,0.1993090045346577,0
u_1600,0,0,0,0,0,0,0,0,0.737,0,1,0,0,0,0,1,0,21,21,0,0.0755776290218095,0.2020082055711509,0
u_1820,0,0,0,0,0,0,0,0,1.0,0,1,1,0,0,0,1,1,18,18,0,0.0739581083999136,0.2020082055711509,0
u_6079,0,0,0,0,0,0,0,0,0.706,0,1,0,0,0,0,1,0,13,13,0,0.0736342042755344,0.1994169725761174,0
u_248,0,0,0,0,0,0,0,0,0.818,0,0,0,0,0,0,1,0,16,16,0,0.0709350032390412,0.1976894839127618,0
u_3533,0,0,0,0,0,0,0,0,0.762,0,1,1,0,0,0,1,0,1,1,1,0.0712589073634204,0.1976894839127618,0
u_2496,0,0,0,0,0,0,0,0,0.696,0,1,1,0,0,0,1,0,0,0,1,0.0712589073634204,0.1976894839127618,0
u_2522,0,0,0,0,0,0,0,0,0.933,0,1,1,0,0,0,1,1,6,6,0,0.0674800259123299,0.1994169725761174,0
u_5015,0,0,0,0,0,0,0,0,1.0,0,1,0,0,0,0,1,1,22,22,0,0.0674800259123299,0.1994169725761174,0
u_8247,2,0,2,2,0,2,2,2,0.737,1,0,1,1,0,0,3,3,15,15,0,0.0723385877780177,0.2020082055711509,1
u_2872,0,0,0,0,0,0,0,0,0.762,0,1,0,0,0,0,1,0,14,14,0,0.0736342042755344,0.1976894839127618,0
u_6255,0,0,0,0,0,0,0,0,0.818,0,0,0,0,0,0,1,0,5,5,1,0.0643489527099978,0.1994169725761174,0
u_5997,0,0,0,0,0,0,0,0,0.769,0,1,0,0,0,0,1,0,1,1,1,0.0739581083999136,0.1993090045346577,0
u_7000,0,0,1,0,0,0,0,1,0.947,0,1,0,0,0,0,3,2,19,19,0,0.0739581083999136,0.1994169725761174,1
u_2140,0,0,0,0,0,0,0,0,0.8,0,1,1,0,0,0,1,0,15,15,0,0.0723385877780177,0.1976894839127618,0
u_8057,0,0,1,0,0,0,0,1,0.952,1,0,1,0,0,0,3,2,12,12,0,0.0755776290218095,0.201576333405312,1
u_1906,0,0,0,0,0,0,0,0,0.783,0,0,0,0,0,0,1,0,8,8,0,0.0739581083999136,0.1993090045346577,0
u_6033,0,0,0,0,0,0,0,0,0.727,0,1,0,0,0,0,1,0,11,11,0,0.0739581083999136,0.2020082055711509,0
u_4903,0,0,0,0,0,0,0,0,0.727,0,0,0,0,0,0,1,0,13,13,0,0.0750377888145109,0.1993090045346577,0
u_7892,0,0,0,0,0,0,0,0,0.769,1,0,0,0,0,0,1,0,12,12,0,0.071798747570719,0.1994169725761174,1
u_5330,0,0,0,0,0,0,0,0,0.727,0,0,1,0,0,0,1,0,4,4,1,0.0739581083999136,0.2020082055711509,0
u_192,0,0,0,0,0,0,0,0,0.8,0,0,1,0,0,0,1,0,4,4,1,0.0736342042755344,0.1976894839127618,0
u_4255,0,0,0,0,0,0,0,0,0.857,0,1,0,0,0,0,1,1,6,6,0,0.071798747570719,0.1994169725761174,0
u_8687,0,0,1,1,0,0,1,1,0.9,0,1,1,1,0,0,3,3,3,3,1,0.0712589073634204,0.201576333405312,1
u_8959,0,0,0,0,0,0,0,0,0.714,0,1,1,1,0,0,1,0,19,19,0,0.0712589073634204,0.2020082055711509,1
u_332,0,0,0,0,0,0,0,0,0.833,0,1,0,0,0,0,1,0,22,22,0,0.0674800259123299,0.2020082055711509,0
u_6013,0,0,0,0,0,0,0,0,0.8,0,1,0,0,0,0,1,0,9,9,0,0.0739581083999136,0.1994169725761174,0
u_4475,0,0,0,0,0,0,0,0,0.9,0,0,0,0,0,0,1,1,12,12,0,0.071798747570719,0.201576333405312,0
u_8107,0,0,0,0,0,0,0,0,0.778,0,1,1,1,0,0,1,0,0,0,1,0.0643489527099978,0.1993090045346577,1
u_4329,0,0,0,0,0,0,0,0,0.8,0,1,0,0,0,0,1,0,6,6,0,0.0681278341610883,0.1994169725761174,0
u_7924,1,0,1,0,0,1,0,1,0.824,0,0,0,0,0,0,3,2,3,3,1,0.0736342042755344,0.201576333405312,1
u_2526,0,0,0,0,0,0,0,0,0.769,0,0,1,0,0,0,1,0,20,20,0,0.0723385877780177,0.2020082055711509,0
u_5099,0,0,0,0,0,0,0,0,0.769,0,1,1,0,0,0,1,0,9,9,0,0.0739581083999136,0.1994169725761174,0
u_6677,0,0,1,1,0,0,1,1,1.0,0,1,1,1,0,0,3,3,18,18,0,0.0739581083999136,0.1994169725761174,1
u_1855,0,0,0,0,0,0,0,0,0.783,0,0,0,0,0,0,1,0,0,0,1,0.0739581083999136,0.1994169725761174,0
u_8866,2,0,2,0,0,2,0,2,0.957,0,1,1,0,0,0,4,3,0,0,1,0.0739581083999136,0.1976894839127618,1
u_46,0,0,0,0,0,0,0,0,0.833,0,1,0,0,1,1,1,0,3,3,1,0.071798747570719,0.1976894839127618,0
u_967,0,0,0,0,0,0,0,0,0.762,0,0,0,0,0,0,1,0,5,5,1,0.071798747570719,0.1994169725761174,0
u_9076,3,0,3,0,0,3,0,3,1.0,1,0,1,1,0,0,5,3,10,10,0,0.0730943640682358,0.1976894839127618,1
u_2640,0,0,0,0,0,0,0,0,1.0,0,1,0,0,0,0,1,1,7,7,0,0.0755776290218095,0.1976894839127618,0
u_6927,0,0,0,0,0,0,0,0,0.824,0,0,1,1,0,0,1,0,0,0,1,0.0681278341610883,0.201576333405312,1
u_8364,0,0,0,0,0,0,0,0,0.818,0,1,1,1,0,0,1,0,2,2,1,0.0739581083999136,0.1994169725761174,1
u_8802,1,0,2,2,0,1,2,2,0.87,0,1,1,1,0,0,4,4,16,16,0,0.0755776290218095,0.2020082055711509,1
u_2554,0,0,0,0,0,0,0,0,0.846,0,1,0,0,0,0,1,0,5,5,1,0.0643489527099978,0.1976894839127618,0
u_2538,0,0,0,0,0,0,0,0,0.667,0,0,0,0,0,0,1,0,9,9,0,0.0739581083999136,0.1994169725761174,0
u_7913,0,0,0,0,0,0,0,0,0.667,0,1,1,0,0,0,1,0,2,2,1,0.0750377888145109,0.2020082055711509,1
u_5697,0,0,0,0,0,0,0,0,1.0,0,1,0,0,0,0,1,1,8,8,0,0.0709350032390412,0.1994169725761174,0
u_8348,0,0,0,0,0,0,0,0,0.727,1,0,1,1,0,0,1,0,20,20,0,0.0712589073634204,0.1994169725761174,1
u_8431,0,0,0,0,0,0,0,0,0.692,0,1,1,1,0,0,1,0,20,20,0,0.0730943640682358,0.201576333405312,1
u_5064,0,0,0,0,0,0,0,0,0.8,0,1,1,0,0,0,1,0,23,23,0,0.0684517382854675,0.1976894839127618,0
u_4486,0,0,0,0,0,0,0,0,0.933,0,1,0,0,0,0,1,1,23,23,0,0.0730943640682358,0.1993090045346577,0
u_4497,0,0,0,0,0,0,0,0,0.706,0,1,1,0,0,0,1,0,11,11,0,0.0712589073634204,0.201576333405312,0
u_5752,0,0,0,0,0,0,0,0,0.778,0,0,0,0,0,0,1,0,7,7,0,0.0730943640682358,0.1993090045346577,0
u_412,0,0,0,0,0,0,0,0,1.0,0,1,1,0,0,0,1,1,20,20,0,0.0730943640682358,0.1976894839127618,0
u_4163,0,0,0,0,0,0,0,0,0.8,0,1,0,0,0,0,1,0,18,18,0,0.0709350032390412,0.201576333405312,0
u_5803,0,0,0,0,0,0,0,0,0.8,0,1,0,0,0,0,1,0,18,18,0,0.0709350032390412,0.1976894839127618,0
u_2263,0,0,0,0,0,0,0,0,0.7,0,1,0,0,0,0,1,0,0,0,1,0.0643489527099978,0.201576333405312,0
u_4992,0,0,0,0,0,0,0,0,0.667,0,1,0,0,1,1,1,0,17,17,0,0.0750377888145109,0.1994169725761174,0
u_5617,0,0,0,0,0,0,0,0,0.741,0,1,0,0,0,0,1,0,19,19,0,0.0709350032390412,0.1994169725761174,0
u_7412,0,0,4,3,0,0,3,4,1.0,1,0,0,0,0,0,4,3,20,20,0,0.0739581083999136,0.1993090045346577,1
u_83,0,0,0,0,0,0,0,0,0.88,0,1,0,0,0,0,1,1,18,18,0,0.0723385877780177,0.2020082055711509,0
u_1396,0,0,0,0,0,0,0,0,0.818,0,1,0,0,0,0,1,0,8,8,0,0.0730943640682358,0.201576333405312,0
u_352,0,0,0,0,0,0,0,0,0.762,0,1,0,0,0,0,1,0,13,13,0,0.0739581083999136,0.1994169725761174,0
u_7573,0,0,0,0,0,0,0,0,1.0,1,0,1,1,0,0,1,1,23,23,0,0.0739581083999136,0.2020082055711509,1
u_670,0,0,0,0,0,0,0,0,0.696,0,0,0,0,0,0,1,0,17,17,0,0.071798747570719,0.2020082055711509,0
u_1981,0,0,0,0,0,0,0,0,0.778,0,1,0,0,0,0,1,0,22,22,0,0.0681278341610883,0.2020082055711509,0
u_4825,0,0,0,0,0,0,0,0,1.0,0,0,0,0,0,0,1,1,3,3,1,0.0643489527099978,0.1976894839127618,0
u_8559,0,0,0,0,0,0,0,0,0.714,0,1,0,0,0,0,1,0,0,0,1,0.0739581083999136,0.201576333405312,1
u_3502,0,0,0,0,0,0,0,0,0.842,0,1,0,0,0,0,1,0,4,4,1,0.0674800259123299,0.1994169725761174,0
u_8180,0,0,0,0,0,0,0,0,0.625,0,1,1,1,0,0,1,0,7,7,0,0.0750377888145109,0.1976894839127618,1
u_5478,0,0,0,0,0,0,0,0,0.9,0,0,0,0,0,0,1,1,4,4,1,0.0739581083999136,0.1993090045346577,0
u_7994,2,0,2,2,0,2,2,2,0.857,1,0,1,1,0,0,3,4,11,11,0,0.0684517382854675,0.1994169725761174,1
u_1871,0,0,0,0,0,0,0,0,0.75,0,1,0,0,0,0,1,0,19,19,0,0.0723385877780177,0.1993090045346577,0
u_2037,0,0,0,0,0,0,0,0,0.762,0,0,1,0,0,0,1,0,8,8,0,0.0712589073634204,0.1994169725761174,0
u_5423,0,0,0,0,0,0,0,0,1.0,0,0,0,0,1,1,1,1,21,21,0,0.071798747570719,0.2020082055711509,0
u_7565,0,1,1,0,0,0,0,1,0.818,1,0,1,1,0,0,3,1,13,13,0,0.0750377888145109,0.1993090045346577,1
u_1421,0,0,0,0,0,0,0,0,0.952,0,1,0,0,0,0,1,1,3,3,1,0.0739581083999136,0.1994169725761174,0
u_4570,0,0,0,0,0,0,0,0,0.72,0,1,0,0,0,0,1,0,19,19,0,0.0709350032390412,0.1994169725761174,0
u_1408,0,0,0,0,0,0,0,0,0.8,0,1,0,0,0,0,1,0,2,2,1,0.0643489527099978,0.1994169725761174,0
u_8051,0,0,0,0,0,0,0,0,0.778,0,1,1,0,0,0,1,0,11,11,0,0.0643489527099978,0.1993090045346577,1
u_3844,0,0,0,0,0,0,0,0,0.737,0,1,0,0,0,0,1,0,4,4,1,0.0739581083999136,0.1993090045346577,0
u_3642,0,0,0,0,0,0,0,0,0.783,0,1,1,0,0,0,1,0,22,22,0,0.0739581083999136,0.1993090045346577,0
u_8041,0,0,3,0,0,0,0,3,1.0,0,1,1,1,0,0,3,2,4,4,1,0.0739581083999136,0.1993090045346577,1
u_6254,0,0,0,0,0,0,0,0,0.8,0,1,1,0,1,1,1,0,14,14,0,0.0684517382854675,0.2020082055711509,0
u_636,0,0,0,0,0,0,0,0,1.0,0,1,0,0,0,0,1,1,0,0,1,0.0755776290218095,0.201576333405312,0
u_8827,0,0,3,0,0,0,0,3,0.952,0,1,1,1,0,0,4,2,16,16,0,0.0643489527099978,0.2020082055711509,1
u_6652,1,2,3,2,0,1,2,3,0.889,0,1,0,0,0,0,6,4,13,13,0,0.0712589073634204,0.1993090045346577,1
u_4318,0,0,0,0,0,0,0,0,0.7,0,1,0,0,0,0,1,0,1,1,1,0.071798747570719,0.1993090045346577,0
u_1133,0,0,0,0,0,0,0,0,0.706,0,1,0,0,0,0,1,0,3,3,1,0.0730943640682358,0.1976894839127618,0
u_3531,0,0,0,0,0,0,0,0,0.875,0,1,0,0,0,0,1,1,22,22,0,0.0750377888145109,0.1993090045346577,0
u_3163,0,0,0,0,0,0,0,0,0.762,0,1,0,0,0,0,1,0,6,6,0,0.0750377888145109,0.1994169725761174,0
u_5840,0,0,0,0,0,0,0,0,0.741,0,1,1,0,0,0,1,0,15,15,0,0.0723385877780177,0.1994169725761174,0
u_2308,0,0,0,0,0,0,0,0,0.875,0,0,0,0,0,0,1,1,23,23,0,0.0674800259123299,0.1994169725761174,0
u_1410,0,0,0,0,0,0,0,0,0.667,0,1,0,0,0,0,1,0,10,10,0,0.071798747570719,0.1994169725761174,0
u_2215,0,0,0,0,0,0,0,0,0.783,0,0,0,0,0,0,1,0,11,11,0,0.0674800259123299,0.1976894839127618,0
u_1114,0,0,0,0,0,0,0,0,0.75,0,0,1,0,0,0,1,0,18,18,0,0.0723385877780177,0.1993090045346577,0
u_14,0,0,0,0,0,0,0,0,0.87,0,0,1,0,0,0,1,1,6,6,0,0.0750377888145109,0.2020082055711509,0
u_3257,0,0,0,0,0,0,0,0,0.692,0,0,0,0,0,0,1,0,16,16,0,0.0723385877780177,0.1976894839127618,0
u_1080,0,0,0,0,0,0,0,0,0.632,0,0,1,0,0,0,1,0,2,2,1,0.0739581083999136,0.1994169725761174,0
u_4232,0,0,0,0,0,0,0,0,0.727,0,1,0,0,0,0,1,0,7,7,0,0.0684517382854675,0.2020082055711509,0
u_4082,0,0,0,0,0,0,0,0,0.818,0,1,0,0,0,0,1,0,18,18,0,0.0684517382854675,0.1994169725761174,0
u_8014,2,0,3,2,0,2,2,3,0.778,1,0,1,0,0,0,5,3,17,17,0,0.0674800259123299,0.1993090045346577,1
u_6972,2,1,2,2,0,2,2,2,1.0,1,0,1,0,0,0,3,4,6,6,0,0.0709350032390412,0.1993090045346577,1
u_8078,0,0,4,0,0,0,0,4,1.0,0,1,1,0,0,0,5,2,14,14,0,0.0755776290218095,0.1994169725761174,1
u_6477,0,0,0,0,0,0,0,0,1.0,0,0,0,0,0,0,1,1,17,17,0,0.0712589073634204,0.1976894839127618,0
u_2029,0,0,0,0,0,0,0,0,0.706,0,0,1,0,0,0,1,0,18,18,0,0.0723385877780177,0.1993090045346577,0
u_1360,0,0,0,0,0,0,0,0,0.762,0,1,0,0,0,0,1,0,18,18,0,0.0736342042755344,0.1994169725761174,0
u_1017,0,0,0,0,0,0,0,0,0.667,0,1,1,0,0,0,1,0,4,4,1,0.0681278341610883,0.201576333405312,0
u_5571,0,0,0,0,0,0,0,0,0.778,0,0,0,0,0,0,1,0,20,20,0,0.0723385877780177,0.1993090045346577,0
u_6430,0,0,0,0,0,0,0,0,1.0,0,1,0,0,0,0,1,1,12,12,0,0.0684517382854675,0.1993090045346577,0
u_6457,0,0,0,0,0,0,0,0,0.88,0,1,0,0,0,0,1,1,20,20,0,0.0681278341610883,0.1976894839127618,0
u_4501,0,0,0,0,0,0,0,0,0.632,0,1,0,0,0,0,1,0,10,10,0,0.0750377888145109,0.201576333405312,0
u_3896,0,0,0,0,0,0,0,0,0.727,0,1,0,0,0,0,1,0,19,19,0,0.0739581083999136,0.1994169725761174,0
u_5662,0,0,0,0,0,0,0,0,0.783,0,1,0,0,0,0,1,0,8,8,0,0.0755776290218095,0.1994169725761174,0
u_7629,0,0,0,0,0,0,0,0,0.759,1,0,1,1,0,0,1,0,20,20,0,0.0674800259123299,0.2020082055711509,1
u_2876,0,0,0,0,0,0,0,0,0.75,0,0,1,0,0,0,1,0,14,14,0,0.0684517382854675,0.2020082055711509,0
u_1024,0,0,0,0,0,0,0,0,0.769,0,1,1,0,0,0,1,0,12,12,0,0.0709350032390412,0.1993090045346577,0
u_1054,0,0,0,0,0,0,0,0,0.857,0,0,0,0,0,0,1,1,11,11,0,0.071798747570719,0.1976894839127618,0
u_4766,0,0,0,0,0,0,0,0,1.0,0,1,1,0,0,0,1,1,6,6,0,0.0709350032390412,0.1993090045346577,0
u_8378,1,0,1,0,0,1,0,1,0.706,0,1,0,0,0,0,3,2,10,10,0,0.0736342042755344,0.2020082055711509,1
u_2464,0,0,0,0,0,0,0,0,0.706,0,0,1,0,0,0,1,0,4,4,1,0.0712589073634204,0.1993090045346577,0
u_2761,0,0,0,0,0,0,0,0,0.737,0,0,0,0,0,0,1,0,21,21,0,0.0739581083999136,0.1993090045346577,0
u_7907,1,0,1,0,0,1,0,1,0.947,1,0,1,1,0,0,3,3,2,2,1,0.0736342042755344,0.2020082055711509,1
u_7990,0,0,4,0,0,0,0,4,1.0,1,0,1,1,0,0,5,2,14,14,0,0.0736342042755344,0.201576333405312,1
u_2366,0,0,0,0,0,0,0,0,0.783,0,1,0,0,0,0,1,0,16,16,0,0.0739581083999136,0.1976894839127618,0
u_8478,0,0,1,0,0,0,0,1,0.957,0,1,1,1,0,0,3,2,21,21,0,0.0739581083999136,0.201576333405312,1
u_5860,0,0,0,0,0,0,0,0,0.737,0,0,0,0,0,0,1,0,17,17,0,0.0755776290218095,0.1993090045346577,0
u_2542,0,0,0,0,0,0,0,0,0.8,0,1,0,0,0,0,1,0,14,14,0,0.0643489527099978,0.1994169725761174,0
u_3790,0,0,0,0,0,0,0,0,0.741,0,0,1,0,0,0,1,0,14,14,0,0.0739581083999136,0.1993090045346577,0
u_9132,0,0,2,1,0,0,1,2,0.952,0,1,1,1,0,0,5,3,5,5,1,0.0674800259123299,0.2020082055711509,1
u_5976,0,0,0,0,0,0,0,0,1.0,0,0,1,0,0,0,1,1,10,10,0,0.0681278341610883,0.1994169725761174,0
u_2045,0,0,0,0,0,0,0,0,0.769,0,0,0,0,0,0,1,0,8,8,0,0.0712589073634204,0.2020082055711509,0
u_1345,0,0,0,0,0,0,0,0,0.778,0,0,0,0,0,0,1,0,17,17,0,0.0684517382854675,0.2020082055711509,0
u_5703,0,0,0,0,0,0,0,0,0.783,0,1,1,0,0,0,1,0,15,15,0,0.0736342042755344,0.201576333405312,0
u_817,0,0,0,0,0,0,0,0,0.8,0,1,1,0,0,0,1,0,17,17,0,0.0723385877780177,0.2020082055711509,0
u_7737,0,0,3,0,0,0,0,3,0.8,1,0,1,1,0,0,6,1,17,17,0,0.0684517382854675,0.1993090045346577,1
u_2816,0,0,0,0,0,0,0,0,0.786,0,1,0,0,0,0,1,0,4,4,1,0.0643489527099978,0.201576333405312,0
u_68,0,0,0,0,0,0,0,0,0.824,0,1,0,0,0,0,1,0,11,11,0,0.0712589073634204,0.201576333405312,0
u_8821,1,1,2,0,0,1,0,2,0.857,1,0,1,1,0,0,5,3,0,0,1,0.0712589073634204,0.1993090045346577,1
u_6812,4,2,4,3,0,4,3,4,1.0,0,0,1,1,0,0,4,4,19,19,0,0.0643489527099978,0.2020082055711509,1
u_4049,0,0,0,0,0,0,0,0,0.762,0,0,0,0,0,0,1,0,15,15,0,0.0739581083999136,0.1994169725761174,0
u_1917,0,0,0,0,0,0,0,0,0.727,0,1,0,0,0,0,1,0,9,9,0,0.0755776290218095,0.1993090045346577,0
u_3301,0,0,0,0,0,0,0,0,0.75,0,0,1,0,0,0,1,0,18,18,0,0.0723385877780177,0.201576333405312,0
u_8949,1,0,2,0,0,1,0,2,1.0,0,1,1,1,0,0,5,3,12,12,0,0.0674800259123299,0.2020082055711509,1
u_978,0,0,0,0,0,0,0,0,0.727,0,1,1,0,0,0,1,0,3,3,1,0.0723385877780177,0.1976894839127618,0
u_9117,0,0,0,0,0,0,0,0,0.762,0,1,1,1,0,0,1,0,12,12,0,0.0739581083999136,0.1994169725761174,1
u_8299,1,1,1,1,1,1,1,1,1.0,0,1,1,0,0,0,3,4,7,7,0,0.0730943640682358,0.201576333405312,1
u_9228,2,0,3,2,1,2,2,3,1.0,0,0,0,0,1,1,5,4,2,2,1,0.0736342042755344,0.1993090045346577,1
u_2018,0,0,0,0,0,0,0,0,0.8,0,0,0,0,0,0,1,0,14,14,0,0.0723385877780177,0.201576333405312,0
u_4520,0,0,0,0,0,0,0,0,0.762,0,1,0,0,0,0,1,0,1,1,1,0.0681278341610883,0.1976894839127618,0
u_4851,0,0,0,0,0,0,0,0,0.8,0,1,1,0,0,0,1,0,23,23,0,0.0709350032390412,0.1994169725761174,0
u_5984,0,0,0,0,0,0,0,0,0.846,0,0,0,0,0,0,1,0,12,12,0,0.0750377888145109,0.1994169725761174,0
u_7878,0,0,1,0,0,0,0,1,0.818,1,0,1,1,0,0,3,1,4,4,1,0.0750377888145109,0.201576333405312,1
u_5991,0,0,0,0,0,0,0,0,0.72,0,1,1,0,0,0,1,0,3,3,1,0.0739581083999136,0.2020082055711509,0
u_6126,0,0,0,0,0,0,0,0,0.737,0,0,0,0,0,0,1,0,17,17,0,0.0739581083999136,0.2020082055711509,0
u_2944,0,0,0,0,0,0,0,0,0.667,0,1,0,0,0,0,1,0,18,18,0,0.0643489527099978,0.201576333405312,0
u_6449,0,0,0,0,0,0,0,0,0.846,0,0,0,0,0,0,1,0,12,12,0,0.0750377888145109,0.1994169725761174,0
u_5511,0,0,0,0,0,0,0,0,0.741,0,1,0,0,0,0,1,0,2,2,1,0.0712589073634204,0.1994169725761174,0
u_1909,0,0,0,0,0,0,0,0,0.75,0,1,1,0,0,0,1,0,6,6,0,0.0723385877780177,0.2020082055711509,0
u_6021,0,0,0,0,0,0,0,0,0.815,0,1,0,0,0,0,1,0,17,17,0,0.0730943640682358,0.2020082055711509,0
u_587,0,0,0,0,0,0,0,0,0.8,0,1,0,0,0,0,1,0,1,1,1,0.0739581083999136,0.201576333405312,0
u_2660,0,0,0,0,0,0,0,0,0.692,0,0,0,0,0,0,1,0,19,19,0,0.0709350032390412,0.1993090045346577,0
u_6939,2,0,4,4,0,2,4,4,1.0,1,0,1,1,0,0,5,4,18,18,0,0.0643489527099978,0.201576333405312,1
u_1382,0,0,0,0,0,0,0,0,0.75,0,0,0,0,1,1,1,0,4,4,1,0.0755776290218095,0.1994169725761174,0
u_2194,0,0,0,0,0,0,0,0,0.741,0,1,0,0,0,0,1,0,9,9,0,0.0681278341610883,0.1994169725761174,0
u_293,0,0,0,0,0,0,0,0,0.741,0,0,0,0,0,0,1,0,11,11,0,0.0750377888145109,0.1976894839127618,0
u_1551,0,0,0,0,0,0,0,0,0.7,0,0,0,0,0,0,1,0,23,23,0,0.0684517382854675,0.1994169725761174,0
u_1043,0,0,0,0,0,0,0,0,1.0,0,1,0,0,0,0,1,1,21,21,0,0.0712589073634204,0.1993090045346577,0
u_6299,0,0,0,0,0,0,0,0,0.72,0,1,1,0,0,0,1,0,16,16,0,0.0674800259123299,0.201576333405312,0
u_4799,0,0,0,0,0,0,0,0,0.818,0,0,0,0,0,0,1,0,18,18,0,0.0681278341610883,0.201576333405312,0
u_4891,0,0,0,0,0,0,0,0,0.75,0,1,0,0,0,0,1,0,7,7,0,0.0750377888145109,0.1994169725761174,0
u_5129,0,0,0,0,0,0,0,0,0.842,0,0,0,0,0,0,1,0,5,5,1,0.0739581083999136,0.2020082055711509,0
u_3635,0,0,0,0,0,0,0,0,0.741,0,1,0,0,0,0,1,0,17,17,0,0.0739581083999136,0.1994169725761174,0
u_2238,0,0,0,0,0,0,0,0,0.778,0,1,0,0,0,0,1,0,20,20,0,0.0736342042755344,0.1994169725761174,0
u_6604,5,2,5,1,0,5,1,5,1.0,1,0,1,1,0,0,7,4,1,1,1,0.0736342042755344,0.1976894839127618,1
u_6213,0,0,0,0,0,0,0,0,0.692,0,1,0,0,0,0,1,0,11,11,0,0.0755776290218095,0.1993090045346577,0
u_5087,0,0,0,0,0,0,0,0,0.727,0,1,0,0,0,0,1,0,15,15,0,0.0684517382854675,0.2020082055711509,0
u_1107,0,0,0,0,0,0,0,0,0.818,0,0,0,0,0,0,1,0,15,15,0,0.071798747570719,0.201576333405312,0
u_4646,0,0,0,0,0,0,0,0,0.727,0,1,0,0,0,0,1,0,14,14,0,0.0723385877780177,0.1976894839127618,0
u_3495,0,0,0,0,0,0,0,0,0.737,0,0,0,0,0,0,1,0,5,5,1,0.0643489527099978,0.2020082055711509,0
u_4725,0,0,0,0,0,0,0,0,0.762,0,1,0,0,0,0,1,0,8,8,0,0.0712589073634204,0.201576333405312,0
u_6938,1,3,3,3,0,1,3,3,0.96,0,1,0,0,0,0,5,4,14,14,0,0.0643489527099978,0.201576333405312,1
u_1884,0,0,0,0,0,0,0,0,0.815,0,0,0,0,0,0,1,0,7,7,0,0.0709350032390412,0.2020082055711509,0
u_2754,0,0,0,0,0,0,0,0,0.783,0,1,0,0,0,0,1,0,3,3,1,0.0755776290218095,0.2020082055711509,0
u_2213,0,0,0,0,0,0,0,0,0.783,0,1,1,0,0,0,1,0,16,16,0,0.0643489527099978,0.2020082055711509,0
u_4143,0,0,0,0,0,0,0,0,1.0,0,1,1,0,0,0,1,1,22,22,0,0.071798747570719,0.2020082055711509,0
u_7419,0,1,1,1,0,0,1,1,0.727,1,0,0,0,0,0,3,2,13,13,0,0.0684517382854675,0.2020082055711509,1
u_5878,0,0,0,0,0,0,0,0,0.727,0,1,0,0,0,0,1,0,17,17,0,0.0755776290218095,0.1994169725761174,0
u_424,0,0,0,0,0,0,0,0,0.769,0,1,0,0,0,0,1,0,4,4,1,0.0712589073634204,0.1993090045346577,0
u_2314,0,0,0,0,0,0,0,0,0.75,0,0,0,0,0,0,1,0,15,15,0,0.0750377888145109,0.1976894839127618,0
u_3479,0,0,0,0,0,0,0,0,0.75,0,0,1,0,0,0,1,0,13,13,0,0.0750377888145109,0.201576333405312,0
u_7669,0,0,2,2,1,0,2,2,1.0,0,1,1,1,0,0,4,3,11,11,0,0.0750377888145109,0.1976894839127618,1
u_6265,0,0,0,0,0,0,0,0,0.667,0,1,0,0,0,0,1,0,19,19,0,0.0736342042755344,0.1976894839127618,0
u_367,0,0,0,0,0,0,0,0,0.909,0,1,0,0,0,0,1,1,17,17,0,0.0730943640682358,0.1976894839127618,0
u_6859,1,0,1,1,1,1,1,1,0.952,1,0,0,0,0,0,3,4,9,9,0,0.0755776290218095,0.2020082055711509,1
u_405,0,0,0,0,0,0,0,0,1.0,0,1,1,0,0,0,1,1,15,15,0,0.071798747570719,0.1993090045346577,0
u_2040,0,0,0,0,0,0,0,0,0.762,0,1,1,0,0,0,1,0,6,6,0,0.0730943640682358,0.1976894839127618,0
u_7378,1,1,1,1,1,1,1,1,0.818,0,1,0,0,0,0,3,3,23,23,0,0.0739581083999136,0.201576333405312,1
u_4560,0,0,0,0,0,0,0,0,0.8,0,1,0,0,0,0,1,0,9,9,0,0.0684517382854675,0.1993090045346577,0
u_2134,0,0,0,0,0,0,0,0,0.857,0,1,0,0,0,0,1,1,13,13,0,0.0681278341610883,0.1994169725761174,0
u_7712,0,0,5,5,0,0,5,5,0.8,0,0,1,0,0,0,3,2,8,8,0,0.0739581083999136,0.1976894839127618,1
u_9221,0,0,0,0,0,0,0,0,0.7,0,1,1,1,0,0,1,0,23,23,0,0.0755776290218095,0.1993090045346577,1
u_6298,0,0,0,0,0,0,0,0,0.737,0,1,1,0,0,0,1,0,8,8,0,0.0674800259123299,0.2020082055711509,0
u_6343,0,0,0,0,0,0,0,0,0.857,0,0,1,0,0,0,1,1,20,20,0,0.0712589073634204,0.2020082055711509,0
u_1035,0,0,0,0,0,0,0,0,0.824,0,1,0,0,0,0,1,0,12,12,0,0.0739581083999136,0.1976894839127618,0
u_1154,0,0,0,0,0,0,0,0,1.0,0,1,0,0,0,0,1,1,1,1,1,0.0681278341610883,0.2020082055711509,0
u_8100,1,1,1,0,0,1,0,1,1.0,0,0,0,0,0,0,3,3,15,15,0,0.0674800259123299,0.1976894839127618,1
u_6069,0,0,0,0,0,0,0,0,0.818,0,0,0,0,0,0,1,0,13,13,0,0.0674800259123299,0.201576333405312,0
u_7148,2,0,2,2,0,2,2,2,0.783,1,0,1,0,0,0,3,3,16,16,0,0.0739581083999136,0.201576333405312,1
u_5379,0,0,0,0,0,0,0,0,0.7,0,1,0,0,0,0,1,0,7,7,0,0.0712589073634204,0.1976894839127618,0
u_3205,0,0,0,0,0,0,0,0,1.0,0,0,0,0,0,0,1,1,9,9,0,0.0681278341610883,0.1976894839127618,0
u_3971,0,0,0,0,0,0,0,0,0.7,0,1,0,0,0,0,1,0,12,12,0,0.0730943640682358,0.1976894839127618,0
u_2110,0,0,0,0,0,0,0,0,0.737,0,0,0,0,0,0,1,0,13,13,0,0.0755776290218095,0.1994169725761174,0
u_7213,2,1,2,1,0,2,1,2,0.833,0,1,0,0,0,0,4,3,4,4,1,0.0674800259123299,0.201576333405312,1
u_5394,0,0,0,0,0,0,0,0,0.75,0,1,0,0,0,0,1,0,3,3,1,0.0723385877780177,0.2020082055711509,0
u_166,0,0,0,0,0,0,0,0,0.762,0,1,1,0,0,0,1,0,10,10,0,0.0736342042755344,0.1976894839127618,0
u_4379,0,0,0,0,0,0,0,0,1.0,0,1,0,0,0,0,1,1,11,11,0,0.0643489527099978,0.1994169725761174,0
u_5133,0,0,0,0,0,0,0,0,1.0,0,1,0,0,0,0,1,1,8,8,0,0.0681278341610883,0.1994169725761174,0
u_3597,0,0,0,0,0,0,0,0,0.783,0,1,0,0,0,0,1,0,14,14,0,0.0750377888145109,0.1994169725761174,0
u_481,0,0,0,0,0,0,0,0,1.0,0,1,0,0,0,0,1,1,0,0,1,0.0709350032390412,0.2020082055711509,0
u_4434,0,0,0,0,0,0,0,0,0.857,0,0,1,0,0,0,1,1,3,3,1,0.0730943640682358,0.1993090045346577,0
u_1178,0,0,0,0,0,0,0,0,0.9,0,0,1,0,0,0,1,1,1,1,1,0.0684517382854675,0.2020082055711509,0
u_8804,0,0,0,0,0,0,0,0,0.762,0,1,1,1,0,0,1,0,9,9,0,0.0755776290218095,0.201576333405312,1
u_6542,0,0,0,0,0,0,0,0,0.842,0,1,1,0,0,0,1,0,19,19,0,0.0730943640682358,0.1994169725761174,1
u_2416,0,0,0,0,0,0,0,0,0.783,0,1,1,0,0,0,1,0,14,14,0,0.0723385877780177,0.1993090045346577,0
u_5492,0,0,0,0,0,0,0,0,0.769,0,1,0,0,0,0,1,0,23,23,0,0.0709350032390412,0.1994169725761174,0
u_6675,1,0,1,0,0,1,0,1,0.8,0,0,1,1,0,0,3,2,7,7,0,0.0755776290218095,0.2020082055711509,1
u_1619,0,0,0,0,0,0,0,0,0.818,0,0,0,0,0,0,1,0,2,2,1,0.0681278341610883,0.1993090045346577,0
u_3612,0,0,0,0,0,0,0,0,0.696,0,0,0,0,0,0,1,0,10,10,0,0.0712589073634204,0.201576333405312,0
u_2724,0,0,0,0,0,0,0,0,1.0,0,1,0,0,0,0,1,1,19,19,0,0.0750377888145109,0.1994169725761174,0
u_4576,0,0,0,0,0,0,0,0,0.762,0,0,0,0,0,0,1,0,5,5,1,0.0723385877780177,0.201576333405312,0
u_3188,0,0,0,0,0,0,0,0,0.769,0,1,1,0,0,0,1,0,9,9,0,0.0750377888145109,0.1993090045346577,0
u_8568,0,0,3,0,0,0,0,3,0.69,1,0,0,0,0,0,6,1,7,7,0,0.0643489527099978,0.201576333405312,1
u_7300,0,1,3,2,0,0,2,3,0.857,0,1,1,1,0,0,5,3,0,0,1,0.0739581083999136,0.1994169725761174,1
u_1883,0,0,0,0,0,0,0,0,0.857,0,0,0,0,0,0,1,1,18,18,0,0.0739581083999136,0.1993090045346577,0
u_5433,0,0,0,0,0,0,0,0,0.818,0,0,1,0,0,0,1,0,17,17,0,0.0750377888145109,0.201576333405312,0
u_8621,0,0,1,0,0,0,0,1,0.667,0,1,1,1,0,0,3,1,23,23,0,0.0684517382854675,0.1994169725761174,1
u_8217,1,3,3,2,1,1,2,3,0.96,0,1,1,1,0,0,6,4,6,6,0,0.0723385877780177,0.1993090045346577,1
u_6155,0,0,0,0,0,0,0,0,0.783,0,0,0,0,0,0,1,0,20,20,0,0.0750377888145109,0.1994169725761174,0
u_1578,0,0,0,0,0,0,0,0,0.75,0,1,0,0,0,0,1,0,14,14,0,0.0712589073634204,0.1976894839127618,0
u_4561,0,0,0,0,0,0,0,0,0.8,0,0,0,0,0,0,1,0,10,10,0,0.0712589073634204,0.1993090045346577,0
u_2355,0,0,0,0,0,0,0,0,1.0,0,1,0,0,0,0,1,1,18,18,0,0.0723385877780177,0.1994169725761174,0
u_1910,0,0,0,0,0,0,0,0,0.762,0,1,0,0,0,0,1,0,13,13,0,0.0750377888145109,0.1976894839127618,0
u_3939,0,0,0,0,0,0,0,0,0.778,0,0,0,0,0,0,1,0,16,16,0,0.0736342042755344,0.2020082055711509,0
u_5763,0,0,0,0,0,0,0,0,1.0,0,1,1,0,0,0,1,1,18,18,0,0.0643489527099978,0.2020082055711509,0
u_8520,0,0,1,0,0,0,0,1,0.941,1,0,1,0,0,0,3,2,8,8,0,0.0681278341610883,0.1993090045346577,1
u_7765,0,0,1,0,0,0,0,1,0.706,0,1,1,0,0,0,3,1,7,7,0,0.0739581083999136,0.201576333405312,1
u_4305,0,0,0,0,0,0,0,0,0.696,0,1,0,0,0,0,1,0,11,11,0,0.0674800259123299,0.201576333405312,0
u_1639,0,0,0,0,0,0,0,0,0.783,0,0,0,0,0,0,1,0,20,20,0,0.0643489527099978,0.2020082055711509,0
u_1457,0,0,0,0,0,0,0,0,1.0,0,0,0,0,0,0,1,1,7,7,0,0.0750377888145109,0.2020082055711509,0
u_7307,2,0,2,0,0,2,0,2,1.0,1,0,0,0,1,1,4,3,11,11,0,0.0739581083999136,0.1976894839127618,1
u_5691,0,0,0,0,0,0,0,0,0.762,0,1,0,0,0,0,1,0,2,2,1,0.0755776290218095,0.1976894839127618,0
u_5469,0,0,0,0,0,0,0,0,1.0,0,1,0,0,0,0,1,1,20,20,0,0.0712589073634204,0.1994169725761174,0
u_253,0,0,0,0,0,0,0,0,0.9,0,1,0,0,0,0,1,1,2,2,1,0.0739581083999136,0.1976894839127618,0
u_8694,0,0,0,0,0,0,0,0,0.75,0,1,1,0,0,0,1,0,4,4,1,0.0755776290218095,0.201576333405312,1
u_8554,0,0,0,0,0,0,0,0,0.8,0,1,1,1,0,0,1,0,22,22,0,0.0674800259123299,0.1976894839127618,1
u_6734,2,2,4,1,0,2,1,4,1.0,1,0,0,0,0,0,8,4,4,4,1,0.0709350032390412,0.1994169725761174,1
u_6915,0,0,0,0,0,0,0,0,0.762,0,1,0,0,0,0,1,0,2,2,1,0.0739581083999136,0.2020082055711509,1
u_8563,2,0,2,1,0,2,1,2,0.947,0,1,1,1,0,0,4,4,4,4,1,0.0755776290218095,0.2020082055711509,1
u_2500,0,0,0,0,0,0,0,0,0.737,0,1,0,0,0,0,1,0,18,18,0,0.0674800259123299,0.1993090045346577,0
u_3484,0,0,0,0,0,0,0,0,0.7,0,1,0,0,0,0,1,0,13,13,0,0.0712589073634204,0.2020082055711509,0
u_7740,2,0,2,0,0,2,0,2,0.762,0,1,0,0,0,0,4,2,15,15,0,0.0755776290218095,0.201576333405312,1
u_1186,0,0,0,0,0,0,0,0,0.714,0,1,1,0,0,0,1,0,18,18,0,0.0755776290218095,0.1994169725761174,0
u_1144,0,0,0,0,0,0,0,0,0.667,0,1,1,0,0,0,1,0,18,18,0,0.0712589073634204,0.2020082055711509,0
u_6699,2,2,2,0,0,2,0,2,0.8,1,0,1,1,0,0,4,2,15,15,0,0.0750377888145109,0.1993090045346577,1
u_6533,2,0,4,0,0,2,0,4,1.0,1,0,1,0,0,0,6,3,14,14,0,0.0681278341610883,0.1994169725761174,1
u_6474,0,0,0,0,0,0,0,0,0.762,0,1,0,0,0,0,1,0,9,9,0,0.0739581083999136,0.1994169725761174,0
u_3083,0,0,0,0,0,0,0,0,0.783,0,0,0,0,0,0,1,0,1,1,1,0.0681278341610883,0.1994169725761174,0
u_6314,0,0,0,0,0,0,0,0,0.933,0,1,0,0,0,0,1,1,21,21,0,0.0730943640682358,0.1993090045346577,0
u_3518,0,0,0,0,0,0,0,0,0.762,0,0,0,0,0,0,1,0,8,8,0,0.0736342042755344,0.1993090045346577,0
u_7778,0,0,1,1,0,0,1,1,0.737,1,0,1,1,0,0,3,2,5,5,1,0.0730943640682358,0.2020082055711509,1
u_3467,0,0,0,0,0,0,0,0,0.759,0,0,0,0,0,0,1,0,13,13,0,0.0739581083999136,0.1976894839127618,0
u_3831,0,0,0,0,0,0,0,0,0.933,0,0,0,0,0,0,1,1,9,9,0,0.0750377888145109,0.1994169725761174,0
u_6890,3,0,3,0,0,3,0,3,1.0,0,0,1,1,0,0,4,3,2,2,1,0.0739581083999136,0.1994169725761174,1
u_5653,0,0,0,0,0,0,0,0,0.952,0,1,0,0,0,0,1,1,10,10,0,0.0739581083999136,0.2020082055711509,0
u_3238,0,0,0,0,0,0,0,0,0.778,0,1,1,0,0,0,1,0,22,22,0,0.0643489527099978,0.2020082055711509,0
u_8441,4,2,4,0,0,4,0,4,1.0,0,0,1,1,0,0,6,3,0,0,1,0.0684517382854675,0.1994169725761174,1
u_7839,0,0,0,0,0,0,0,0,0.696,1,0,0,0,0,0,1,0,9,9,0,0.0643489527099978,0.1994169725761174,1
u_9251,1,0,2,1,0,1,1,2,1.0,0,0,1,0,0,0,5,4,11,11,0,0.0730943640682358,0.1993090045346577,1
u_7971,0,0,5,3,0,0,3,5,0.952,1,0,1,1,0,0,7,3,1,1,1,0.0739581083999136,0.2020082055711509,1
u_5749,0,0,0,0,0,0,0,0,0.8,0,0,0,0,0,0,1,0,11,11,0,0.0723385877780177,0.1994169725761174,0
u_1243,0,0,0,0,0,0,0,0,1.0,0,1,1,0,0,0,1,1,0,0,1,0.0739581083999136,0.2020082055711509,0
u_5395,0,0,0,0,0,0,0,0,0.917,0,1,0,0,0,0,1,1,15,15,0,0.0709350032390412,0.1993090045346577,0
u_6664,0,0,0,0,0,0,0,0,0.8,0,1,1,0,0,0,1,0,17,17,0,0.071798747570719,0.1976894839127618,1
u_7470,1,0,1,1,0,1,1,1,0.833,1,0,0,0,0,0,3,3,16,16,0,0.0739581083999136,0.1994169725761174,1
u_4544,0,0,0,0,0,0,0,0,0.87,0,1,0,0,0,0,1,1,8,8,0,0.0755776290218095,0.2020082055711509,0
u_1611,0,0,0,0,0,0,0,0,0.696,0,1,0,0,0,0,1,0,14,14,0,0.0730943640682358,0.2020082055711509,0
u_2524,0,0,0,0,0,0,0,0,0.75,0,0,0,0,0,0,1,0,6,6,0,0.0681278341610883,0.1976894839127618,0
u_5630,0,0,0,0,0,0,0,0,0.727,0,0,1,0,0,0,1,0,2,2,1,0.0750377888145109,0.201576333405312,0
u_607,0,0,0,0,0,0,0,0,0.69,0,1,1,0,0,0,1,0,18,18,0,0.071798747570719,0.201576333405312,0
u_2685,0,0,0,0,0,0,0,0,0.741,0,1,1,0,0,0,1,0,19,19,0,0.0681278341610883,0.2020082055711509,0
u_3368,0,0,0,0,0,0,0,0,0.762,0,0,0,0,0,0,1,0,12,12,0,0.0750377888145109,0.1976894839127618,0
u_6551,1,0,1,0,0,1,0,1,0.8,0,1,1,0,0,0,3,2,19,19,0,0.0736342042755344,0.1994169725761174,1
u_7179,1,2,4,0,0,1,0,4,0.737,1,0,1,1,0,0,8,2,3,3,1,0.0684517382854675,0.2020082055711509,1
u_1913,0,0,0,0,0,0,0,0,0.75,0,1,0,0,0,0,1,0,6,6,0,0.0674800259123299,0.1994169725761174,0
u_3050,0,0,0,0,0,0,0,0,0.727,0,0,0,0,0,0,1,0,2,2,1,0.0723385877780177,0.1994169725761174,0
u_3581,0,0,0,0,0,0,0,0,1.0,0,1,0,0,0,0,1,1,15,15,0,0.0755776290218095,0.201576333405312,0
u_8703,0,0,0,0,0,0,0,0,0.727,0,1,1,1,0,0,1,0,14,14,0,0.0681278341610883,0.201576333405312,1
u_3252,0,0,0,0,0,0,0,0,0.818,0,0,0,0,0,0,1,0,4,4,1,0.0730943640682358,0.1994169725761174,0
u_8886,2,0,2,0,0,2,0,2,1.0,0,0,1,1,0,0,4,3,14,14,0,0.0643489527099978,0.201576333405312,1
u_7783,0,0,2,2,0,0,2,2,0.957,0,1,1,0,0,0,3,3,16,16,0,0.0750377888145109,0.2020082055711509,1
u_752,0,0,0,0,0,0,0,0,0.778,0,0,0,0,0,0,1,0,19,19,0,0.0750377888145109,0.201576333405312,0
u_8049,0,0,0,0,0,0,0,0,0.667,0,1,1,0,0,0,1,0,14,14,0,0.0643489527099978,0.1993090045346577,1
u_7478,4,1,4,2,1,4,2,4,1.0,0,0,1,0,0,0,5,4,2,2,1,0.0674800259123299,0.2020082055711509,1
u_3919,0,0,0,0,0,0,0,0,0.75,0,0,0,0,0,0,1,0,0,0,1,0.0709350032390412,0.2020082055711509,0
u_3567,0,0,0,0,0,0,0,0,0.8,0,1,0,0,0,0,1,0,3,3,1,0.0739581083999136,0.2020082055711509,0
u_5507,0,0,0,0,0,0,0,0,0.727,0,0,0,0,0,0,1,0,19,19,0,0.0709350032390412,0.1976894839127618,0
u_754,0,0,0,0,0,0,0,0,0.8,0,1,1,0,0,0,1,0,12,12,0,0.0739581083999136,0.1994169725761174,0
u_5610,0,0,0,0,0,0,0,0,1.0,0,1,1,0,0,0,1,1,6,6,0,0.0739581083999136,0.201576333405312,0
u_577,0,0,0,0,0,0,0,0,0.786,0,0,0,0,0,0,1,0,21,21,0,0.0709350032390412,0.1994169725761174,0
u_1739,0,0,0,0,0,0,0,0,0.846,0,1,1,0,0,0,1,0,1,1,1,0.0674800259123299,0.1993090045346577,0
u_8118,0,0,0,0,0,0,0,0,0.696,0,1,0,0,0,0,1,0,13,13,0,0.0643489527099978,0.1994169725761174,1
u_5183,0,0,0,0,0,0,0,0,0.8,0,0,1,0,0,0,1,0,14,14,0,0.0684517382854675,0.1993090045346577,0
u_4782,0,0,0,0,0,0,0,0,0.783,0,0,1,0,0,0,1,0,22,22,0,0.0739581083999136,0.1976894839127618,0
u_6050,0,0,0,0,0,0,0,0,0.696,0,0,1,0,0,0,1,0,2,2,1,0.0739581083999136,0.201576333405312,0
u_1876,0,0,0,0,0,0,0,0,1.0,0,1,0,0,0,0,1,1,14,14,0,0.0730943640682358,0.2020082055711509,0
u_5916,0,0,0,0,0,0,0,0,0.842,0,0,0,0,0,0,1,0,22,22,0,0.0755776290218095,0.1976894839127618,0
u_2459,0,0,0,0,0,0,0,0,0.706,0,1,0,0,0,0,1,0,12,12,0,0.0730943640682358,0.201576333405312,0
u_4151,0,0,0,0,0,0,0,0,0.8,0,1,1,0,1,1,1,0,11,11,0,0.0739581083999136,0.1994169725761174,0
u_4127,0,0,0,0,0,0,0,0,0.72,0,0,0,0,0,0,1,0,14,14,0,0.0750377888145109,0.1976894839127618,0
u_7731,0,0,0,0,0,0,0,0,0.778,0,1,1,1,0,0,1,0,19,19,0,0.0750377888145109,0.1994169725761174,1
u_3013,0,0,0,0,0,0,0,0,0.75,0,1,1,0,0,0,1,0,7,7,0,0.0755776290218095,0.1993090045346577,0
u_6895,1,0,2,0,0,1,0,2,0.963,1,0,1,0,0,0,5,3,16,16,0,0.0736342042755344,0.1976894839127618,1
u_323,0,0,0,0,0,0,0,0,0.8,0,0,1,0,0,0,1,0,5,5,1,0.071798747570719,0.1976894839127618,0
u_3875,0,0,0,0,0,0,0,0,0.75,0,0,0,0,0,0,1,0,22,22,0,0.0643489527099978,0.2020082055711509,0
u_5391,0,0,0,0,0,0,0,0,0.818,0,0,0,0,0,0,1,0,22,22,0,0.0681278341610883,0.1976894839127618,0
u_3870,0,0,0,0,0,0,0,0,1.0,0,1,1,0,0,0,1,1,20,20,0,0.0684517382854675,0.1994169725761174,0
u_8557,0,0,3,0,0,0,0,3,0.952,1,0,0,0,0,0,5,2,2,2,1,0.0674800259123299,0.1994169725761174,1
u_7967,0,0,0,0,0,0,0,0,0.857,1,0,1,1,0,0,1,1,19,19,0,0.0739581083999136,0.2020082055711509,1
u_8438,2,0,2,0,0,2,0,2,0.957,1,0,1,0,0,0,4,3,21,21,0,0.0684517382854675,0.1994169725761174,1
u_4660,0,0,0,0,0,0,0,0,0.8,0,1,1,0,0,0,1,0,9,9,0,0.0730943640682358,0.2020082055711509,0
u_3244,0,0,0,0,0,0,0,0,0.759,0,1,0,0,0,0,1,0,15,15,0,0.0750377888145109,0.1993090045346577,0
u_2162,0,0,0,0,0,0,0,0,0.818,0,0,0,0,0,0,1,0,5,5,1,0.0739581083999136,0.201576333405312,0
u_5668,0,0,0,0,0,0,0,0,0.8,0,1,1,0,0,0,1,0,16,16,0,0.0739581083999136,0.1993090045346577,0
u_4585,0,0,0,0,0,0,0,0,0.8,0,1,1,0,0,0,1,0,11,11,0,0.0755776290218095,0.2020082055711509,0
u_350,0,0,0,0,0,0,0,0,0.818,0,0,0,0,0,0,1,0,17,17,0,0.0681278341610883,0.1993090045346577,0
u_3580,0,0,0,0,0,0,0,0,0.818,0,1,0,0,0,0,1,0,20,20,0,0.0755776290218095,0.1976894839127618,0
u_5790,0,0,0,0,0,0,0,0,0.762,0,1,0,0,0,0,1,0,19,19,0,0.0730943640682358,0.1994169725761174,0
u_6803,2,0,2,1,0,2,1,2,1.0,0,1,0,0,0,0,4,4,18,18,0,0.0750377888145109,0.2020082055711509,1
u_772,0,0,0,0,0,0,0,0,0.769,0,0,1,0,0,0,1,0,1,1,1,0.0674800259123299,0.1994169725761174,0
u_7400,4,1,4,0,0,4,0,4,1.0,1,0,1,0,0,0,3,3,12,12,0,0.0681278341610883,0.1976894839127618,1
u_177,0,0,0,0,0,0,0,0,0.75,0,1,0,0,0,0,1,0,12,12,0,0.0739581083999136,0.201576333405312,0
u_6207,0,0,0,0,0,0,0,0,1.0,0,1,0,0,0,0,1,1,2,2,1,0.0681278341610883,0.201576333405312,0
u_6379,0,0,0,0,0,0,0,0,0.737,0,0,0,0,0,0,1,0,1,1,1,0.0739581083999136,0.1994169725761174,0
u_9044,0,0,0,0,0,0,0,0,0.842,1,0,1,0,1,1,1,0,8,8,0,0.071798747570719,0.2020082055711509,1
u_8818,2,1,2,0,0,2,0,2,0.933,1,0,1,1,0,0,4,3,22,22,0,0.0750377888145109,0.1993090045346577,1
u_6100,0,0,0,0,0,0,0,0,1.0,0,1,0,0,1,1,1,1,23,23,0,0.071798747570719,0.1976894839127618,0
u_5913,0,0,0,0,0,0,0,0,0.824,0,1,0,0,0,0,1,0,21,21,0,0.0709350032390412,0.1994169725761174,0
u_7178,0,0,3,1,0,0,1,3,0.857,0,1,1,1,0,0,7,3,2,2,1,0.0674800259123299,0.2020082055711509,1
u_8345,0,0,0,0,0,0,0,0,0.727,1,0,1,0,0,0,1,0,8,8,0,0.0739581083999136,0.1976894839127618,1
u_4424,0,0,0,0,0,0,0,0,0.8,0,0,0,0,0,0,1,0,1,1,1,0.0736342042755344,0.1976894839127618,0
u_5365,0,0,0,0,0,0,0,0,0.8,0,0,0,0,0,0,1,0,5,5,1,0.0750377888145109,0.2020082055711509,0
u_6503,3,2,3,2,0,3,2,3,1.0,1,0,1,1,0,0,4,4,3,3,1,0.0755776290218095,0.201576333405312,1
u_1188,0,0,0,0,0,0,0,0,0.778,0,0,1,0,0,0,1,0,15,15,0,0.0684517382854675,0.1993090045346577,0
u_7436,0,0,0,0,0,0,0,0,0.87,0,1,1,1,0,0,1,1,3,3,1,0.0730943640682358,0.1994169725761174,1
u_4052,0,0,0,0,0,0,0,0,1.0,0,1,1,0,0,0,1,1,18,18,0,0.071798747570719,0.201576333405312,0
u_9017,1,0,1,0,0,1,0,1,1.0,0,0,1,1,0,0,3,3,5,5,1,0.0723385877780177,0.201576333405312,1
u_9028,0,0,1,1,1,0,1,1,0.769,1,0,1,0,0,0,3,2,7,7,0,0.0755776290218095,0.1994169725761174,1
u_1929,0,0,0,0,0,0,0,0,0.7,0,1,0,0,0,0,1,0,19,19,0,0.0709350032390412,0.2020082055711509,0
u_705,0,0,0,0,0,0,0,0,0.842,0,0,0,0,1,1,1,0,10,10,0,0.0643489527099978,0.1994169725761174,0
u_7381,2,1,2,0,0,2,0,2,0.667,0,0,1,1,0,0,3,2,16,16,0,0.0712589073634204,0.2020082055711509,1
u_5917,0,0,0,0,0,0,0,0,0.778,0,1,0,0,0,0,1,0,10,10,0,0.0755776290218095,0.2020082055711509,0
u_8477,0,0,0,0,0,0,0,0,0.87,1,0,1,1,0,0,1,1,20,20,0,0.0739581083999136,0.201576333405312,1
u_5388,0,0,0,0,0,0,0,0,0.762,0,0,0,0,0,0,1,0,22,22,0,0.0643489527099978,0.1976894839127618,0
u_6488,0,0,0,0,0,0,0,0,0.909,0,1,0,0,0,0,1,1,7,7,0,0.0723385877780177,0.1993090045346577,0
u_6111,0,0,0,0,0,0,0,0,0.727,0,1,1,0,0,0,1,0,1,1,1,0.0750377888145109,0.1994169725761174,0
u_5135,0,0,0,0,0,0,0,0,0.727,0,1,0,0,0,0,1,0,16,16,0,0.0736342042755344,0.2020082055711509,0
u_5577,0,0,0,0,0,0,0,0,0.769,0,1,0,0,0,0,1,0,7,7,0,0.0755776290218095,0.2020082055711509,0
u_5104,0,0,0,0,0,0,0,0,0.72,0,1,0,0,0,0,1,0,20,20,0,0.0755776290218095,0.1994169725761174,0
u_5550,0,0,0,0,0,0,0,0,0.667,0,1,0,0,1,1,1,0,17,17,0,0.0712589073634204,0.1993090045346577,0
u_6501,1,0,1,0,0,1,0,1,0.957,1,0,1,1,0,0,3,3,1,1,1,0.0755776290218095,0.1994169725761174,1
u_1952,0,0,0,0,0,0,0,0,0.778,0,0,0,0,0,0,1,0,0,0,1,0.0739581083999136,0.201576333405312,0
u_6818,1,1,1,1,0,1,1,1,0.941,1,0,1,1,0,0,3,4,15,15,0,0.0674800259123299,0.1976894839127618,1
u_4456,0,0,0,0,0,0,0,0,0.769,0,0,1,0,0,0,1,0,5,5,1,0.0712589073634204,0.1994169725761174,0
u_3475,0,0,0,0,0,0,0,0,0.727,0,0,1,0,0,0,1,0,21,21,0,0.0681278341610883,0.1993090045346577,0
u_1349,0,0,0,0,0,0,0,0,0.783,0,1,1,0,0,0,1,0,21,21,0,0.0736342042755344,0.1994169725761174,0
u_3295,0,0,0,0,0,0,0,0,0.833,0,0,0,0,0,0,1,0,0,0,1,0.0736342042755344,0.201576333405312,0
u_7218,2,0,3,3,0,2,3,3,0.9,0,1,1,1,0,0,4,4,3,3,1,0.0674800259123299,0.201576333405312,1
u_4613,0,0,0,0,0,0,0,0,0.8,0,1,0,0,0,0,1,0,20,20,0,0.0730943640682358,0.2020082055711509,0
u_5483,0,0,0,0,0,0,0,0,0.818,0,1,0,0,0,0,1,0,17,17,0,0.0681278341610883,0.201576333405312,0
u_2957,0,0,0,0,0,0,0,0,0.75,0,1,0,0,0,0,1,0,2,2,1,0.0643489527099978,0.1976894839127618,0
u_6830,3,3,4,0,0,3,0,4,1.0,0,1,0,0,0,0,7,3,11,11,0,0.0681278341610883,0.1976894839127618,1
u_1130,0,0,0,0,0,0,0,0,0.737,0,0,0,0,0,0,1,0,19,19,0,0.0730943640682358,0.201576333405312,0
u_3662,0,0,0,0,0,0,0,0,0.8,0,1,1,0,1,1,1,0,10,10,0,0.0750377888145109,0.201576333405312,0
u_5928,0,0,0,0,0,0,0,0,0.952,0,1,0,0,0,0,1,1,9,9,0,0.0755776290218095,0.2020082055711509,0
u_51,0,0,0,0,0,0,0,0,0.727,0,1,0,0,0,0,1,0,8,8,0,0.0681278341610883,0.1994169725761174,0
u_2647,0,0,0,0,0,0,0,0,0.762,0,0,0,0,0,0,1,0,0,0,1,0.0750377888145109,0.201576333405312,0
u_7928,1,1,1,0,0,1,0,1,0.783,0,1,0,0,0,0,3,2,17,17,0,0.0750377888145109,0.201576333405312,1
u_4510,0,0,0,0,0,0,0,0,0.7,0,0,0,0,0,0,1,0,10,10,0,0.0684517382854675,0.1994169725761174,0
u_1911,0,0,0,0,0,0,0,0,1.0,0,0,0,0,0,0,1,1,6,6,0,0.0723385877780177,0.2020082055711509,0
u_6204,0,0,0,0,0,0,0,0,0.783,0,1,0,0,0,0,1,0,3,3,1,0.0643489527099978,0.1993090045346577,0
u_7639,0,0,0,0,0,0,0,0,0.9,0,1,1,1,1,1,1,1,4,4,1,0.0723385877780177,0.201576333405312,1
u_658,0,0,0,0,0,0,0,0,0.696,0,1,0,0,0,0,1,0,5,5,1,0.0712589073634204,0.1976894839127618,0
u_6916,1,0,1,1,0,1,1,1,0.762,1,0,1,1,0,0,3,3,3,3,1,0.0739581083999136,0.2020082055711509,1
u_8020,0,0,1,1,0,0,1,1,1.0,0,0,0,0,0,0,3,3,21,21,0,0.0709350032390412,0.1993090045346577,1
u_8072,0,0,0,0,0,0,0,0,0.941,0,1,0,0,0,0,1,1,2,2,1,0.0736342042755344,0.201576333405312,1
u_1721,0,0,0,0,0,0,0,0,0.8,0,0,0,0,0,0,1,0,13,13,0,0.0684517382854675,0.1994169725761174,0
u_139,0,0,0,0,0,0,0,0,0.769,0,1,0,0,0,0,1,0,14,14,0,0.0709350032390412,0.1993090045346577,0
u_2740,0,0,0,0,0,0,0,0,1.0,0,0,0,0,0,0,1,1,21,21,0,0.071798747570719,0.2020082055711509,0
u_7801,0,0,0,0,0,0,0,0,1.0,1,0,0,0,0,0,1,1,22,22,0,0.0643489527099978,0.1976894839127618,1
u_54,0,0,0,0,0,0,0,0,0.714,0,0,0,0,0,0,1,0,3,3,1,0.0681278341610883,0.1976894839127618,0
u_8833,2,1,2,0,0,2,0,2,0.833,1,0,1,1,0,0,4,2,21,21,0,0.0739581083999136,0.1994169725761174,1
u_4119,0,0,0,0,0,0,0,0,0.75,0,1,1,0,0,0,1,0,0,0,1,0.0730943640682358,0.2020082055711509,0
u_3309,0,0,0,0,0,0,0,0,0.75,0,1,1,0,1,1,1,0,1,1,1,0.071798747570719,0.1994169725761174,0
u_1252,0,0,0,0,0,0,0,0,0.714,0,1,0,0,0,0,1,0,4,4,1,0.0674800259123299,0.2020082055711509,0
u_5302,0,0,0,0,0,0,0,0,0.857,0,1,0,0,0,0,1,1,11,11,0,0.0750377888145109,0.2020082055711509,0
u_3732,0,0,0,0,0,0,0,0,0.75,0,0,0,0,1,1,1,0,16,16,0,0.0736342042755344,0.201576333405312,0
u_3072,0,0,0,0,0,0,0,0,0.72,0,1,0,0,0,0,1,0,13,13,0,0.0730943640682358,0.1994169725761174,0
u_7203,1,2,2,0,0,1,0,2,1.0,1,0,1,0,1,1,5,3,12,12,0,0.0739581083999136,0.1976894839127618,1
u_7921,1,0,2,1,0,1,1,2,0.889,0,1,1,0,0,0,5,4,17,17,0,0.0674800259123299,0.1976894839127618,1
u_477,0,0,0,0,0,0,0,0,0.783,0,1,1,0,0,0,1,0,2,2,1,0.0712589073634204,0.201576333405312,0
u_8622,0,0,2,1,0,0,1,2,0.941,0,0,1,0,0,0,5,3,0,0,1,0.0684517382854675,0.1993090045346577,1
u_7770,3,0,3,2,0,3,2,3,0.667,0,1,1,0,0,0,4,3,3,3,1,0.0712589073634204,0.2020082055711509,1
u_2619,0,0,0,0,0,0,0,0,0.75,0,1,1,0,0,0,1,0,21,21,0,0.0723385877780177,0.1994169725761174,0
u_2589,0,0,0,0,0,0,0,0,0.783,0,0,1,0,0,0,1,0,12,12,0,0.071798747570719,0.1976894839127618,0
u_1691,0,0,0,0,0,0,0,0,0.8,0,0,0,0,1,1,1,0,3,3,1,0.0755776290218095,0.1976894839127618,0
u_916,0,0,0,0,0,0,0,0,1.0,0,1,0,0,0,0,1,1,21,21,0,0.0739581083999136,0.1994169725761174,0
u_1322,0,0,0,0,0,0,0,0,0.75,0,1,1,0,0,0,1,0,15,15,0,0.0736342042755344,0.1994169725761174,0
u_6101,0,0,0,0,0,0,0,0,0.7,0,1,1,0,0,0,1,0,14,14,0,0.0723385877780177,0.201576333405312,0
u_205,0,0,0,0,0,0,0,0,0.778,0,0,0,0,0,0,1,0,18,18,0,0.0643489527099978,0.201576333405312,0
u_5899,0,0,0,0,0,0,0,0,0.8,0,1,0,0,0,0,1,0,17,17,0,0.0739581083999136,0.1993090045346577,0
u_1630,0,0,0,0,0,0,0,0,0.818,0,0,1,0,0,0,1,0,7,7,0,0.0643489527099978,0.2020082055711509,0
u_3657,0,0,0,0,0,0,0,0,0.737,0,0,1,0,0,0,1,0,23,23,0,0.0709350032390412,0.201576333405312,0
u_6935,0,0,0,0,0,0,0,0,0.7,0,0,1,1,0,0,1,0,12,12,0,0.0643489527099978,0.201576333405312,1
u_8685,1,0,3,3,0,1,3,3,0.7,0,0,1,0,0,0,5,3,17,17,0,0.0750377888145109,0.1993090045346577,1
u_5954,0,0,0,0,0,0,0,0,0.778,0,1,0,0,1,1,1,0,20,20,0,0.0730943640682358,0.2020082055711509,0
u_4713,0,0,0,0,0,0,0,0,0.733,0,1,0,0,0,0,1,0,17,17,0,0.0712589073634204,0.1993090045346577,0
u_6067,0,0,0,0,0,0,0,0,0.783,0,0,0,0,0,0,1,0,8,8,0,0.0709350032390412,0.1993090045346577,0
u_7494,0,0,2,0,0,0,0,2,1.0,0,0,1,0,0,0,4,2,10,10,0,0.0643489527099978,0.1976894839127618,1
u_8934,0,0,0,0,0,0,0,0,0.833,1,0,1,1,0,0,1,0,2,2,1,0.0736342042755344,0.1993090045346577,1
u_6007,0,0,0,0,0,0,0,0,1.0,0,0,1,0,0,0,1,1,9,9,0,0.0739581083999136,0.201576333405312,0
u_7183,3,0,3,3,0,3,3,3,1.0,0,1,0,0,0,0,3,4,11,11,0,0.0712589073634204,0.1994169725761174,1
u_5564,0,0,0,0,0,0,0,0,0.667,0,1,0,0,0,0,1,0,0,0,1,0.0684517382854675,0.2020082055711509,0
u_6015,0,0,0,0,0,0,0,0,0.667,0,1,0,0,0,0,1,0,18,18,0,0.0739581083999136,0.1993090045346577,0
u_2610,0,0,0,0,0,0,0,0,0.8,0,0,0,0,0,0,1,0,10,10,0,0.0723385877780177,0.1994169725761174,0
u_8263,0,0,0,0,0,0,0,0,0.706,0,1,1,1,1,1,1,0,14,14,0,0.0739581083999136,0.201576333405312,1
u_27,0,0,0,0,0,0,0,0,0.857,0,0,0,0,0,0,1,1,20,20,0,0.0736342042755344,0.201576333405312,0
u_5307,0,0,0,0,0,0,0,0,0.727,0,0,1,0,1,1,1,0,12,12,0,0.0723385877780177,0.1994169725761174,0
u_7719,1,0,1,0,0,1,0,1,0.778,0,1,1,1,0,0,3,2,16,16,0,0.0709350032390412,0.201576333405312,1
u_422,0,0,0,0,0,0,0,0,0.8,0,1,0,0,0,0,1,0,23,23,0,0.0712589073634204,0.1976894839127618,0
u_3345,0,0,0,0,0,0,0,0,0.8,0,1,0,0,0,0,1,0,12,12,0,0.0755776290218095,0.1993090045346577,0
u_854,0,0,0,0,0,0,0,0,0.762,0,1,0,0,0,0,1,0,7,7,0,0.0712589073634204,0.1976894839127618,0
u_7487,2,0,3,0,0,2,0,3,0.96,0,0,1,1,0,0,4,3,7,7,0,0.0750377888145109,0.2020082055711509,1
u_8215,2,0,5,0,0,2,0,5,0.824,1,0,1,1,0,0,8,2,4,4,1,0.0755776290218095,0.1993090045346577,1
u_9231,4,0,5,4,0,4,4,5,1.0,0,0,0,0,0,0,5,4,4,4,1,0.0730943640682358,0.1994169725761174,1
u_2964,0,0,0,0,0,0,0,0,0.571,0,1,1,0,0,0,1,0,5,5,1,0.0736342042755344,0.1976894839127618,0
u_791,0,0,0,0,0,0,0,0,0.762,0,1,0,0,0,0,1,0,22,22,0,0.0684517382854675,0.2020082055711509,0
u_8538,0,0,0,0,0,0,0,0,0.727,1,0,1,1,0,0,1,0,19,19,0,0.0750377888145109,0.1994169725761174,1
u_9065,0,0,1,1,0,0,1,1,0.727,0,0,1,1,0,0,3,2,1,1,1,0.071798747570719,0.1976894839127618,1
u_5413,0,0,0,0,0,0,0,0,0.75,0,1,0,0,0,0,1,0,13,13,0,0.0712589073634204,0.2020082055711509,0
u_8429,0,0,1,1,1,0,1,1,0.952,0,1,1,0,0,0,3,3,23,23,0,0.0730943640682358,0.201576333405312,1
u_1795,0,0,0,0,0,0,0,0,1.0,0,1,1,0,0,0,1,1,6,6,0,0.0684517382854675,0.201576333405312,0
u_7551,4,0,5,3,0,4,3,5,0.952,0,0,1,0,0,0,6,4,10,10,0,0.0755776290218095,0.201576333405312,1
u_3814,0,0,0,0,0,0,0,0,0.818,0,1,0,0,0,0,1,0,14,14,0,0.0736342042755344,0.1993090045346577,0
u_4075,0,0,0,0,0,0,0,0,0.741,0,0,0,0,0,0,1,0,22,22,0,0.0739581083999136,0.2020082055711509,0
u_7868,1,0,1,0,0,1,0,1,0.8,0,1,0,0,0,0,3,2,5,5,1,0.0739581083999136,0.1993090045346577,1
u_930,0,0,0,0,0,0,0,0,0.762,0,0,0,0,0,0,1,0,8,8,0,0.0684517382854675,0.1976894839127618,0
u_3575,0,0,0,0,0,0,0,0,0.783,0,0,1,0,0,0,1,0,11,11,0,0.0723385877780177,0.1976894839127618,0
u_1920,0,0,0,0,0,0,0,0,1.0,0,1,0,0,0,0,1,1,15,15,0,0.0736342042755344,0.1994169725761174,0
u_32,0,0,0,0,0,0,0,0,0.8,0,1,1,0,0,0,1,0,16,16,0,0.0739581083999136,0.201576333405312,0
u_1714,0,0,0,0,0,0,0,0,0.778,0,1,0,0,0,0,1,0,0,0,1,0.0712589073634204,0.201576333405312,0
u_8283,0,0,0,0,0,0,0,0,0.933,0,0,1,1,0,0,1,1,9,9,0,0.0739581083999136,0.1994169725761174,1
u_8239,2,1,2,1,0,2,1,2,0.706,0,0,0,0,0,0,4,3,20,20,0,0.0709350032390412,0.1994169725761174,1
u_85,0,0,0,0,0,0,0,0,1.0,0,0,0,0,0,0,1,1,0,0,1,0.0674800259123299,0.1993090045346577,0
u_1155,0,0,0,0,0,0,0,0,0.778,0,0,0,0,0,0,1,0,16,16,0,0.0684517382854675,0.1993090045346577,0
u_4814,0,0,0,0,0,0,0,0,0.857,0,1,0,0,0,0,1,1,9,9,0,0.0723385877780177,0.201576333405312,0
u_7182,1,0,1,1,0,1,1,1,0.963,1,0,0,0,0,0,3,4,9,9,0,0.0712589073634204,0.201576333405312,1
u_966,0,0,0,0,0,0,0,0,1.0,0,1,0,0,0,0,1,1,9,9,0,0.0736342042755344,0.201576333405312,0
u_4391,0,0,0,0,0,0,0,0,1.0,0,1,0,0,0,0,1,1,16,16,0,0.0712589073634204,0.201576333405312,0
u_9107,0,0,1,0,0,0,0,1,0.857,1,0,1,1,0,0,3,2,8,8,0,0.0643489527099978,0.201576333405312,1
u_2873,0,0,0,0,0,0,0,0,0.737,0,1,0,0,0,0,1,0,12,12,0,0.071798747570719,0.201576333405312,0
u_8190,0,0,0,0,0,0,0,0,0.9,1,0,1,1,0,0,1,1,16,16,0,0.0755776290218095,0.1993090045346577,1
u_5980,0,0,0,0,0,0,0,0,1.0,0,1,0,0,1,1,1,1,4,4,1,0.0674800259123299,0.2020082055711509,0
u_4983,0,0,0,0,0,0,0,0,0.842,0,1,0,0,0,0,1,0,1,1,1,0.0709350032390412,0.1994169725761174,0
u_7761,0,0,1,1,0,0,1,1,0.941,0,1,1,0,0,0,3,3,14,14,0,0.071798747570719,0.1994169725761174,1
u_1445,0,0,0,0,0,0,0,0,0.778,0,0,0,0,0,0,1,0,21,21,0,0.0739581083999136,0.1976894839127618,0
u_7649,1,0,2,2,0,1,2,2,0.87,0,0,1,1,1,1,4,4,6,6,0,0.071798747570719,0.1994169725761174,1
u_1652,0,0,0,0,0,0,0,0,0.783,0,1,1,0,0,0,1,0,14,14,0,0.0736342042755344,0.2020082055711509,0
u_1897,0,0,0,0,0,0,0,0,0.75,0,1,1,0,0,0,1,0,0,0,1,0.0709350032390412,0.1994169725761174,0
u_5175,0,0,0,0,0,0,0,0,0.762,0,0,0,0,0,0,1,0,18,18,0,0.0739581083999136,0.201576333405312,0
u_874,0,0,0,0,0,0,0,0,0.762,0,1,0,0,0,0,1,0,18,18,0,0.0739581083999136,0.1994169725761174,0
u_3085,0,0,0,0,0,0,0,0,0.727,0,1,0,0,0,0,1,0,9,9,0,0.0739581083999136,0.2020082055711509,0
u_7331,0,0,3,2,0,0,2,3,0.737,0,1,1,0,0,0,4,2,4,4,1,0.0739581083999136,0.1976894839127618,1
u_1083,0,0,0,0,0,0,0,0,0.737,0,0,0,0,0,0,1,0,17,17,0,0.0674800259123299,0.2020082055711509,0
u_6023,0,0,0,0,0,0,0,0,0.8,0,0,0,0,0,0,1,0,2,2,1,0.0750377888145109,0.2020082055711509,0
u_1337,0,0,0,0,0,0,0,0,0.762,0,1,0,0,0,0,1,0,7,7,0,0.0643489527099978,0.1976894839127618,0
u_5259,0,0,0,0,0,0,0,0,0.778,0,0,0,0,0,0,1,0,16,16,0,0.0674800259123299,0.201576333405312,0
u_6134,0,0,0,0,0,0,0,0,0.824,0,1,0,0,0,0,1,0,5,5,1,0.0674800259123299,0.1994169725761174,0
u_1730,0,0,0,0,0,0,0,0,0.706,0,0,0,0,0,0,1,0,16,16,0,0.0750377888145109,0.201576333405312,0
u_4709,0,0,0,0,0,0,0,0,0.778,0,0,1,0,0,0,1,0,16,16,0,0.0739581083999136,0.1994169725761174,0
u_3431,0,0,0,0,0,0,0,0,1.0,0,0,1,0,0,0,1,1,3,3,1,0.0750377888145109,0.1994169725761174,0
u_6740,0,0,1,1,1,0,1,1,0.737,0,1,0,0,0,0,3,2,21,21,0,0.0684517382854675,0.201576333405312,1
u_3862,0,0,0,0,0,0,0,0,0.7,0,0,0,0,0,0,1,0,14,14,0,0.0643489527099978,0.1993090045346577,0
u_8778,3,1,3,0,0,3,0,3,0.941,0,1,1,1,0,0,4,3,19,19,0,0.0712589073634204,0.1994169725761174,1
u_2904,0,0,0,0,0,0,0,0,0.75,0,0,1,0,1,1,1,0,14,14,0,0.0681278341610883,0.201576333405312,0
u_8680,3,3,4,3,0,3,3,4,1.0,1,0,1,1,0,0,5,4,13,13,0,0.0739581083999136,0.201576333405312,1
u_6042,0,0,0,0,0,0,0,0,1.0,0,1,0,0,0,0,1,1,22,22,0,0.0709350032390412,0.1994169725761174,0
u_3357,0,0,0,0,0,0,0,0,0.857,0,1,0,0,0,0,1,1,1,1,1,0.0674800259123299,0.201576333405312,0
u_4248,0,0,0,0,0,0,0,0,1.0,0,1,1,0,0,0,1,1,20,20,0,0.0674800259123299,0.1976894839127618,0
u_5377,0,0,0,0,0,0,0,0,0.762,0,1,0,0,0,0,1,0,0,0,1,0.0674800259123299,0.1993090045346577,0
u_1239,0,0,0,0,0,0,0,0,0.9,0,1,1,0,1,1,1,1,4,4,1,0.0755776290218095,0.2020082055711509,0
u_7432,0,0,2,2,0,0,2,2,1.0,0,0,1,1,0,0,4,3,5,5,1,0.0712589073634204,0.1976894839127618,1
u_5452,0,0,0,0,0,0,0,0,0.7,0,0,0,0,0,0,1,0,11,11,0,0.0674800259123299,0.2020082055711509,0
u_5144,0,0,0,0,0,0,0,0,0.696,0,1,0,0,0,0,1,0,11,11,0,0.0736342042755344,0.201576333405312,0
u_7644,0,0,4,0,0,0,0,4,1.0,1,0,1,1,0,0,6,2,12,12,0,0.0750377888145109,0.1993090045346577,1
u_1267,0,0,0,0,0,0,0,0,0.762,0,0,0,0,0,0,1,0,20,20,0,0.0736342042755344,0.1994169725761174,0
u_7047,1,1,1,0,0,1,0,1,0.818,1,0,0,0,0,0,3,2,10,10,0,0.0739581083999136,0.1976894839127618,1
u_1049,0,0,0,0,0,0,0,0,0.7,0,1,0,0,0,0,1,0,11,11,0,0.0750377888145109,0.1976894839127618,0
u_2381,0,0,0,0,0,0,0,0,0.737,0,0,1,0,0,0,1,0,13,13,0,0.0712589073634204,0.1994169725761174,0
u_4986,0,0,0,0,0,0,0,0,0.75,0,1,0,0,0,0,1,0,4,4,1,0.0730943640682358,0.1994169725761174,0
u_6686,0,2,2,0,0,0,0,2,0.941,1,0,1,1,0,0,4,2,18,18,0,0.0684517382854675,0.1994169725761174,1
u_5057,0,0,0,0,0,0,0,0,0.846,0,1,0,0,0,0,1,0,8,8,0,0.0681278341610883,0.1994169725761174,0
u_6086,0,0,0,0,0,0,0,0,1.0,0,0,0,0,0,0,1,1,9,9,0,0.0750377888145109,0.1976894839127618,0
u_7254,0,0,1,1,1,0,1,1,0.8,1,0,1,1,0,0,3,2,2,2,1,0.0736342042755344,0.201576333405312,1
u_8088,0,0,1,1,0,0,1,1,0.727,1,0,1,0,0,0,3,2,3,3,1,0.0709350032390412,0.1976894839127618,1
u_1824,0,0,0,0,0,0,0,0,0.857,0,1,1,0,0,0,1,1,0,0,1,0.0750377888145109,0.2020082055711509,0
u_5549,0,0,0,0,0,0,0,0,0.923,0,1,0,0,0,0,1,1,14,14,0,0.0684517382854675,0.1976894839127618,0
u_2271,0,0,0,0,0,0,0,0,0.75,0,1,0,0,0,0,1,0,17,17,0,0.0709350032390412,0.1994169725761174,0
u_5420,0,0,0,0,0,0,0,0,0.917,0,0,0,0,0,0,1,1,18,18,0,0.0739581083999136,0.201576333405312,0
u_2717,0,0,0,0,0,0,0,0,1.0,0,1,0,0,0,0,1,1,16,16,0,0.0684517382854675,0.201576333405312,0
u_2157,0,0,0,0,0,0,0,0,0.833,0,1,0,0,0,0,1,0,2,2,1,0.0739581083999136,0.1994169725761174,0
u_6903,0,0,0,0,0,0,0,0,0.857,0,1,0,0,0,0,1,1,11,11,0,0.0750377888145109,0.1976894839127618,1
u_578,0,0,0,0,0,0,0,0,0.727,0,0,1,0,0,0,1,0,8,8,0,0.0736342042755344,0.2020082055711509,0
u_8848,0,0,0,0,0,0,0,0,0.818,0,1,1,0,0,0,1,0,19,19,0,0.0750377888145109,0.1994169725761174,1
u_6653,0,0,0,0,0,0,0,0,0.8,1,0,1,1,0,0,1,0,8,8,0,0.0755776290218095,0.1993090045346577,1
u_1002,0,0,0,0,0,0,0,0,0.769,0,1,0,0,0,0,1,0,12,12,0,0.0750377888145109,0.1976894839127618,0
u_4841,0,0,0,0,0,0,0,0,0.696,0,1,1,0,0,0,1,0,9,9,0,0.0739581083999136,0.1994169725761174,0
u_7804,0,0,3,2,0,0,2,3,0.8,0,1,1,1,0,0,4,2,1,1,1,0.0643489527099978,0.1976894839127618,1
u_2559,0,0,0,0,0,0,0,0,0.737,0,0,1,0,0,0,1,0,4,4,1,0.071798747570719,0.1994169725761174,0
u_3408,0,0,0,0,0,0,0,0,0.8,0,1,0,0,0,0,1,0,17,17,0,0.0739581083999136,0.1994169725761174,0
u_4298,0,0,0,0,0,0,0,0,0.8,0,1,0,0,0,0,1,0,12,12,0,0.0709350032390412,0.1976894839127618,0
u_3056,0,0,0,0,0,0,0,0,0.786,0,1,0,0,0,0,1,0,8,8,0,0.0684517382854675,0.1994169725761174,0
u_7417,1,0,2,0,0,1,0,2,0.8,1,0,0,0,0,0,4,2,17,17,0,0.0712589073634204,0.1993090045346577,1
u_3802,0,0,0,0,0,0,0,0,0.667,0,0,1,0,0,0,1,0,22,22,0,0.0750377888145109,0.1993090045346577,0
u_4465,0,0,0,0,0,0,0,0,0.783,0,1,0,0,0,0,1,0,22,22,0,0.0723385877780177,0.201576333405312,0
u_1673,0,0,0,0,0,0,0,0,0.933,0,0,0,0,0,0,1,1,19,19,0,0.0739581083999136,0.1976894839127618,0
u_1065,0,0,0,0,0,0,0,0,0.75,0,1,0,0,0,0,1,0,15,15,0,0.0681278341610883,0.1994169725761174,0
u_5291,0,0,0,0,0,0,0,0,0.706,0,1,0,0,0,0,1,0,10,10,0,0.0709350032390412,0.1976894839127618,0
u_4675,0,0,0,0,0,0,0,0,0.727,0,1,1,0,0,0,1,0,17,17,0,0.0750377888145109,0.2020082055711509,0
u_7917,3,1,5,3,0,3,3,5,1.0,0,0,1,0,0,0,7,4,6,6,0,0.0750377888145109,0.2020082055711509,1
u_50,0,0,0,0,0,0,0,0,0.7,0,1,0,0,0,0,1,0,21,21,0,0.0674800259123299,0.1994169725761174,0
u_1813,0,0,0,0,0,0,0,0,0.759,0,1,0,0,0,0,1,0,18,18,0,0.0755776290218095,0.1993090045346577,0
u_2202,0,0,0,0,0,0,0,0,0.667,0,1,0,0,0,0,1,0,17,17,0,0.0709350032390412,0.1993090045346577,0
u_4530,0,0,0,0,0,0,0,0,0.762,0,1,1,0,0,0,1,0,12,12,0,0.071798747570719,0.201576333405312,0
u_3040,0,0,0,0,0,0,0,0,0.7,0,0,0,0,0,0,1,0,23,23,0,0.071798747570719,0.2020082055711509,0
u_8672,4,0,4,2,0,4,2,4,0.952,1,0,1,1,0,0,5,4,4,4,1,0.0674800259123299,0.201576333405312,1
u_4735,0,0,0,0,0,0,0,0,0.7,0,0,1,0,0,0,1,0,21,21,0,0.0712589073634204,0.201576333405312,0
u_3753,0,0,0,0,0,0,0,0,0.737,0,1,0,0,0,0,1,0,0,0,1,0.0684517382854675,0.2020082055711509,0
u_742,0,0,0,0,0,0,0,0,0.75,0,1,1,0,0,0,1,0,11,11,0,0.0730943640682358,0.2020082055711509,0
u_4264,0,0,0,0,0,0,0,0,0.783,0,1,0,0,0,0,1,0,20,20,0,0.0712589073634204,0.1994169725761174,0
u_9116,2,0,2,0,0,2,0,2,0.778,1,0,1,1,0,0,4,2,14,14,0,0.0739581083999136,0.1976894839127618,1
u_7996,0,0,0,0,0,0,0,0,0.8,1,0,1,0,0,0,1,0,10,10,0,0.0712589073634204,0.1994169725761174,1
u_6316,0,0,0,0,0,0,0,0,0.9,0,0,0,0,0,0,1,1,3,3,1,0.0681278341610883,0.1976894839127618,0
u_4152,0,0,0,0,0,0,0,0,0.762,0,0,1,0,0,0,1,0,5,5,1,0.0709350032390412,0.1994169725761174,0
u_7611,0,0,0,0,0,0,0,0,0.75,0,1,1,0,0,0,1,0,11,11,0,0.0709350032390412,0.1994169725761174,1
u_387,0,0,0,0,0,0,0,0,0.8,0,0,1,0,0,0,1,0,9,9,0,0.071798747570719,0.201576333405312,0
u_4728,0,0,0,0,0,0,0,0,0.727,0,0,0,0,0,0,1,0,5,5,1,0.0739581083999136,0.1993090045346577,0
u_735,0,0,0,0,0,0,0,0,0.727,0,1,0,0,0,0,1,0,11,11,0,0.0723385877780177,0.1976894839127618,0
u_8500,2,0,4,0,0,2,0,4,1.0,0,1,1,0,0,0,6,3,7,7,0,0.0709350032390412,0.2020082055711509,1
u_2606,0,0,0,0,0,0,0,0,0.783,0,1,0,0,0,0,1,0,7,7,0,0.071798747570719,0.1993090045346577,0
u_3327,0,0,0,0,0,0,0,0,0.667,0,1,0,0,0,0,1,0,4,4,1,0.0739581083999136,0.1993090045346577,0
u_62,0,0,0,0,0,0,0,0,0.818,0,1,0,0,0,0,1,0,14,14,0,0.0709350032390412,0.1976894839127618,0
u_467,0,0,0,0,0,0,0,0,0.778,0,1,0,0,0,0,1,0,17,17,0,0.0750377888145109,0.1993090045346577,0
u_4417,0,0,0,0,0,0,0,0,1.0,0,1,0,0,0,0,1,1,12,12,0,0.0723385877780177,0.1993090045346577,0
u_2976,0,0,0,0,0,0,0,0,0.783,0,1,0,0,0,0,1,0,4,4,1,0.0750377888145109,0.1994169725761174,0
u_8402,2,0,2,0,0,2,0,2,0.727,0,1,1,1,0,0,4,2,4,4,1,0.0750377888145109,0.2020082055711509,1
u_996,0,0,0,0,0,0,0,0,0.7,0,1,0,0,0,0,1,0,1,1,1,0.0750377888145109,0.2020082055711509,0
u_4474,0,0,0,0,0,0,0,0,0.783,0,0,1,0,0,0,1,0,3,3,1,0.0730943640682358,0.201576333405312,0
u_6156,0,0,0,0,0,0,0,0,0.72,0,1,0,0,0,0,1,0,9,9,0,0.0684517382854675,0.201576333405312,0
u_2488,0,0,0,0,0,0,0,0,1.0,0,1,0,0,0,0,1,1,12,12,0,0.0684517382854675,0.1976894839127618,0
u_9021,0,0,0,0,0,0,0,0,0.72,0,0,0,0,0,0,1,0,18,18,0,0.0739581083999136,0.1993090045346577,1
u_6411,0,0,0,0,0,0,0,0,0.7,0,0,0,0,0,0,1,0,4,4,1,0.0712589073634204,0.201576333405312,0
u_3933,0,0,0,0,0,0,0,0,1.0,0,1,1,0,0,0,1,1,22,22,0,0.0739581083999136,0.201576333405312,0
u_9090,2,3,3,0,0,2,0,3,1.0,1,0,0,0,0,0,5,3,1,1,1,0.0750377888145109,0.2020082055711509,1
u_3914,0,0,0,0,0,0,0,0,0.727,0,1,0,0,0,0,1,0,4,4,1,0.0681278341610883,0.1994169725761174,0
u_7984,0,0,0,0,0,0,0,0,1.0,0,0,1,1,0,0,1,1,9,9,0,0.0709350032390412,0.201576333405312,1
u_5496,0,0,0,0,0,0,0,0,0.75,0,1,0,0,0,0,1,0,16,16,0,0.0739581083999136,0.1976894839127618,0
u_2095,0,0,0,0,0,0,0,0,0.727,0,1,0,0,0,0,1,0,12,12,0,0.0730943640682358,0.1976894839127618,0
u_408,0,0,0,0,0,0,0,0,0.778,0,0,1,0,0,0,1,0,5,5,1,0.0730943640682358,0.1976894839127618,0
u_3744,0,0,0,0,0,0,0,0,0.762,0,0,0,0,0,0,1,0,3,3,1,0.0755776290218095,0.2020082055711509,0
u_1103,0,0,0,0,0,0,0,0,1.0,0,1,0,0,0,0,1,1,11,11,0,0.071798747570719,0.1993090045346577,0
u_511,0,0,0,0,0,0,0,0,0.88,0,0,0,0,0,0,1,1,4,4,1,0.071798747570719,0.1976894839127618,0
u_4348,0,0,0,0,0,0,0,0,0.8,0,0,0,0,0,0,1,0,20,20,0,0.0755776290218095,0.1993090045346577,0
u_7248,1,1,2,2,1,1,2,2,0.818,0,1,1,1,0,0,4,3,4,4,1,0.0709350032390412,0.201576333405312,1
u_5742,0,0,0,0,0,0,0,0,0.9,0,1,1,0,0,0,1,1,10,10,0,0.0723385877780177,0.2020082055711509,0
u_6691,2,1,3,0,0,2,0,3,0.957,1,0,1,1,1,1,5,3,9,9,0,0.0739581083999136,0.1976894839127618,1
u_5784,0,0,0,0,0,0,0,0,0.706,0,1,1,0,0,0,1,0,18,18,0,0.0736342042755344,0.2020082055711509,0
u_5021,0,0,0,0,0,0,0,0,0.727,0,0,1,0,0,0,1,0,14,14,0,0.0739581083999136,0.1993090045346577,0
u_8923,0,0,0,0,0,0,0,0,0.7,0,1,0,0,0,0,1,0,13,13,0,0.0712589073634204,0.1976894839127618,1
u_439,0,0,0,0,0,0,0,0,0.783,0,0,0,0,0,0,1,0,17,17,0,0.0712589073634204,0.1994169725761174,0
u_7614,2,1,4,0,0,2,0,4,1.0,0,1,1,0,0,0,6,3,15,15,0,0.0709350032390412,0.201576333405312,1
u_2121,0,0,0,0,0,0,0,0,0.833,0,0,1,0,0,0,1,0,23,23,0,0.0712589073634204,0.1994169725761174,0
u_6582,0,0,0,0,0,0,0,0,0.875,1,0,0,0,0,0,1,1,20,20,0,0.0736342042755344,0.1994169725761174,1
u_4043,0,0,0,0,0,0,0,0,0.783,0,0,0,0,0,0,1,0,23,23,0,0.0730943640682358,0.201576333405312,0
u_7725,0,0,0,0,0,0,0,0,0.818,1,0,1,1,0,0,1,0,6,6,0,0.0723385877780177,0.2020082055711509,1
u_8757,2,0,2,1,0,2,1,2,1.0,1,0,0,0,0,0,4,4,14,14,0,0.0674800259123299,0.201576333405312,1
u_3630,0,0,0,0,0,0,0,0,0.941,0,1,1,0,0,0,1,1,16,16,0,0.0681278341610883,0.201576333405312,0
u_4780,0,0,0,0,0,0,0,0,0.8,0,0,0,0,0,0,1,0,21,21,0,0.0709350032390412,0.1976894839127618,0
u_7880,0,0,0,0,0,0,0,0,0.75,0,1,1,0,0,0,1,0,17,17,0,0.0709350032390412,0.1994169725761174,1
u_6826,4,0,4,2,1,4,2,4,0.875,0,1,1,1,0,0,5,4,7,7,0,0.0674800259123299,0.201576333405312,1
u_6666,0,0,0,0,0,0,0,0,0.824,1,0,1,1,0,0,1,0,12,12,0,0.0681278341610883,0.2020082055711509,1
u_464,0,0,0,0,0,0,0,0,0.96,0,1,0,0,1,1,1,1,10,10,0,0.0643489527099978,0.1976894839127618,0
u_1749,0,0,0,0,0,0,0,0,1.0,0,1,0,0,0,0,1,1,17,17,0,0.0730943640682358,0.2020082055711509,0
u_8160,2,0,2,2,1,2,2,2,0.857,1,0,1,1,0,0,3,4,6,6,0,0.0709350032390412,0.1994169725761174,1
u_1326,0,0,0,0,0,0,0,0,0.9,0,1,1,0,0,0,1,1,21,21,0,0.071798747570719,0.201576333405312,0
u_4910,0,0,0,0,0,0,0,0,0.818,0,0,0,0,0,0,1,0,0,0,1,0.071798747570719,0.1993090045346577,0
u_4302,0,0,0,0,0,0,0,0,0.737,0,1,1,0,0,0,1,0,9,9,0,0.0681278341610883,0.2020082055711509,0
u_5139,0,0,0,0,0,0,0,0,0.783,0,0,1,0,0,0,1,0,5,5,1,0.0643489527099978,0.1976894839127618,0
u_4761,0,0,0,0,0,0,0,0,0.889,0,1,0,0,0,0,1,1,8,8,0,0.0723385877780177,0.1993090045346577,0
u_6759,0,0,0,0,0,0,0,0,0.72,1,0,1,1,0,0,1,0,2,2,1,0.0739581083999136,0.1993090045346577,1
u_24,0,0,0,0,0,0,0,0,0.818,0,1,0,0,0,0,1,0,13,13,0,0.0736342042755344,0.201576333405312,0
u_5098,0,0,0,0,0,0,0,0,0.667,0,0,0,0,0,0,1,0,1,1,1,0.0730943640682358,0.2020082055711509,0
u_5315,0,0,0,0,0,0,0,0,0.8,0,0,1,0,0,0,1,0,16,16,0,0.0736342042755344,0.1994169725761174,0
u_3364,0,0,0,0,0,0,0,0,0.667,0,0,0,0,0,0,1,0,1,1,1,0.0755776290218095,0.1994169725761174,0
u_2284,0,0,0,0,0,0,0,0,0.762,0,1,0,0,0,0,1,0,10,10,0,0.0739581083999136,0.1993090045346577,0
u_5795,0,0,0,0,0,0,0,0,0.762,0,0,1,0,0,0,1,0,1,1,1,0.0684517382854675,0.1993090045346577,0
u_6894,0,0,1,0,0,0,0,1,0.643,0,1,1,1,0,0,3,1,16,16,0,0.0736342042755344,0.201576333405312,1
u_5652,0,0,0,0,0,0,0,0,0.667,0,1,0,0,0,0,1,0,7,7,0,0.0723385877780177,0.201576333405312,0
u_2129,0,0,0,0,0,0,0,0,0.875,0,1,1,0,0,0,1,1,6,6,0,0.0712589073634204,0.1994169725761174,0
u_2547,0,0,0,0,0,0,0,0,0.737,0,1,1,0,0,0,1,0,23,23,0,0.0643489527099978,0.201576333405312,0
u_1296,0,0,0,0,0,0,0,0,0.696,0,1,1,0,0,0,1,0,8,8,0,0.071798747570719,0.1976894839127618,0
u_3847,0,0,0,0,0,0,0,0,0.783,0,1,1,0,0,0,1,0,7,7,0,0.0750377888145109,0.1993090045346577,0
u_5421,0,0,0,0,0,0,0,0,0.769,0,1,0,0,0,0,1,0,14,14,0,0.0750377888145109,0.201576333405312,0
u_8884,3,0,4,3,0,3,3,4,1.0,1,0,1,0,0,0,5,4,12,12,0,0.0730943640682358,0.201576333405312,1
u_6881,0,0,0,0,0,0,0,0,0.963,1,0,1,1,1,1,1,1,18,18,0,0.0736342042755344,0.1993090045346577,1
u_1311,0,0,0,0,0,0,0,0,0.75,0,1,1,0,0,0,1,0,1,1,1,0.0736342042755344,0.2020082055711509,0
u_33,0,0,0,0,0,0,0,0,0.9,0,1,1,0,0,0,1,1,4,4,1,0.0736342042755344,0.201576333405312,0
u_3483,0,0,0,0,0,0,0,0,1.0,0,0,0,0,0,0,1,1,4,4,1,0.0750377888145109,0.1993090045346577,0
u_2887,0,0,0,0,0,0,0,0,0.833,0,1,0,0,0,0,1,0,23,23,0,0.0709350032390412,0.2020082055711509,0
u_2265,0,0,0,0,0,0,0,0,0.7,0,1,0,0,0,0,1,0,5,5,1,0.0712589073634204,0.1976894839127618,0
u_5487,0,0,0,0,0,0,0,0,0.75,0,1,1,0,0,0,1,0,11,11,0,0.0730943640682358,0.1993090045346577,0
u_4778,0,0,0,0,0,0,0,0,0.783,0,0,0,0,0,0,1,0,19,19,0,0.0750377888145109,0.1993090045346577,0
u_7394,3,0,4,2,0,3,2,4,1.0,1,0,1,1,0,0,6,4,12,12,0,0.0739581083999136,0.1993090045346577,1
u_3780,0,0,0,0,0,0,0,0,0.667,0,1,0,0,0,0,1,0,17,17,0,0.0643489527099978,0.1976894839127618,0
u_1111,0,0,0,0,0,0,0,0,0.87,0,0,0,0,0,0,1,1,17,17,0,0.071798747570719,0.2020082055711509,0
u_8904,1,1,1,1,1,1,1,1,1.0,1,0,1,1,0,0,3,4,22,22,0,0.0709350032390412,0.201576333405312,1
u_2860,0,0,0,0,0,0,0,0,0.727,0,0,0,0,1,1,1,0,4,4,1,0.0681278341610883,0.1993090045346577,0
u_683,0,0,0,0,0,0,0,0,0.8,0,0,1,0,0,0,1,0,6,6,0,0.0712589073634204,0.1976894839127618,0
u_608,0,0,0,0,0,0,0,0,0.75,0,1,0,0,0,0,1,0,15,15,0,0.0723385877780177,0.1976894839127618,0
u_865,0,0,0,0,0,0,0,0,1.0,0,1,0,0,0,0,1,1,15,15,0,0.0739581083999136,0.1993090045346577,0
u_5332,0,0,0,0,0,0,0,0,0.783,0,1,1,0,0,0,1,0,14,14,0,0.0681278341610883,0.2020082055711509,0
u_4584,0,0,0,0,0,0,0,0,0.737,0,1,1,0,0,0,1,0,1,1,1,0.0712589073634204,0.1976894839127618,0
u_7223,1,0,1,1,0,1,1,1,0.957,1,0,1,1,1,1,3,4,13,13,0,0.0730943640682358,0.201576333405312,1
u_2719,0,0,0,0,0,0,0,0,0.75,0,0,0,0,0,0,1,0,16,16,0,0.0681278341610883,0.2020082055711509,0
u_5948,0,0,0,0,0,0,0,0,0.778,0,0,0,0,0,0,1,0,16,16,0,0.0755776290218095,0.1976894839127618,0
u_2859,0,0,0,0,0,0,0,0,0.769,0,1,0,0,0,0,1,0,21,21,0,0.0712589073634204,0.1993090045346577,0
u_8095,0,1,2,2,0,0,2,2,0.696,0,1,1,1,0,0,3,2,12,12,0,0.0750377888145109,0.1993090045346577,1
u_4242,0,0,0,0,0,0,0,0,0.72,0,0,1,0,0,0,1,0,11,11,0,0.0709350032390412,0.1993090045346577,0
u_1493,0,0,0,0,0,0,0,0,0.824,0,1,0,0,0,0,1,0,1,1,1,0.0723385877780177,0.1994169725761174,0
u_6654,1,0,1,1,1,1,1,1,1.0,0,1,1,0,1,1,3,4,8,8,0,0.0723385877780177,0.1993090045346577,1
u_7329,2,0,2,1,1,2,1,2,0.857,0,1,0,0,0,0,4,4,3,3,1,0.0739581083999136,0.1994169725761174,1
u_1231,0,0,0,0,0,0,0,0,0.769,0,1,0,0,0,0,1,0,9,9,0,0.0712589073634204,0.2020082055711509,0
u_1442,0,0,0,0,0,0,0,0,0.727,0,0,0,0,0,0,1,0,8,8,0,0.071798747570719,0.201576333405312,0
u_4502,0,0,0,0,0,0,0,0,0.769,0,0,0,0,0,0,1,0,15,15,0,0.0681278341610883,0.1976894839127618,0
u_2916,0,0,0,0,0,0,0,0,0.8,0,1,1,0,0,0,1,0,7,7,0,0.0684517382854675,0.1994169725761174,0
u_699,0,0,0,0,0,0,0,0,0.737,0,0,0,0,0,0,1,0,20,20,0,0.0712589073634204,0.201576333405312,0
u_5119,0,0,0,0,0,0,0,0,0.8,0,1,0,0,0,0,1,0,15,15,0,0.0684517382854675,0.1994169725761174,0
u_1685,0,0,0,0,0,0,0,0,0.9,0,1,0,0,0,0,1,1,9,9,0,0.0755776290218095,0.201576333405312,0
u_8594,0,0,1,0,0,0,0,1,1.0,0,0,1,1,0,0,3,2,6,6,0,0.0730943640682358,0.1994169725761174,1
u_8701,0,0,0,0,0,0,0,0,0.667,1,0,1,0,0,0,1,0,10,10,0,0.0681278341610883,0.2020082055711509,1
u_4178,0,0,0,0,0,0,0,0,0.8,0,1,0,0,0,0,1,0,21,21,0,0.0736342042755344,0.1976894839127618,0
u_4871,0,0,0,0,0,0,0,0,0.759,0,0,0,0,0,0,1,0,19,19,0,0.071798747570719,0.2020082055711509,0
u_3102,0,0,0,0,0,0,0,0,0.824,0,0,1,0,0,0,1,0,4,4,1,0.0739581083999136,0.2020082055711509,0
u_7265,0,0,0,0,0,0,0,0,0.737,0,1,1,1,0,0,1,0,0,0,1,0.0684517382854675,0.2020082055711509,1
u_1924,0,0,0,0,0,0,0,0,0.7,0,1,0,0,0,0,1,0,5,5,1,0.0730943640682358,0.2020082055711509,0
u_1905,0,0,0,0,0,0,0,0,1.0,0,1,1,0,0,0,1,1,8,8,0,0.0684517382854675,0.1994169725761174,0
u_3472,0,0,0,0,0,0,0,0,0.87,0,1,0,0,0,0,1,1,15,15,0,0.0643489527099978,0.1993090045346577,0
u_829,0,0,0,0,0,0,0,0,0.786,0,0,0,0,0,0,1,0,1,1,1,0.0674800259123299,0.1976894839127618,0
u_2168,0,0,0,0,0,0,0,0,0.8,0,0,0,0,0,0,1,0,16,16,0,0.0681278341610883,0.1994169725761174,0
u_6566,0,0,0,0,0,0,0,0,0.8,0,1,1,1,1,1,1,0,1,1,1,0.0750377888145109,0.201576333405312,1
u_8418,0,0,0,0,0,0,0,0,0.72,0,1,1,0,0,0,1,0,10,10,0,0.0750377888145109,0.201576333405312,1
u_5125,0,0,0,0,0,0,0,0,0.7,0,0,0,0,0,0,1,0,13,13,0,0.0750377888145109,0.1976894839127618,0
u_4044,0,0,0,0,0,0,0,0,0.741,0,1,0,0,0,0,1,0,1,1,1,0.0684517382854675,0.1994169725761174,0
u_7808,1,0,3,2,0,1,2,3,1.0,0,0,1,1,1,1,6,4,6,6,0,0.0709350032390412,0.1993090045346577,1
u_2788,0,0,0,0,0,0,0,0,0.889,0,1,0,0,0,0,1,1,17,17,0,0.0750377888145109,0.2020082055711509,0
u_9098,0,2,3,2,0,0,2,3,1.0,1,0,1,1,0,0,5,3,15,15,0,0.0684517382854675,0.1993090045346577,1
u_8018,1,0,2,2,1,1,2,2,0.952,1,0,1,0,0,0,4,4,21,21,0,0.0709350032390412,0.1993090045346577,1
u_7376,0,0,1,0,0,0,0,1,0.957,1,0,1,1,0,0,3,2,5,5,1,0.0684517382854675,0.2020082055711509,1
u_7177,0,0,2,0,0,0,0,2,0.7,0,0,1,0,0,0,5,1,1,1,1,0.071798747570719,0.2020082055711509,1
u_5213,0,0,0,0,0,0,0,0,0.727,0,0,0,0,0,0,1,0,8,8,0,0.0674800259123299,0.1976894839127618,0
u_1990,0,0,0,0,0,0,0,0,0.818,0,0,1,0,0,0,1,0,8,8,0,0.0736342042755344,0.1993090045346577,0
u_8075,0,0,3,3,1,0,3,3,1.0,1,0,1,1,0,0,4,3,5,5,1,0.0684517382854675,0.201576333405312,1
u_2535,0,0,0,0,0,0,0,0,0.842,0,1,0,0,0,0,1,0,20,20,0,0.071798747570719,0.1976894839127618,0
u_8061,0,0,0,0,0,0,0,0,0.7,0,0,0,0,0,0,1,0,7,7,0,0.0723385877780177,0.2020082055711509,1
u_3317,0,0,0,0,0,0,0,0,1.0,0,1,0,0,0,0,1,1,19,19,0,0.0684517382854675,0.1994169725761174,0
u_3493,0,0,0,0,0,0,0,0,0.933,0,1,1,0,0,0,1,1,1,1,1,0.0684517382854675,0.1994169725761174,0
u_7135,3,1,3,3,0,3,3,3,1.0,1,0,1,1,0,0,3,4,21,21,0,0.0739581083999136,0.1993090045346577,1
u_4806,0,0,0,0,0,0,0,0,1.0,0,0,1,0,0,0,1,1,9,9,0,0.0712589073634204,0.1976894839127618,0
u_2634,0,0,0,0,0,0,0,0,0.75,0,1,1,0,0,0,1,0,6,6,0,0.071798747570719,0.1994169725761174,0
u_5094,0,0,0,0,0,0,0,0,0.778,0,0,1,0,0,0,1,0,15,15,0,0.0643489527099978,0.201576333405312,0
u_2353,0,0,0,0,0,0,0,0,0.72,0,1,0,0,0,0,1,0,17,17,0,0.0684517382854675,0.201576333405312,0
u_4006,0,0,0,0,0,0,0,0,0.88,0,0,0,0,0,0,1,1,10,10,0,0.0739581083999136,0.1994169725761174,0
u_7586,1,0,1,0,0,1,0,1,0.8,1,0,1,1,1,1,3,2,14,14,0,0.0681278341610883,0.1994169725761174,1
u_3791,0,0,0,0,0,0,0,0,0.783,0,1,0,0,0,0,1,0,20,20,0,0.0684517382854675,0.1994169725761174,0
u_8462,0,0,0,0,0,0,0,0,0.833,0,1,1,0,0,0,1,0,5,5,1,0.0709350032390412,0.2020082055711509,1
u_5597,0,0,0,0,0,0,0,0,0.952,0,1,1,0,0,0,1,1,15,15,0,0.0739581083999136,0.201576333405312,0
u_7654,1,0,1,0,0,1,0,1,0.9,0,0,0,0,0,0,3,3,18,18,0,0.0739581083999136,0.1994169725761174,1
u_3156,0,0,0,0,0,0,0,0,0.783,0,0,0,0,0,0,1,0,1,1,1,0.071798747570719,0.1994169725761174,0
u_4638,0,0,0,0,0,0,0,0,0.583,0,0,1,0,0,0,1,0,7,7,0,0.0739581083999136,0.1993090045346577,0
u_4272,0,0,0,0,0,0,0,0,0.857,0,0,1,0,0,0,1,1,7,7,0,0.071798747570719,0.2020082055711509,0
u_7980,3,0,3,2,1,3,2,3,1.0,1,0,1,1,0,0,4,4,23,23,0,0.0730943640682358,0.201576333405312,1
u_795,0,0,0,0,0,0,0,0,0.8,0,1,1,0,0,0,1,0,3,3,1,0.0674800259123299,0.1994169725761174,0
u_128,0,0,0,0,0,0,0,0,0.833,0,1,1,0,0,0,1,0,7,7,0,0.0643489527099978,0.2020082055711509,0
u_9218,1,0,1,1,1,1,1,1,0.727,1,0,1,1,0,0,3,3,1,1,1,0.0684517382854675,0.1993090045346577,1
u_4191,0,0,0,0,0,0,0,0,0.75,0,1,0,0,0,0,1,0,23,23,0,0.0684517382854675,0.201576333405312,0
u_4363,0,0,0,0,0,0,0,0,0.933,0,1,0,0,0,0,1,1,6,6,0,0.0684517382854675,0.1993090045346577,0
u_3794,0,0,0,0,0,0,0,0,0.815,0,1,0,0,0,0,1,0,13,13,0,0.0709350032390412,0.1993090045346577,0
u_8929,2,1,4,3,1,2,3,4,1.0,1,0,1,0,0,0,6,4,20,20,0,0.0739581083999136,0.201576333405312,1
u_491,0,0,0,0,0,0,0,0,0.667,0,1,0,0,0,0,1,0,17,17,0,0.0739581083999136,0.1994169725761174,0
u_5372,0,0,0,0,0,0,0,0,0.842,0,1,0,0,0,0,1,0,9,9,0,0.0736342042755344,0.1994169725761174,0
u_8026,2,0,3,1,0,2,1,3,0.737,0,1,1,1,0,0,6,3,15,15,0,0.0709350032390412,0.201576333405312,1
u_8666,2,0,2,0,0,2,0,2,1.0,0,1,1,0,0,0,3,3,2,2,1,0.0739581083999136,0.1994169725761174,1
u_8773,0,0,3,3,0,0,3,3,1.0,1,0,1,1,0,0,4,3,10,10,0,0.0739581083999136,0.201576333405312,1
u_214,0,0,0,0,0,0,0,0,0.8,0,1,0,0,0,0,1,0,2,2,1,0.071798747570719,0.1993090045346577,0
u_6951,1,0,2,2,0,1,2,2,1.0,0,0,0,0,0,0,4,4,23,23,0,0.0684517382854675,0.1976894839127618,1
u_4466,0,0,0,0,0,0,0,0,0.933,0,1,1,0,0,0,1,1,22,22,0,0.0739581083999136,0.1976894839127618,0
u_6215,0,0,0,0,0,0,0,0,0.727,0,0,0,0,0,0,1,0,5,5,1,0.0723385877780177,0.1976894839127618,0
u_1592,0,0,0,0,0,0,0,0,0.824,0,0,0,0,0,0,1,0,9,9,0,0.0674800259123299,0.1994169725761174,0
u_384,0,0,0,0,0,0,0,0,0.762,0,0,1,0,0,0,1,0,9,9,0,0.0712589073634204,0.1976894839127618,0
u_4351,0,0,0,0,0,0,0,0,0.957,0,0,0,0,0,0,1,1,21,21,0,0.0736342042755344,0.1994169725761174,0
u_5246,0,0,0,0,0,0,0,0,0.824,0,1,1,0,0,0,1,0,18,18,0,0.0736342042755344,0.1994169725761174,0
u_1025,0,0,0,0,0,0,0,0,0.778,0,1,0,0,0,0,1,0,2,2,1,0.0755776290218095,0.1994169725761174,0
u_6783,0,0,5,3,0,0,3,5,0.957,1,0,0,0,0,0,5,3,22,22,0,0.0674800259123299,0.2020082055711509,1
u_6119,0,0,0,0,0,0,0,0,0.833,0,1,1,0,0,0,1,0,23,23,0,0.0750377888145109,0.1976894839127618,0
u_6238,0,0,0,0,0,0,0,0,0.727,0,1,0,0,0,0,1,0,0,0,1,0.0739581083999136,0.1994169725761174,0
u_4558,0,0,0,0,0,0,0,0,0.846,0,0,0,0,0,0,1,0,20,20,0,0.0739581083999136,0.1976894839127618,0
u_7517,2,0,3,0,0,2,0,3,1.0,0,0,1,1,0,0,5,3,22,22,0,0.0750377888145109,0.1976894839127618,1
u_5886,0,0,0,0,0,0,0,0,0.818,0,1,1,0,0,0,1,0,16,16,0,0.0730943640682358,0.1994169725761174,0
u_4723,0,0,0,0,0,0,0,0,0.818,0,0,1,0,0,0,1,0,1,1,1,0.0730943640682358,0.1993090045346577,0
u_5016,0,0,0,0,0,0,0,0,0.727,0,0,0,0,0,0,1,0,23,23,0,0.0712589073634204,0.1976894839127618,0
u_4345,0,0,0,0,0,0,0,0,0.706,0,1,0,0,0,0,1,0,0,0,1,0.0750377888145109,0.1994169725761174,0
u_3649,0,0,0,0,0,0,0,0,0.933,0,1,0,0,0,0,1,1,6,6,0,0.0730943640682358,0.1993090045346577,0
u_3016,0,0,0,0,0,0,0,0,0.889,0,1,1,0,0,0,1,1,15,15,0,0.0684517382854675,0.1993090045346577,0
u_773,0,0,0,0,0,0,0,0,0.8,0,1,0,0,0,0,1,0,5,5,1,0.0739581083999136,0.1993090045346577,0
u_1487,0,0,0,0,0,0,0,0,1.0,0,1,0,0,0,0,1,1,17,17,0,0.0755776290218095,0.201576333405312,0
u_5572,0,0,0,0,0,0,0,0,0.75,0,1,1,0,0,0,1,0,11,11,0,0.0739581083999136,0.1994169725761174,0
u_4640,0,0,0,0,0,0,0,0,0.818,0,1,0,0,0,0,1,0,20,20,0,0.0684517382854675,0.1994169725761174,0
u_5151,0,0,0,0,0,0,0,0,0.778,0,1,1,0,0,0,1,0,11,11,0,0.071798747570719,0.2020082055711509,0
u_6009,0,0,0,0,0,0,0,0,0.762,0,1,1,0,0,0,1,0,22,22,0,0.0730943640682358,0.1976894839127618,0
u_1261,0,0,0,0,0,0,0,0,0.842,0,1,0,0,0,0,1,0,11,11,0,0.071798747570719,0.1993090045346577,0
u_9241,2,0,2,2,0,2,2,2,0.933,1,0,1,1,0,0,3,4,23,23,0,0.0736342042755344,0.201576333405312,1
u_1886,0,0,0,0,0,0,0,0,0.783,0,0,1,0,0,0,1,0,4,4,1,0.0730943640682358,0.201576333405312,0
u_8011,2,0,2,0,0,2,0,2,0.957,0,1,1,1,0,0,3,3,5,5,1,0.0712589073634204,0.2020082055711509,1
u_8092,2,0,2,0,0,2,0,2,1.0,1,0,1,0,1,1,4,3,1,1,1,0.0723385877780177,0.1993090045346577,1
u_6167,0,0,0,0,0,0,0,0,0.8,0,0,1,0,0,0,1,0,9,9,0,0.0730943640682358,0.1976894839127618,0
u_741,0,0,0,0,0,0,0,0,0.818,0,1,1,0,0,0,1,0,5,5,1,0.0643489527099978,0.201576333405312,0
u_846,0,0,0,0,0,0,0,0,0.8,0,1,1,0,0,0,1,0,23,23,0,0.0709350032390412,0.1976894839127618,0
u_87,0,0,0,0,0,0,0,0,0.842,0,1,0,0,0,0,1,0,20,20,0,0.0739581083999136,0.2020082055711509,0
u_1595,0,0,0,0,0,0,0,0,0.8,0,1,0,0,0,0,1,0,20,20,0,0.0755776290218095,0.201576333405312,0
u_7088,1,1,2,0,0,1,0,2,0.941,0,1,1,1,0,0,5,3,10,10,0,0.0681278341610883,0.2020082055711509,1
u_438,0,0,0,0,0,0,0,0,0.842,0,1,1,0,0,0,1,0,20,20,0,0.0730943640682358,0.1994169725761174,0
u_1032,0,0,0,0,0,0,0,0,0.947,0,1,0,0,0,0,1,1,6,6,0,0.0739581083999136,0.1976894839127618,0
u_7527,1,0,1,1,0,1,1,1,0.857,1,0,0,0,0,0,3,4,22,22,0,0.0730943640682358,0.1976894839127618,1
u_5156,0,0,0,0,0,0,0,0,0.8,0,1,0,0,0,0,1,0,2,2,1,0.0643489527099978,0.1994169725761174,0
u_4054,0,0,0,0,0,0,0,0,0.8,0,1,1,0,0,0,1,0,17,17,0,0.0739581083999136,0.201576333405312,0
u_2701,0,0,0,0,0,0,0,0,0.667,0,1,0,0,0,0,1,0,8,8,0,0.0681278341610883,0.2020082055711509,0
u_9139,2,0,2,1,1,2,1,2,1.0,1,0,1,1,0,0,4,4,4,4,1,0.0750377888145109,0.1994169725761174,1
u_1169,0,0,0,0,0,0,0,0,0.72,0,1,1,0,0,0,1,0,8,8,0,0.071798747570719,0.1994169725761174,0
u_2793,0,0,0,0,0,0,0,0,0.667,0,1,0,0,0,0,1,0,12,12,0,0.0684517382854675,0.2020082055711509,0
u_7250,1,1,1,0,0,1,0,1,0.75,0,1,0,0,0,0,3,2,5,5,1,0.071798747570719,0.2020082055711509,1
u_2276,0,0,0,0,0,0,0,0,1.0,0,0,0,0,0,0,1,1,0,0,1,0.0681278341610883,0.1994169725761174,0
u_7850,0,0,0,0,0,0,0,0,0.667,1,0,1,1,0,0,1,0,4,4,1,0.0712589073634204,0.1976894839127618,1
u_970,0,0,0,0,0,0,0,0,0.759,0,1,0,0,0,0,1,0,3,3,1,0.0730943640682358,0.201576333405312,0
u_4386,0,0,0,0,0,0,0,0,0.75,0,1,0,0,0,0,1,0,3,3,1,0.0684517382854675,0.1994169725761174,0
u_3948,0,0,0,0,0,0,0,0,0.737,0,1,0,0,0,0,1,0,18,18,0,0.071798747570719,0.2020082055711509,0
u_3664,0,0,0,0,0,0,0,0,0.818,0,1,0,0,0,0,1,0,22,22,0,0.0723385877780177,0.201576333405312,0
u_2739,0,0,0,0,0,0,0,0,0.818,0,1,0,0,0,0,1,0,10,10,0,0.0739581083999136,0.1994169725761174,0
u_6694,0,0,2,2,1,0,2,2,0.815,1,0,0,0,0,0,4,2,2,2,1,0.0755776290218095,0.1993090045346577,1
u_6789,1,0,1,1,0,1,1,1,1.0,0,1,0,0,0,0,3,4,2,2,1,0.0723385877780177,0.1976894839127618,1
u_1056,0,0,0,0,0,0,0,0,0.769,0,1,1,0,0,0,1,0,21,21,0,0.0723385877780177,0.201576333405312,0
u_2888,0,0,0,0,0,0,0,0,0.7,0,0,1,0,0,0,1,0,6,6,0,0.0736342042755344,0.1994169725761174,0
u_286,0,0,0,0,0,0,0,0,0.667,0,1,0,0,0,0,1,0,16,16,0,0.0709350032390412,0.2020082055711509,0
u_7568,3,0,4,3,0,3,3,4,0.952,1,0,1,0,0,0,5,4,16,16,0,0.0750377888145109,0.1993090045346577,1
u_2770,0,0,0,0,0,0,0,0,0.857,0,1,0,0,0,0,1,1,13,13,0,0.0755776290218095,0.1994169725761174,0
u_5080,0,0,0,0,0,0,0,0,0.737,0,1,1,0,0,0,1,0,4,4,1,0.0643489527099978,0.2020082055711509,0
u_4414,0,0,0,0,0,0,0,0,0.8,0,1,0,0,0,0,1,0,3,3,1,0.0684517382854675,0.1976894839127618,0
u_2243,0,0,0,0,0,0,0,0,0.75,0,1,1,0,0,0,1,0,9,9,0,0.0736342042755344,0.1976894839127618,0
u_762,0,0,0,0,0,0,0,0,0.727,0,1,0,0,0,0,1,0,12,12,0,0.0739581083999136,0.1976894839127618,0
u_786,0,0,0,0,0,0,0,0,0.87,0,1,0,0,0,0,1,1,0,0,1,0.0643489527099978,0.1993090045346577,0
u_5829,0,0,0,0,0,0,0,0,1.0,0,1,1,0,0,0,1,1,14,14,0,0.0643489527099978,0.1994169725761174,0
u_8122,0,3,4,3,0,0,3,4,1.0,1,0,0,0,0,0,5,3,18,18,0,0.0750377888145109,0.1994169725761174,1
u_5358,0,0,0,0,0,0,0,0,0.737,0,1,0,0,0,0,1,0,14,14,0,0.0712589073634204,0.2020082055711509,0
u_1683,0,0,0,0,0,0,0,0,0.75,0,1,1,0,0,0,1,0,22,22,0,0.0739581083999136,0.1993090045346577,0
u_2245,0,0,0,0,0,0,0,0,0.7,0,0,0,0,0,0,1,0,7,7,0,0.0730943640682358,0.2020082055711509,0
u_3350,0,0,0,0,0,0,0,0,0.824,0,1,1,0,0,0,1,0,11,11,0,0.0681278341610883,0.1976894839127618,0
u_890,0,0,0,0,0,0,0,0,0.72,0,1,1,0,0,0,1,0,8,8,0,0.0684517382854675,0.2020082055711509,0
u_5033,0,0,0,0,0,0,0,0,0.8,0,0,0,0,0,0,1,0,2,2,1,0.0681278341610883,0.201576333405312,0
u_993,0,0,0,0,0,0,0,0,0.9,0,1,1,0,0,0,1,1,19,19,0,0.0739581083999136,0.1994169725761174,0
u_7676,0,0,3,1,0,0,1,3,0.727,0,1,1,1,0,0,7,2,4,4,1,0.0709350032390412,0.1994169725761174,1
u_4314,0,0,0,0,0,0,0,0,0.7,0,1,0,0,0,0,1,0,5,5,1,0.0643489527099978,0.2020082055711509,0
u_6810,2,0,2,2,1,2,2,2,0.952,1,0,0,0,0,0,3,4,15,15,0,0.0643489527099978,0.2020082055711509,1
u_6458,0,0,0,0,0,0,0,0,0.824,0,1,0,0,0,0,1,0,5,5,1,0.0730943640682358,0.2020082055711509,0
u_7222,0,0,0,0,0,0,0,0,0.75,0,1,1,0,0,0,1,0,12,12,0,0.0681278341610883,0.201576333405312,1
u_7285,0,0,1,1,0,0,1,1,1.0,0,1,1,0,0,0,3,3,22,22,0,0.0643489527099978,0.1994169725761174,1
u_4121,0,0,0,0,0,0,0,0,0.857,0,1,1,0,0,0,1,1,9,9,0,0.0674800259123299,0.2020082055711509,0
u_5921,0,0,0,0,0,0,0,0,0.769,0,1,0,0,0,0,1,0,23,23,0,0.0755776290218095,0.1976894839127618,0
u_8635,3,0,3,2,1,3,2,3,1.0,1,0,1,1,0,0,4,4,10,10,0,0.0730943640682358,0.1976894839127618,1
u_739,0,0,0,0,0,0,0,0,0.941,0,1,0,0,0,0,1,1,6,6,0,0.0755776290218095,0.1976894839127618,0
u_9072,2,0,5,0,0,2,0,5,0.778,1,0,1,0,0,0,7,2,3,3,1,0.0736342042755344,0.1976894839127618,1
u_7576,0,0,0,0,0,0,0,0,0.769,1,0,1,1,0,0,1,0,16,16,0,0.0736342042755344,0.2020082055711509,1
u_9204,1,0,1,0,0,1,0,1,1.0,0,1,1,1,0,0,3,3,20,20,0,0.0739581083999136,0.1976894839127618,1
u_2961,0,0,0,0,0,0,0,0,0.778,0,1,0,0,0,0,1,0,3,3,1,0.0739581083999136,0.201576333405312,0
u_1190,0,0,0,0,0,0,0,0,0.783,0,1,0,0,0,0,1,0,8,8,0,0.0739581083999136,0.2020082055711509,0
u_96,0,0,0,0,0,0,0,0,0.75,0,0,0,0,0,0,1,0,8,8,0,0.0736342042755344,0.2020082055711509,0
u_6117,0,0,0,0,0,0,0,0,0.706,0,0,0,0,0,0,1,0,20,20,0,0.0643489527099978,0.2020082055711509,0
u_1275,0,0,0,0,0,0,0,0,0.75,0,1,0,0,0,0,1,0,1,1,1,0.0755776290218095,0.2020082055711509,0
u_3651,0,0,0,0,0,0,0,0,0.667,0,1,0,0,1,1,1,0,21,21,0,0.0674800259123299,0.1993090045346577,0
u_4926,0,0,0,0,0,0,0,0,0.947,0,1,0,0,0,0,1,1,9,9,0,0.0739581083999136,0.1976894839127618,0
u_5716,0,0,0,0,0,0,0,0,0.8,0,1,0,0,0,0,1,0,21,21,0,0.0750377888145109,0.1993090045346577,0
u_4750,0,0,0,0,0,0,0,0,0.783,0,0,0,0,0,0,1,0,14,14,0,0.0684517382854675,0.2020082055711509,0
u_8385,0,0,0,0,0,0,0,0,0.727,0,1,0,0,1,1,1,0,7,7,0,0.071798747570719,0.1993090045346577,1
u_8241,1,0,1,0,0,1,0,1,0.706,1,0,1,1,0,0,3,2,19,19,0,0.0709350032390412,0.1994169725761174,1
u_8560,0,0,1,0,0,0,0,1,1.0,0,1,0,0,0,0,3,2,1,1,1,0.0739581083999136,0.1994169725761174,1
u_2052,0,0,0,0,0,0,0,0,0.75,0,1,0,0,0,0,1,0,13,13,0,0.0681278341610883,0.1994169725761174,0
u_8483,1,0,1,0,0,1,0,1,0.96,0,0,1,0,0,0,3,3,11,11,0,0.0739581083999136,0.201576333405312,1
u_860,0,0,0,0,0,0,0,0,0.8,0,0,1,0,0,0,1,0,9,9,0,0.0674800259123299,0.1993090045346577,0
u_9054,1,0,1,1,1,1,1,1,1.0,0,1,0,0,0,0,3,4,11,11,0,0.0755776290218095,0.1976894839127618,1
u_7090,2,0,3,1,0,2,1,3,1.0,0,1,1,1,0,0,6,4,12,12,0,0.0681278341610883,0.201576333405312,1
u_2514,0,0,0,0,0,0,0,0,0.8,0,0,0,0,0,0,1,0,12,12,0,0.0723385877780177,0.1994169725761174,0
u_3509,0,0,0,0,0,0,0,0,0.769,0,1,0,0,0,0,1,0,6,6,0,0.0730943640682358,0.201576333405312,0
u_8261,0,0,2,2,1,0,2,2,1.0,0,0,1,0,0,0,4,3,0,0,1,0.0643489527099978,0.201576333405312,1
u_3618,0,0,0,0,0,0,0,0,0.7,0,1,0,0,0,0,1,0,17,17,0,0.0643489527099978,0.1994169725761174,0
u_7656,0,0,2,0,0,0,0,2,0.667,1,0,0,0,0,0,5,1,14,14,0,0.0709350032390412,0.2020082055711509,1
u_2006,0,0,0,0,0,0,0,0,0.769,0,0,0,0,0,0,1,0,1,1,1,0.0739581083999136,0.1993090045346577,0
u_546,0,0,0,0,0,0,0,0,0.7,0,1,0,0,0,0,1,0,23,23,0,0.0709350032390412,0.1976894839127618,0
u_3955,0,0,0,0,0,0,0,0,0.75,0,1,0,0,0,0,1,0,6,6,0,0.0712589073634204,0.201576333405312,0
u_3105,0,0,0,0,0,0,0,0,0.75,0,0,0,0,0,0,1,0,15,15,0,0.0681278341610883,0.1976894839127618,0
u_5027,0,0,0,0,0,0,0,0,0.783,0,0,1,0,0,0,1,0,9,9,0,0.0712589073634204,0.201576333405312,0
u_8119,1,1,2,1,1,1,1,2,0.957,0,1,1,0,0,0,5,4,14,14,0,0.0750377888145109,0.201576333405312,1
u_5846,0,0,0,0,0,0,0,0,0.778,0,1,0,0,0,0,1,0,23,23,0,0.0674800259123299,0.2020082055711509,0
u_7588,3,2,3,2,0,3,2,3,1.0,0,1,1,0,1,1,4,4,16,16,0,0.0739581083999136,0.1994169725761174,1
u_4404,0,0,0,0,0,0,0,0,1.0,0,1,1,0,0,0,1,1,16,16,0,0.0681278341610883,0.1976894839127618,0
u_4959,0,0,0,0,0,0,0,0,0.737,0,1,1,0,0,0,1,0,2,2,1,0.0736342042755344,0.1994169725761174,0
u_4805,0,0,0,0,0,0,0,0,0.737,0,1,0,0,0,0,1,0,23,23,0,0.0643489527099978,0.2020082055711509,0
u_7605,0,0,0,0,0,0,0,0,0.667,1,0,1,1,1,1,1,0,4,4,1,0.0712589073634204,0.201576333405312,1
u_8718,2,0,3,1,1,2,1,3,1.0,0,0,1,1,0,0,6,4,1,1,1,0.0755776290218095,0.1993090045346577,1
u_1262,0,0,0,0,0,0,0,0,0.636,0,1,1,0,0,0,1,0,12,12,0,0.0736342042755344,0.1993090045346577,0
u_984,0,0,0,0,0,0,0,0,0.828,0,1,0,0,0,0,1,0,9,9,0,0.0755776290218095,0.1993090045346577,0
u_1711,0,0,0,0,0,0,0,0,0.818,0,1,0,0,0,0,1,0,22,22,0,0.0684517382854675,0.1993090045346577,0
u_1095,0,0,0,0,0,0,0,0,0.737,0,1,0,0,0,0,1,0,5,5,1,0.071798747570719,0.2020082055711509,0
u_3079,0,0,0,0,0,0,0,0,0.7,0,0,1,0,0,0,1,0,7,7,0,0.0643489527099978,0.201576333405312,0
u_7473,4,2,4,2,0,4,2,4,1.0,0,1,1,1,1,1,5,4,20,20,0,0.0681278341610883,0.1994169725761174,1
u_7684,0,0,1,0,0,0,0,1,0.727,1,0,1,0,0,0,3,1,11,11,0,0.0755776290218095,0.1994169725761174,1
u_2128,0,0,0,0,0,0,0,0,0.941,0,1,0,0,0,0,1,1,17,17,0,0.0739581083999136,0.201576333405312,0
u_8084,0,0,2,2,1,0,2,2,0.96,0,0,0,0,0,0,3,3,14,14,0,0.071798747570719,0.1976894839127618,1
u_3223,0,0,0,0,0,0,0,0,0.727,0,1,1,0,0,0,1,0,15,15,0,0.0643489527099978,0.201576333405312,0
u_6170,0,0,0,0,0,0,0,0,0.737,0,0,0,0,0,0,1,0,3,3,1,0.0723385877780177,0.1994169725761174,0
u_3272,0,0,0,0,0,0,0,0,0.857,0,1,1,0,0,0,1,1,7,7,0,0.0730943640682358,0.201576333405312,0
u_1375,0,0,0,0,0,0,0,0,1.0,0,0,0,0,0,0,1,1,2,2,1,0.0674800259123299,0.1976894839127618,0
u_188,0,0,0,0,0,0,0,0,0.737,0,0,0,0,0,0,1,0,13,13,0,0.0674800259123299,0.201576333405312,0
u_800,0,0,0,0,0,0,0,0,0.824,0,1,0,0,0,0,1,0,9,9,0,0.071798747570719,0.1976894839127618,0
u_3964,0,0,0,0,0,0,0,0,0.824,0,1,0,0,0,0,1,0,17,17,0,0.0730943640682358,0.1993090045346577,0
u_2372,0,0,0,0,0,0,0,0,0.783,0,0,0,0,0,0,1,0,2,2,1,0.0709350032390412,0.1976894839127618,0
u_8740,0,0,0,0,0,0,0,0,1.0,0,0,1,1,0,0,1,1,5,5,1,0.0730943640682358,0.201576333405312,1
u_2669,0,0,0,0,0,0,0,0,0.87,0,1,1,0,0,0,1,1,9,9,0,0.0750377888145109,0.201576333405312,0
u_2414,0,0,0,0,0,0,0,0,0.741,0,1,0,0,0,0,1,0,10,10,0,0.0681278341610883,0.201576333405312,0
u_1187,0,0,0,0,0,0,0,0,1.0,0,1,1,0,0,0,1,1,13,13,0,0.0739581083999136,0.1994169725761174,0
u_8913,2,0,2,1,0,2,1,2,0.857,1,0,1,0,0,0,4,4,6,6,0,0.0755776290218095,0.1994169725761174,1
u_3491,0,0,0,0,0,0,0,0,0.778,0,1,0,0,0,0,1,0,4,4,1,0.0755776290218095,0.2020082055711509,0
u_3877,0,0,0,0,0,0,0,0,1.0,0,0,0,0,1,1,1,1,21,21,0,0.0739581083999136,0.1993090045346577,0
u_4525,0,0,0,0,0,0,0,0,1.0,0,0,1,0,0,0,1,1,0,0,1,0.0643489527099978,0.201576333405312,0
u_8333,1,0,1,0,0,1,0,1,0.762,1,0,0,0,1,1,3,2,18,18,0,0.0739581083999136,0.1994169725761174,1
u_2499,0,0,0,0,0,0,0,0,0.632,0,1,1,0,0,0,1,0,13,13,0,0.0709350032390412,0.1976894839127618,0
u_4966,0,0,0,0,0,0,0,0,1.0,0,1,0,0,0,0,1,1,3,3,1,0.0739581083999136,0.2020082055711509,0
u_6639,0,0,1,0,0,0,0,1,0.667,0,1,0,0,0,0,3,1,22,22,0,0.0643489527099978,0.1994169725761174,1
u_119,0,0,0,0,0,0,0,0,0.7,0,1,0,0,0,0,1,0,2,2,1,0.0681278341610883,0.2020082055711509,0
u_6159,0,0,0,0,0,0,0,0,0.8,0,1,0,0,0,0,1,0,3,3,1,0.0736342042755344,0.2020082055711509,0
u_5186,0,0,0,0,0,0,0,0,0.737,0,0,1,0,0,0,1,0,9,9,0,0.0739581083999136,0.1994169725761174,0
u_1938,0,0,0,0,0,0,0,0,0.824,0,1,1,0,0,0,1,0,8,8,0,0.0739581083999136,0.1994169725761174,0
u_2894,0,0,0,0,0,0,0,0,0.727,0,0,0,0,0,0,1,0,12,12,0,0.0643489527099978,0.1976894839127618,0
u_6732,0,0,2,0,0,0,0,2,0.957,0,1,0,0,0,0,5,2,2,2,1,0.0709350032390412,0.1994169725761174,1
u_2479,0,0,0,0,0,0,0,0,0.778,0,1,0,0,0,0,1,0,21,21,0,0.071798747570719,0.1994169725761174,0
u_4013,0,0,0,0,0,0,0,0,0.762,0,1,0,0,0,0,1,0,21,21,0,0.0643489527099978,0.2020082055711509,0
u_2823,0,0,0,0,0,0,0,0,0.769,0,1,0,0,0,0,1,0,5,5,1,0.071798747570719,0.1993090045346577,0
u_2452,0,0,0,0,0,0,0,0,0.842,0,1,0,0,0,0,1,0,4,4,1,0.0723385877780177,0.1994169725761174,0
u_1113,0,0,0,0,0,0,0,0,0.588,0,1,1,0,0,0,1,0,22,22,0,0.0643489527099978,0.1994169725761174,0
u_7313,2,0,3,2,0,2,2,3,1.0,1,0,0,0,0,0,5,4,19,19,0,0.0739581083999136,0.1994169725761174,1
u_7074,1,2,2,1,0,1,1,2,1.0,0,0,1,1,0,0,5,4,5,5,1,0.0684517382854675,0.201576333405312,1
u_2579,0,0,0,0,0,0,0,0,0.7,0,1,1,0,0,0,1,0,5,5,1,0.0681278341610883,0.1976894839127618,0
u_1287,0,0,0,0,0,0,0,0,0.818,0,1,0,0,0,0,1,0,9,9,0,0.0681278341610883,0.2020082055711509,0
u_8693,3,2,3,0,0,3,0,3,0.778,0,1,1,1,0,0,5,2,4,4,1,0.0755776290218095,0.1993090045346577,1
u_6580,5,3,5,2,0,5,2,5,1.0,1,0,1,0,0,0,6,4,14,14,0,0.0712589073634204,0.1993090045346577,1
u_5345,0,0,0,0,0,0,0,0,0.762,0,0,0,0,0,0,1,0,5,5,1,0.071798747570719,0.1993090045346577,0
u_9025,4,0,4,3,0,4,3,4,1.0,1,0,0,0,0,0,4,4,20,20,0,0.0739581083999136,0.1993090045346577,1
u_7759,0,0,3,3,1,0,3,3,1.0,0,1,0,0,0,0,3,3,19,19,0,0.0681278341610883,0.201576333405312,1
u_4588,0,0,0,0,0,0,0,0,0.737,0,1,0,0,0,0,1,0,1,1,1,0.0709350032390412,0.1976894839127618,0
u_3566,0,0,0,0,0,0,0,0,0.667,0,1,0,0,0,0,1,0,8,8,0,0.0739581083999136,0.1994169725761174,0
u_6322,0,0,0,0,0,0,0,0,0.778,0,1,0,0,0,0,1,0,3,3,1,0.0643489527099978,0.1994169725761174,0
u_8900,1,0,1,0,0,1,0,1,0.857,1,0,0,0,0,0,3,3,14,14,0,0.0643489527099978,0.1993090045346577,1
u_2612,0,0,0,0,0,0,0,0,0.72,0,0,1,0,0,0,1,0,14,14,0,0.0723385877780177,0.1993090045346577,0
u_5458,0,0,0,0,0,0,0,0,0.947,0,0,0,0,0,0,1,1,10,10,0,0.0684517382854675,0.1976894839127618,0
u_2198,0,0,0,0,0,0,0,0,0.783,0,1,0,0,0,0,1,0,17,17,0,0.0709350032390412,0.1993090045346577,0
u_5504,0,0,0,0,0,0,0,0,0.783,0,1,0,0,0,0,1,0,4,4,1,0.0739581083999136,0.201576333405312,0
u_881,0,0,0,0,0,0,0,0,0.909,0,1,0,0,0,0,1,1,2,2,1,0.0684517382854675,0.201576333405312,0
u_3544,0,0,0,0,0,0,0,0,0.818,0,1,0,0,0,0,1,0,8,8,0,0.0681278341610883,0.201576333405312,0
u_2187,0,0,0,0,0,0,0,0,0.667,0,0,1,0,0,0,1,0,10,10,0,0.0712589073634204,0.1994169725761174,0
u_38,0,0,0,0,0,0,0,0,0.72,0,1,0,0,0,0,1,0,7,7,0,0.071798747570719,0.1994169725761174,0
u_2051,0,0,0,0,0,0,0,0,0.75,0,1,0,0,0,0,1,0,22,22,0,0.0712589073634204,0.1976894839127618,0
u_6879,0,0,0,0,0,0,0,0,0.714,1,0,1,1,0,0,1,0,18,18,0,0.0709350032390412,0.1976894839127618,1
u_5180,0,0,0,0,0,0,0,0,0.778,0,1,0,0,0,0,1,0,5,5,1,0.0739581083999136,0.1993090045346577,0
u_545,0,0,0,0,0,0,0,0,0.815,0,1,1,0,0,0,1,0,12,12,0,0.071798747570719,0.1976894839127618,0
u_6421,0,0,0,0,0,0,0,0,0.75,0,0,0,0,0,0,1,0,22,22,0,0.0739581083999136,0.1976894839127618,0
u_311,0,0,0,0,0,0,0,0,0.75,0,1,0,0,0,0,1,0,7,7,0,0.0681278341610883,0.1994169725761174,0
u_7556,2,0,2,0,0,2,0,2,1.0,0,1,1,1,0,0,3,3,21,21,0,0.0674800259123299,0.1993090045346577,1
u_7975,2,0,3,0,0,2,0,3,0.846,0,1,1,1,0,0,5,2,20,20,0,0.071798747570719,0.1976894839127618,1
u_6688,0,0,0,0,0,0,0,0,0.762,0,1,1,1,0,0,1,0,6,6,0,0.0712589073634204,0.1993090045346577,1
u_6676,0,0,0,0,0,0,0,0,0.706,1,0,1,1,0,0,1,0,17,17,0,0.0739581083999136,0.1994169725761174,1
u_2130,0,0,0,0,0,0,0,0,0.783,0,1,0,0,0,0,1,0,22,22,0,0.0684517382854675,0.2020082055711509,0
u_497,0,0,0,0,0,0,0,0,1.0,0,1,0,0,0,0,1,1,0,0,1,0.0750377888145109,0.1976894839127618,0
u_2710,0,0,0,0,0,0,0,0,0.75,0,0,0,0,0,0,1,0,14,14,0,0.0674800259123299,0.1976894839127618,0
u_5590,0,0,0,0,0,0,0,0,0.818,0,1,0,0,0,0,1,0,6,6,0,0.0709350032390412,0.201576333405312,0
u_4869,0,0,0,0,0,0,0,0,0.769,0,0,0,0,0,0,1,0,5,5,1,0.0739581083999136,0.1993090045346577,0
u_2706,0,0,0,0,0,0,0,0,0.72,0,1,0,0,0,0,1,0,6,6,0,0.0674800259123299,0.1994169725761174,0
u_8467,0,0,1,1,1,0,1,1,1.0,0,0,1,1,0,0,3,3,20,20,0,0.0750377888145109,0.1976894839127618,1
u_6431,0,0,0,0,0,0,0,0,0.696,0,0,0,0,0,0,1,0,15,15,0,0.071798747570719,0.1993090045346577,0
u_3850,0,0,0,0,0,0,0,0,0.818,0,1,0,0,0,0,1,0,19,19,0,0.0723385877780177,0.1976894839127618,0
u_1746,0,0,0,0,0,0,0,0,0.762,0,1,0,0,0,0,1,0,4,4,1,0.0739581083999136,0.1993090045346577,0
u_2666,0,0,0,0,0,0,0,0,0.696,0,1,1,0,0,0,1,0,22,22,0,0.0684517382854675,0.2020082055711509,0
u_5045,0,0,0,0,0,0,0,0,0.75,0,1,1,0,0,0,1,0,15,15,0,0.0684517382854675,0.1994169725761174,0
u_5212,0,0,0,0,0,0,0,0,0.889,0,1,0,0,0,0,1,1,13,13,0,0.0712589073634204,0.201576333405312,0
u_6370,0,0,0,0,0,0,0,0,0.889,0,1,0,0,1,1,1,1,14,14,0,0.0730943640682358,0.2020082055711509,0
u_2143,0,0,0,0,0,0,0,0,0.867,0,1,0,0,0,0,1,1,2,2,1,0.0750377888145109,0.1994169725761174,0
u_6746,1,0,1,0,0,1,0,1,0.833,1,0,1,1,0,0,3,2,17,17,0,0.0739581083999136,0.1994169725761174,1
u_3754,0,0,0,0,0,0,0,0,0.833,0,1,0,0,0,0,1,0,8,8,0,0.0709350032390412,0.1994169725761174,0
u_4982,0,0,0,0,0,0,0,0,0.737,0,1,0,0,0,0,1,0,7,7,0,0.0684517382854675,0.201576333405312,0
u_5731,0,0,0,0,0,0,0,0,0.72,0,1,0,0,0,0,1,0,1,1,1,0.071798747570719,0.1993090045346577,0
u_7816,0,1,2,0,0,0,0,2,0.762,0,0,0,0,0,0,3,1,2,2,1,0.0739581083999136,0.201576333405312,1
u_3604,0,0,0,0,0,0,0,0,0.762,0,1,0,0,0,0,1,0,21,21,0,0.0643489527099978,0.1994169725761174,0
u_6404,0,0,0,0,0,0,0,0,0.762,0,1,0,0,0,0,1,0,23,23,0,0.0723385877780177,0.1994169725761174,0
u_3928,0,0,0,0,0,0,0,0,0.727,0,0,0,0,0,0,1,0,20,20,0,0.0730943640682358,0.1994169725761174,0
u_9240,0,0,0,0,0,0,0,0,0.632,0,0,0,0,0,0,1,0,22,22,0,0.0736342042755344,0.201576333405312,1
u_5993,0,0,0,0,0,0,0,0,0.818,0,0,0,0,0,0,1,0,21,21,0,0.0736342042755344,0.1994169725761174,0
u_2318,0,0,0,0,0,0,0,0,0.7,0,0,0,0,0,0,1,0,7,7,0,0.0712589073634204,0.1994169725761174,0
u_4270,0,0,0,0,0,0,0,0,0.87,0,1,0,0,0,0,1,1,3,3,1,0.0755776290218095,0.1993090045346577,0
u_5517,0,0,0,0,0,0,0,0,0.8,0,0,0,0,0,0,1,0,6,6,0,0.0755776290218095,0.2020082055711509,0
u_5568,0,0,0,0,0,0,0,0,0.727,0,1,0,0,0,0,1,0,12,12,0,0.0730943640682358,0.1993090045346577,0
u_3749,0,0,0,0,0,0,0,0,0.8,0,0,0,0,0,0,1,0,3,3,1,0.0643489527099978,0.1994169725761174,0
u_7550,1,0,2,0,0,1,0,2,0.778,0,0,1,0,0,0,4,2,7,7,0,0.0755776290218095,0.201576333405312,1
u_1902,0,0,0,0,0,0,0,0,0.8,0,1,1,0,0,0,1,0,21,21,0,0.0755776290218095,0.1993090045346577,0
u_2404,0,0,0,0,0,0,0,0,0.762,0,1,0,0,0,0,1,0,18,18,0,0.0750377888145109,0.1994169725761174,0
u_968,0,0,0,0,0,0,0,0,0.778,0,1,0,0,0,0,1,0,18,18,0,0.0681278341610883,0.1976894839127618,0
u_5707,0,0,0,0,0,0,0,0,0.615,0,1,0,0,0,0,1,0,12,12,0,0.0709350032390412,0.1993090045346577,0
u_7150,0,0,3,1,0,0,1,3,0.933,0,1,0,0,0,0,6,3,16,16,0,0.0712589073634204,0.201576333405312,1
u_7489,1,1,1,0,0,1,0,1,0.75,1,0,1,0,0,0,3,2,19,19,0,0.0674800259123299,0.2020082055711509,1
u_4289,0,0,0,0,0,0,0,0,0.75,0,1,1,0,0,0,1,0,4,4,1,0.0730943640682358,0.2020082055711509,0
u_928,0,0,0,0,0,0,0,0,1.0,0,0,0,0,0,0,1,1,21,21,0,0.0755776290218095,0.1994169725761174,0
u_8187,0,1,1,0,0,0,0,1,1.0,0,1,0,0,0,0,3,2,14,14,0,0.0736342042755344,0.201576333405312,1
u_9170,0,0,0,0,0,0,0,0,0.778,0,1,1,1,0,0,1,0,1,1,1,0.0681278341610883,0.1976894839127618,1
u_8534,2,0,3,3,0,2,3,3,0.737,0,1,1,1,1,1,4,3,14,14,0,0.0723385877780177,0.1976894839127618,1
u_3700,0,0,0,0,0,0,0,0,1.0,0,0,0,0,0,0,1,1,19,19,0,0.0684517382854675,0.201576333405312,0
u_7546,0,0,0,0,0,0,0,0,0.7,1,0,1,1,0,0,1,0,6,6,0,0.0755776290218095,0.201576333405312,1
u_8529,1,0,1,1,1,1,1,1,0.941,1,0,1,0,0,0,3,4,9,9,0,0.0750377888145109,0.1994169725761174,1
u_1212,0,0,0,0,0,0,0,0,1.0,0,1,1,0,0,0,1,1,1,1,1,0.0712589073634204,0.1976894839127618,0
u_9227,0,0,1,0,0,0,0,1,1.0,1,0,1,1,0,0,3,2,1,1,1,0.0730943640682358,0.1994169725761174,1
u_226,0,0,0,0,0,0,0,0,1.0,0,1,0,0,0,0,1,1,20,20,0,0.0755776290218095,0.2020082055711509,0
u_5211,0,0,0,0,0,0,0,0,0.762,0,0,0,0,1,1,1,0,11,11,0,0.0681278341610883,0.2020082055711509,0
u_1305,0,0,0,0,0,0,0,0,0.769,0,0,1,0,0,0,1,0,10,10,0,0.0643489527099978,0.1994169725761174,0
u_5960,0,0,0,0,0,0,0,0,0.72,0,1,0,0,0,0,1,0,13,13,0,0.0684517382854675,0.2020082055711509,0
u_8242,0,0,4,3,0,0,3,4,0.947,1,0,1,1,0,0,4,3,23,23,0,0.0709350032390412,0.1994169725761174,1
u_460,0,0,0,0,0,0,0,0,0.727,0,0,0,0,0,0,1,0,5,5,1,0.0730943640682358,0.201576333405312,0
u_7160,1,0,2,0,0,1,0,2,1.0,1,0,1,1,0,0,5,3,14,14,0,0.0750377888145109,0.1994169725761174,1
u_6210,0,0,0,0,0,0,0,0,0.875,0,0,1,0,0,0,1,1,12,12,0,0.0681278341610883,0.1994169725761174,0
u_5192,0,0,0,0,0,0,0,0,0.762,0,1,0,0,0,0,1,0,11,11,0,0.0709350032390412,0.1993090045346577,0
u_654,0,0,0,0,0,0,0,0,0.769,0,1,1,0,0,0,1,0,23,23,0,0.071798747570719,0.201576333405312,0
u_5592,0,0,0,0,0,0,0,0,0.762,0,0,0,0,0,0,1,0,6,6,0,0.0643489527099978,0.2020082055711509,0
u_6164,0,0,0,0,0,0,0,0,0.696,0,1,0,0,0,0,1,0,6,6,0,0.0681278341610883,0.1976894839127618,0
u_8565,3,1,3,2,1,3,2,3,0.947,0,1,1,1,0,0,4,4,4,4,1,0.0674800259123299,0.2020082055711509,1
u_3829,0,0,0,0,0,0,0,0,0.696,0,1,1,0,0,0,1,0,14,14,0,0.0750377888145109,0.2020082055711509,0
u_674,0,0,0,0,0,0,0,0,0.842,0,1,0,0,0,0,1,0,3,3,1,0.0730943640682358,0.1993090045346577,0
u_3176,0,0,5,0,0,0,0,0,0.8,0,1,1,0,0,0,7,1,2,2,1,0.0723385877780177,0.201576333405312,0
u_324,0,0,0,0,0,0,0,0,0.667,0,1,0,0,0,0,1,0,14,14,0,0.0750377888145109,0.1993090045346577,0
u_5694,0,0,0,0,0,0,0,0,0.769,0,1,1,0,0,0,1,0,11,11,0,0.0709350032390412,0.201576333405312,0
u_6637,1,0,1,0,0,1,0,1,0.72,0,1,1,1,0,0,3,2,18,18,0,0.0709350032390412,0.1976894839127618,1
u_2695,0,0,0,0,0,0,0,0,0.762,0,0,1,0,0,0,1,0,2,2,1,0.0736342042755344,0.201576333405312,0
u_5409,0,0,0,0,0,0,0,0,0.762,0,0,0,0,0,0,1,0,16,16,0,0.0712589073634204,0.1994169725761174,0
u_3505,0,0,0,0,0,0,0,0,0.778,0,1,0,0,0,0,1,0,8,8,0,0.0736342042755344,0.201576333405312,0
u_8145,3,1,3,2,0,3,2,3,0.957,0,1,1,1,0,0,4,4,5,5,1,0.0674800259123299,0.1976894839127618,1
u_2155,0,0,0,0,0,0,0,0,0.75,0,1,0,0,1,1,1,0,22,22,0,0.0643489527099978,0.1993090045346577,0
u_4282,0,0,0,0,0,0,0,0,0.783,0,1,1,0,0,0,1,0,5,5,1,0.071798747570719,0.1994169725761174,0
u_8448,0,0,1,0,0,0,0,1,1.0,1,0,1,1,0,0,3,2,6,6,0,0.0684517382854675,0.2020082055711509,1
u_6641,0,0,0,0,0,0,0,0,0.8,1,0,1,0,0,0,1,0,5,5,1,0.0739581083999136,0.2020082055711509,1
u_4737,0,0,0,0,0,0,0,0,0.8,0,0,0,0,0,0,1,0,16,16,0,0.0739581083999136,0.1994169725761174,0
u_4592,0,0,0,0,0,0,0,0,0.706,0,1,1,0,0,0,1,0,18,18,0,0.0684517382854675,0.1993090045346577,0
u_3180,0,0,0,0,0,0,0,0,0.75,0,0,1,0,0,0,1,0,5,5,1,0.0736342042755344,0.1976894839127618,0
u_3538,0,0,0,0,0,0,0,0,0.957,0,0,0,0,0,0,1,1,13,13,0,0.0739581083999136,0.2020082055711509,0
u_4389,0,0,0,0,0,0,0,0,1.0,0,1,0,0,0,0,1,1,15,15,0,0.0643489527099978,0.201576333405312,0
u_6897,0,0,0,0,0,0,0,0,0.778,0,1,1,1,1,1,1,0,13,13,0,0.0712589073634204,0.1993090045346577,1
u_7829,0,0,0,0,0,0,0,0,0.857,1,0,1,1,0,0,1,1,5,5,1,0.0709350032390412,0.1976894839127618,1
u_265,0,0,0,0,0,0,0,0,0.737,0,1,0,0,0,0,1,0,21,21,0,0.071798747570719,0.1994169725761174,0
u_641,0,0,0,0,0,0,0,0,0.762,0,0,0,0,0,0,1,0,22,22,0,0.0712589073634204,0.1976894839127618,0
u_7895,2,0,2,1,0,2,1,2,0.72,1,0,1,0,0,0,4,3,13,13,0,0.071798747570719,0.1994169725761174,1
u_1137,0,0,0,0,0,0,0,0,0.786,0,0,0,0,0,0,1,0,13,13,0,0.0712589073634204,0.201576333405312,0
u_7408,0,1,2,0,0,0,0,2,0.952,0,0,1,1,0,0,5,2,20,20,0,0.0723385877780177,0.1993090045346577,1
u_7258,0,0,1,1,1,0,1,1,1.0,0,1,0,0,0,0,3,3,17,17,0,0.0643489527099978,0.1993090045346577,1
u_2307,0,0,0,0,0,0,0,0,0.889,0,1,1,0,0,0,1,1,15,15,0,0.0736342042755344,0.1976894839127618,0
u_5745,0,0,0,0,0,0,0,0,0.727,0,1,1,0,0,0,1,0,15,15,0,0.071798747570719,0.2020082055711509,0
u_5117,0,0,0,0,0,0,0,0,0.762,0,1,0,0,0,0,1,0,9,9,0,0.0674800259123299,0.2020082055711509,0
u_363,0,0,0,0,0,0,0,0,0.75,0,1,0,0,0,0,1,0,7,7,0,0.0681278341610883,0.1993090045346577,0
u_7508,2,1,2,1,0,2,1,2,0.8,0,1,1,1,0,0,4,3,1,1,1,0.0684517382854675,0.1976894839127618,1
u_4365,0,0,0,0,0,0,0,0,0.833,0,1,0,0,0,0,1,0,8,8,0,0.0750377888145109,0.201576333405312,0
u_6428,0,0,0,0,0,0,0,0,0.741,0,1,1,0,0,0,1,0,16,16,0,0.0684517382854675,0.2020082055711509,0
u_8570,2,1,4,1,0,2,1,4,0.97,0,0,1,1,0,0,8,4,7,7,0,0.0643489527099978,0.1993090045346577,1
u_2569,0,0,0,0,0,0,0,0,0.8,0,0,1,0,0,0,1,0,14,14,0,0.0736342042755344,0.1976894839127618,0
u_915,0,0,0,0,0,0,0,0,0.75,0,1,0,0,0,0,1,0,14,14,0,0.0736342042755344,0.1993090045346577,0
u_5811,0,0,0,0,0,0,0,0,1.0,0,1,0,0,0,0,1,1,8,8,0,0.0739581083999136,0.201576333405312,0
u_1571,0,0,0,0,0,0,0,0,0.947,0,1,0,0,0,0,1,1,23,23,0,0.0723385877780177,0.1994169725761174,0
u_1655,0,0,0,0,0,0,0,0,0.783,0,0,0,0,0,0,1,0,20,20,0,0.0681278341610883,0.1993090045346577,0
u_7831,0,0,2,1,0,0,1,2,0.632,0,1,0,0,0,0,4,2,8,8,0,0.0709350032390412,0.1976894839127618,1
u_4629,0,0,0,0,0,0,0,0,1.0,0,1,0,0,0,0,1,1,21,21,0,0.0684517382854675,0.1994169725761174,0
u_5163,0,0,0,0,0,0,0,0,0.783,0,1,0,0,0,0,1,0,11,11,0,0.0730943640682358,0.1976894839127618,0
u_2098,0,0,0,0,0,0,0,0,0.769,0,1,0,0,0,0,1,0,0,0,1,0.0723385877780177,0.1976894839127618,0
u_4917,0,0,0,0,0,0,0,0,0.762,0,1,1,0,0,0,1,0,7,7,0,0.0755776290218095,0.1994169725761174,0
u_6395,0,0,0,0,0,0,0,0,0.706,0,0,1,0,0,0,1,0,11,11,0,0.0755776290218095,0.2020082055711509,0
u_3174,0,0,0,0,0,0,0,0,0.737,0,1,0,0,0,0,1,0,6,6,0,0.0681278341610883,0.201576333405312,0
u_3082,0,0,0,0,0,0,0,0,0.737,0,0,0,0,0,0,1,0,6,6,0,0.0712589073634204,0.1993090045346577,0
u_1806,0,0,0,0,0,0,0,0,0.783,0,1,0,0,0,0,1,0,4,4,1,0.0674800259123299,0.1994169725761174,0
u_7403,1,1,3,0,0,1,0,3,0.783,0,1,1,1,1,1,7,2,23,23,0,0.0730943640682358,0.1994169725761174,1
u_2386,0,0,0,0,0,0,0,0,0.75,0,1,0,0,0,0,1,0,19,19,0,0.0739581083999136,0.2020082055711509,0
u_3142,0,0,0,0,0,0,0,0,0.7,0,1,0,0,0,0,1,0,0,0,1,0.0712589073634204,0.2020082055711509,0
u_400,0,0,0,0,0,0,0,0,0.737,0,0,0,0,0,0,1,0,5,5,1,0.0674800259123299,0.1993090045346577,0
u_7853,0,0,0,0,0,0,0,0,0.842,0,1,1,0,0,0,1,0,9,9,0,0.0643489527099978,0.2020082055711509,1
u_532,0,0,0,0,0,0,0,0,1.0,0,1,1,0,1,1,1,1,9,9,0,0.0755776290218095,0.1994169725761174,0
u_2578,0,0,0,0,0,0,0,0,0.783,0,0,0,0,0,0,1,0,11,11,0,0.0674800259123299,0.1994169725761174,0
u_2731,0,0,0,0,0,0,0,0,1.0,0,1,0,0,0,0,1,1,3,3,1,0.071798747570719,0.1993090045346577,0
u_1529,0,0,0,0,0,0,0,0,0.759,0,1,1,0,0,0,1,0,15,15,0,0.0674800259123299,0.1994169725761174,0
u_8370,0,1,4,3,0,0,3,4,0.737,0,1,0,0,0,0,5,2,12,12,0,0.0736342042755344,0.1993090045346577,1
u_5069,0,0,0,0,0,0,0,0,0.783,0,1,0,0,1,1,1,0,1,1,1,0.0723385877780177,0.1994169725761174,0
u_8222,1,1,1,0,0,1,0,1,1.0,0,1,1,1,0,0,3,3,12,12,0,0.0750377888145109,0.1994169725761174,1
u_8002,1,0,2,2,0,1,2,2,0.762,1,0,1,1,0,0,4,3,21,21,0,0.0750377888145109,0.1994169725761174,1
u_537,0,0,0,0,0,0,0,0,0.833,0,1,0,0,0,0,1,0,23,23,0,0.0736342042755344,0.201576333405312,0
u_1915,0,0,0,0,0,0,0,0,0.737,0,1,0,0,0,0,1,0,22,22,0,0.0712589073634204,0.2020082055711509,0
u_1240,0,0,0,0,0,0,0,0,0.952,0,1,0,0,0,0,1,1,6,6,0,0.0739581083999136,0.2020082055711509,0
u_2023,0,0,0,0,0,0,0,0,0.737,0,1,0,0,0,0,1,0,16,16,0,0.0736342042755344,0.2020082055711509,0
u_7173,0,0,0,0,0,0,0,0,0.824,1,0,1,1,0,0,1,0,23,23,0,0.0684517382854675,0.1994169725761174,1
u_1082,0,0,0,0,0,0,0,0,0.818,0,1,0,0,0,0,1,0,21,21,0,0.0739581083999136,0.1976894839127618,0
u_98,0,0,0,0,0,0,0,0,0.75,0,1,1,0,0,0,1,0,0,0,1,0.0674800259123299,0.1994169725761174,0
u_2317,0,0,0,0,0,0,0,0,0.72,0,0,0,0,0,0,1,0,0,0,1,0.071798747570719,0.1994169725761174,0
u_1583,0,0,0,0,0,0,0,0,1.0,0,1,0,0,0,0,1,1,13,13,0,0.0709350032390412,0.1994169725761174,0
u_5637,0,0,0,0,0,0,0,0,0.8,0,1,0,0,1,1,1,0,18,18,0,0.0709350032390412,0.1993090045346577,0
u_8446,0,0,0,0,0,0,0,0,0.714,0,1,0,0,0,0,1,0,6,6,0,0.0684517382854675,0.1976894839127618,1
u_5122,0,0,0,0,0,0,0,0,0.857,0,1,0,0,0,0,1,1,2,2,1,0.0730943640682358,0.1993090045346577,0
u_8779,4,2,4,0,0,4,0,4,0.941,0,1,1,1,0,0,5,3,20,20,0,0.0712589073634204,0.1993090045346577,1
u_7483,1,1,1,1,1,1,1,1,1.0,1,0,1,1,0,0,3,4,5,5,1,0.0750377888145109,0.2020082055711509,1
u_6331,0,0,0,0,0,0,0,0,0.818,0,1,0,0,0,0,1,0,16,16,0,0.0723385877780177,0.1993090045346577,0
u_864,0,0,0,0,0,0,0,0,0.957,0,1,0,0,0,0,1,1,0,0,1,0.0736342042755344,0.1994169725761174,0
u_3070,0,0,0,0,0,0,0,0,0.7,0,1,0,0,0,0,1,0,14,14,0,0.0709350032390412,0.1993090045346577,0
u_6767,1,0,1,0,0,1,0,1,0.696,1,0,1,1,0,0,3,2,15,15,0,0.071798747570719,0.201576333405312,1
u_8050,1,0,1,1,0,1,1,1,0.857,0,1,0,0,0,0,3,4,15,15,0,0.0643489527099978,0.1993090045346577,1
u_8428,0,0,0,0,0,0,0,0,0.783,0,0,1,1,1,1,1,0,23,23,0,0.0674800259123299,0.1994169725761174,1
u_3540,0,0,0,0,0,0,0,0,1.0,0,0,0,0,0,0,1,1,18,18,0,0.0739581083999136,0.201576333405312,0
u_9050,1,1,1,1,0,1,1,1,0.941,0,1,1,0,0,0,3,4,2,2,1,0.0755776290218095,0.201576333405312,1
u_5533,0,0,0,0,0,0,0,0,0.783,0,1,0,0,0,0,1,0,1,1,1,0.0712589073634204,0.1976894839127618,0
u_322,0,0,0,0,0,0,0,0,0.727,0,1,0,0,0,0,1,0,12,12,0,0.071798747570719,0.1976894839127618,0
u_6035,0,0,0,0,0,0,0,0,0.737,0,1,0,0,0,0,1,0,7,7,0,0.0709350032390412,0.201576333405312,0
u_1469,0,0,0,0,0,0,0,0,0.727,0,1,1,0,0,0,1,0,0,0,1,0.0681278341610883,0.201576333405312,0
u_6928,1,0,1,0,0,1,0,1,0.842,0,1,1,1,0,0,3,2,1,1,1,0.0681278341610883,0.201576333405312,1
u_2480,0,0,0,0,0,0,0,0,0.842,0,1,0,0,0,0,1,0,4,4,1,0.0709350032390412,0.201576333405312,0
u_2713,0,0,0,0,0,0,0,0,0.762,0,1,1,0,0,0,1,0,7,7,0,0.071798747570719,0.1994169725761174,0
u_1342,0,0,0,0,0,0,0,0,0.8,0,1,0,0,0,0,1,0,13,13,0,0.0750377888145109,0.1976894839127618,0
u_7544,1,0,1,0,0,1,0,1,1.0,0,0,1,0,0,0,3,3,12,12,0,0.0750377888145109,0.201576333405312,1
u_3000,0,0,0,0,0,0,0,0,0.783,0,1,0,0,0,0,1,0,22,22,0,0.0681278341610883,0.1976894839127618,0
u_690,0,0,0,0,0,0,0,0,0.727,0,1,1,0,0,0,1,0,0,0,1,0.0723385877780177,0.1993090045346577,0
u_9196,1,1,2,0,0,1,0,2,0.762,0,0,1,0,0,0,4,2,4,4,1,0.0712589073634204,0.201576333405312,1
u_7131,0,0,4,0,0,0,0,4,0.75,0,1,0,0,0,0,6,1,8,8,0,0.0674800259123299,0.1993090045346577,1
u_4012,0,0,0,0,0,0,0,0,0.692,0,1,0,0,0,0,1,0,7,7,0,0.0730943640682358,0.1976894839127618,0
u_4600,0,0,0,0,0,0,0,0,0.818,0,1,1,0,0,0,1,0,3,3,1,0.0674800259123299,0.1976894839127618,0
u_5935,0,0,0,0,0,0,0,0,0.737,0,0,0,0,0,0,1,0,13,13,0,0.0739581083999136,0.1976894839127618,0
u_2376,0,0,0,0,0,0,0,0,0.875,0,0,0,0,0,0,1,1,12,12,0,0.071798747570719,0.1994169725761174,0
u_6208,0,0,0,0,0,0,0,0,0.818,0,0,0,0,1,1,1,0,15,15,0,0.0712589073634204,0.201576333405312,0
u_3374,0,0,0,0,0,0,0,0,0.8,0,1,0,0,0,0,1,0,13,13,0,0.0712589073634204,0.1993090045346577,0
u_1264,0,0,0,0,0,0,0,0,0.733,0,1,0,0,0,0,1,0,22,22,0,0.0723385877780177,0.1994169725761174,0
u_8159,1,0,1,1,0,1,1,1,1.0,0,0,1,0,0,0,3,4,6,6,0,0.0709350032390412,0.1994169725761174,1
u_8108,0,0,1,0,0,0,0,1,0.842,1,0,1,1,0,0,3,1,0,0,1,0.0755776290218095,0.1993090045346577,1
u_6846,3,0,4,0,0,3,0,4,0.889,1,0,1,0,0,0,5,3,0,0,1,0.0712589073634204,0.1976894839127618,1
u_291,0,0,0,0,0,0,0,0,0.727,0,1,0,0,0,0,1,0,18,18,0,0.0739581083999136,0.2020082055711509,0
u_5393,0,0,0,0,0,0,0,0,0.706,0,1,0,0,0,0,1,0,3,3,1,0.0681278341610883,0.2020082055711509,0
u_7393,0,0,5,3,0,0,3,5,1.0,0,1,0,0,0,0,6,3,13,13,0,0.0736342042755344,0.1993090045346577,1
u_2106,0,0,0,0,0,0,0,0,0.818,0,1,0,0,0,0,1,0,4,4,1,0.071798747570719,0.201576333405312,0
u_3143,0,0,0,0,0,0,0,0,0.833,0,0,0,0,0,0,1,0,17,17,0,0.0712589073634204,0.1994169725761174,0
u_8397,0,1,1,0,0,0,0,1,0.957,1,0,1,1,0,0,3,2,19,19,0,0.071798747570719,0.1976894839127618,1
u_3707,0,0,0,0,0,0,0,0,0.643,0,1,0,0,0,0,1,0,14,14,0,0.0739581083999136,0.1994169725761174,0
u_1407,0,0,0,0,0,0,0,0,0.706,0,1,0,0,0,0,1,0,21,21,0,0.0755776290218095,0.201576333405312,0
u_4635,0,0,0,0,0,0,0,0,0.667,0,1,1,0,0,0,1,0,14,14,0,0.0684517382854675,0.1994169725761174,0
u_6647,0,0,0,0,0,0,0,0,0.75,1,0,0,0,0,0,1,0,8,8,0,0.0750377888145109,0.1993090045346577,1
u_7161,2,0,4,1,0,2,1,4,0.947,0,1,1,1,0,0,8,4,16,16,0,0.0750377888145109,0.1993090045346577,1
u_2092,0,0,0,0,0,0,0,0,0.696,0,1,0,0,0,0,1,0,20,20,0,0.071798747570719,0.1994169725761174,0
u_1662,0,0,0,0,0,0,0,0,0.842,0,0,0,0,0,0,1,0,22,22,0,0.0730943640682358,0.201576333405312,0
u_1715,0,0,0,0,0,0,0,0,0.737,0,1,0,0,0,0,1,0,22,22,0,0.0736342042755344,0.1994169725761174,0
u_8486,3,0,3,0,0,3,0,3,0.933,0,1,1,0,0,0,4,3,5,5,1,0.0736342042755344,0.201576333405312,1
u_6200,0,0,0,0,0,0,0,0,0.75,0,1,0,0,0,0,1,0,15,15,0,0.0681278341610883,0.1993090045346577,0
u_6799,0,0,1,0,0,0,0,1,0.667,0,1,1,0,1,1,3,1,9,9,0,0.071798747570719,0.201576333405312,1
u_2941,0,0,0,0,0,0,0,0,0.762,0,0,0,0,0,0,1,0,9,9,0,0.0736342042755344,0.2020082055711509,0
u_6323,0,0,0,0,0,0,0,0,0.8,0,1,0,0,0,0,1,0,5,5,1,0.0723385877780177,0.1993090045346577,0
u_2543,0,0,0,0,0,0,0,0,0.667,0,1,0,0,0,0,1,0,11,11,0,0.0750377888145109,0.1994169725761174,0
u_5214,0,0,0,0,0,0,0,0,0.741,0,1,1,0,0,0,1,0,4,4,1,0.0674800259123299,0.1976894839127618,0
u_3798,0,0,0,0,0,0,0,0,0.778,0,0,0,0,0,0,1,0,13,13,0,0.0755776290218095,0.1994169725761174,0
u_3116,0,0,0,0,0,0,0,0,0.815,0,1,0,0,0,0,1,0,10,10,0,0.0730943640682358,0.201576333405312,0
u_8608,0,0,0,0,0,0,0,0,0.875,0,1,1,0,0,0,1,1,13,13,0,0.0736342042755344,0.2020082055711509,1
u_4455,0,0,0,0,0,0,0,0,0.769,0,1,0,0,0,0,1,0,7,7,0,0.0712589073634204,0.1994169725761174,0
u_7686,1,0,3,0,0,1,0,3,0.957,1,0,1,1,0,0,6,3,11,11,0,0.0739581083999136,0.1994169725761174,1
u_1984,0,0,0,0,0,0,0,0,0.727,0,1,0,0,0,0,1,0,2,2,1,0.0674800259123299,0.201576333405312,0
u_1520,0,0,0,0,0,0,0,0,0.667,0,0,0,0,0,0,1,0,14,14,0,0.0750377888145109,0.1993090045346577,0
u_5304,0,0,0,0,0,0,0,0,0.7,0,1,0,0,0,0,1,0,16,16,0,0.071798747570719,0.2020082055711509,0
u_6986,0,0,1,0,0,0,0,1,0.96,0,0,1,0,0,0,3,2,6,6,0,0.0681278341610883,0.2020082055711509,1
u_1544,0,0,0,0,0,0,0,0,0.75,0,1,1,0,0,0,1,0,16,16,0,0.0736342042755344,0.1994169725761174,0
u_5535,0,0,0,0,0,0,0,0,0.75,0,1,0,0,0,0,1,0,1,1,1,0.0723385877780177,0.2020082055711509,0
u_2310,0,0,0,0,0,0,0,0,0.762,0,0,0,0,0,0,1,0,20,20,0,0.071798747570719,0.2020082055711509,0
u_2316,0,0,0,0,0,0,0,0,0.824,0,0,1,0,1,1,1,0,15,15,0,0.0723385877780177,0.1994169725761174,0
u_1601,0,0,0,0,0,0,0,0,0.727,0,0,0,0,0,0,1,0,1,1,1,0.0709350032390412,0.1976894839127618,0
u_4559,0,0,0,0,0,0,0,0,0.762,0,1,1,0,0,0,1,0,8,8,0,0.0750377888145109,0.1993090045346577,0
u_4275,0,0,0,0,0,0,0,0,0.824,0,1,0,0,0,0,1,0,6,6,0,0.0723385877780177,0.1993090045346577,0
u_7291,1,0,1,0,0,1,0,1,0.7,0,1,1,0,0,0,3,2,8,8,0,0.0730943640682358,0.1994169725761174,1
u_8912,3,0,3,0,0,3,0,3,0.75,0,1,1,1,0,0,4,2,7,7,0,0.0755776290218095,0.1994169725761174,1
u_1798,0,0,0,0,0,0,0,0,1.0,0,1,0,0,1,1,1,1,5,5,1,0.0723385877780177,0.1976894839127618,0
u_6307,0,0,0,0,0,0,0,0,0.8,0,1,0,0,0,0,1,0,12,12,0,0.0739581083999136,0.1993090045346577,0
u_4985,0,0,0,0,0,0,0,0,0.706,0,1,0,0,0,0,1,0,2,2,1,0.0709350032390412,0.2020082055711509,0
u_693,0,0,0,0,0,0,0,0,0.696,0,0,0,0,0,0,1,0,7,7,0,0.0730943640682358,0.1976894839127618,0
u_8344,0,0,5,0,0,0,0,5,0.947,0,0,1,1,0,0,4,2,17,17,0,0.0739581083999136,0.1994169725761174,1
u_8468,1,0,2,2,0,1,2,2,1.0,1,0,1,0,1,1,4,4,22,22,0,0.0736342042755344,0.1994169725761174,1
u_6096,0,0,0,0,0,0,0,0,0.588,0,0,1,0,0,0,1,0,0,0,1,0.0730943640682358,0.201576333405312,0
